timestamp_utc,uptime_s,seq,t_aht_c,hr_pct,t_bmp_c,p_hpa,p_mar_hpa,lux,punto_rocio_c,indice_calor_c,clase_t,clase_hr,clase_luz,alertas
2026-10-02T14:00:00Z,0,1,19.22,51.6,19.83,1004.00,1011.06,1.7,9.01,18.54,normal,normal,bajo,OSCURO
2026-10-02T14:01:00Z,60,2,19.23,51.5,19.82,1004.04,1011.10,1.7,9.00,18.56,normal,normal,bajo,OSCURO
2026-10-02T14:02:00Z,120,3,19.24,51.6,19.81,1004.00,1011.06,1.7,9.01,18.56,normal,normal,bajo,OSCURO
2026-10-02T14:03:00Z,180,4,19.22,51.6,19.82,1004.07,1011.13,1.7,9.00,18.54,normal,normal,bajo,OSCURO
2026-10-02T14:04:00Z,240,5,19.21,51.7,19.81,1004.03,1011.09,1.7,9.04,18.54,normal,normal,bajo,OSCURO
2026-10-02T14:05:00Z,300,6,19.20,51.7,19.79,1003.97,1011.03,1.7,9.01,18.53,normal,normal,bajo,OSCURO
2026-10-02T14:06:00Z,360,7,19.21,51.7,19.79,1003.99,1011.06,1.7,9.03,18.54,normal,normal,bajo,OSCURO
2026-10-02T14:07:00Z,420,8,19.18,51.8,19.78,1003.98,1011.04,1.7,9.04,18.50,normal,normal,bajo,OSCURO
2026-10-02T14:08:00Z,480,9,19.18,51.9,19.77,1004.02,1011.08,1.7,9.04,18.50,normal,normal,bajo,OSCURO
2026-10-02T14:09:00Z,540,10,19.19,51.8,19.77,1004.02,1011.08,1.7,9.02,18.51,normal,normal,bajo,OSCURO
2026-10-02T14:10:00Z,600,11,19.18,51.8,19.76,1004.00,1011.06,1.7,9.05,18.51,normal,normal,bajo,OSCURO
2026-10-02T14:11:00Z,660,12,19.17,51.9,19.75,1003.96,1011.02,1.7,9.04,18.49,normal,normal,bajo,OSCURO
2026-10-02T14:12:00Z,720,13,19.16,51.9,19.73,1004.05,1011.12,1.7,9.05,18.49,normal,normal,bajo,OSCURO
2026-10-02T14:13:00Z,780,14,19.14,52.0,19.72,1004.02,1011.09,1.7,9.06,18.47,normal,normal,bajo,OSCURO
2026-10-02T14:14:00Z,840,15,19.12,52.1,19.73,1004.03,1011.09,1.7,9.06,18.45,normal,normal,bajo,OSCURO
2026-10-02T14:15:00Z,900,16,19.15,52.0,19.73,1004.07,1011.13,1.7,9.07,18.48,normal,normal,bajo,OSCURO
2026-10-02T14:16:00Z,960,17,19.13,52.1,19.71,1004.01,1011.07,1.7,9.08,18.46,normal,normal,bajo,OSCURO
2026-10-02T14:17:00Z,1020,18,19.09,52.2,19.69,1004.05,1011.11,1.7,9.07,18.42,normal,normal,bajo,OSCURO
2026-10-02T14:18:00Z,1080,19,19.10,52.2,19.69,1003.99,1011.06,1.7,9.08,18.43,normal,normal,bajo,OSCURO
2026-10-02T14:19:00Z,1140,20,19.10,52.3,19.68,1003.98,1011.04,1.7,9.09,18.44,normal,normal,bajo,OSCURO
2026-10-02T14:20:00Z,1200,21,19.11,52.2,19.68,1004.06,1011.12,1.7,9.07,18.43,normal,normal,bajo,OSCURO
2026-10-02T14:21:00Z,1260,22,19.08,52.3,19.68,1003.99,1011.05,1.7,9.09,18.41,normal,normal,bajo,OSCURO
2026-10-02T14:22:00Z,1320,23,19.07,52.4,19.68,1004.02,1011.08,1.7,9.10,18.40,normal,normal,bajo,OSCURO
2026-10-02T14:23:00Z,1380,24,19.06,52.5,19.65,1003.98,1011.05,1.7,9.11,18.40,normal,normal,bajo,OSCURO
2026-10-02T14:24:00Z,1440,25,19.07,52.5,19.64,1004.05,1011.12,1.7,9.12,18.40,normal,normal,bajo,OSCURO
2026-10-02T14:25:00Z,1500,26,19.06,52.4,19.64,1004.02,1011.09,1.7,9.10,18.39,normal,normal,bajo,OSCURO
2026-10-02T14:26:00Z,1560,27,19.06,52.5,19.63,1004.01,1011.07,1.7,9.11,18.39,normal,normal,bajo,OSCURO
2026-10-02T14:27:00Z,1620,28,19.05,52.5,19.62,1003.97,1011.03,1.7,9.11,18.39,normal,normal,bajo,OSCURO
2026-10-02T14:28:00Z,1680,29,19.04,52.6,19.63,1003.98,1011.05,1.7,9.12,18.37,normal,normal,bajo,OSCURO
2026-10-02T14:29:00Z,1740,30,19.03,52.6,19.62,1003.99,1011.06,1.7,9.13,18.36,normal,normal,bajo,OSCURO
2026-10-02T14:30:00Z,1800,31,19.01,52.8,19.60,1004.02,1011.08,1.7,9.14,18.34,normal,normal,bajo,OSCURO
2026-10-02T14:31:00Z,1860,32,19.05,52.6,19.60,1004.04,1011.11,1.7,9.14,18.39,normal,normal,bajo,OSCURO
2026-10-02T14:32:00Z,1920,33,19.01,52.7,19.60,1004.04,1011.11,1.7,9.14,18.35,normal,normal,bajo,OSCURO
2026-10-02T14:33:00Z,1980,34,19.00,52.8,19.60,1004.04,1011.11,1.7,9.15,18.33,normal,normal,bajo,OSCURO
2026-10-02T14:34:00Z,2040,35,19.01,52.8,19.58,1003.99,1011.05,1.7,9.15,18.34,normal,normal,bajo,OSCURO
2026-10-02T14:35:00Z,2100,36,18.99,52.9,19.57,1004.02,1011.09,1.7,9.16,18.32,normal,normal,bajo,OSCURO
2026-10-02T14:36:00Z,2160,37,18.97,52.9,19.58,1004.04,1011.11,1.7,9.15,18.31,normal,normal,bajo,OSCURO
2026-10-02T14:37:00Z,2220,38,18.97,52.9,19.56,1004.04,1011.10,1.7,9.16,18.31,normal,normal,bajo,OSCURO
2026-10-02T14:38:00Z,2280,39,18.98,52.9,19.55,1003.99,1011.06,1.7,9.16,18.31,normal,normal,bajo,OSCURO
2026-10-02T14:39:00Z,2340,40,18.94,53.0,19.55,1004.02,1011.09,1.7,9.16,18.28,normal,normal,bajo,OSCURO
2026-10-02T14:40:00Z,2400,41,18.96,53.1,19.54,1003.98,1011.05,1.7,9.18,18.29,normal,normal,bajo,OSCURO
2026-10-02T14:41:00Z,2460,42,18.94,53.2,19.54,1004.03,1011.10,1.7,9.20,18.28,normal,normal,bajo,OSCURO
2026-10-02T14:42:00Z,2520,43,18.94,53.2,19.53,1004.02,1011.09,1.7,9.19,18.28,normal,normal,bajo,OSCURO
2026-10-02T14:43:00Z,2580,44,18.94,53.1,19.53,1004.02,1011.09,1.7,9.18,18.28,normal,normal,bajo,OSCURO
2026-10-02T14:44:00Z,2640,45,18.96,53.0,19.52,1004.00,1011.07,1.7,9.17,18.30,normal,normal,bajo,OSCURO
2026-10-02T14:45:00Z,2700,46,18.92,53.2,19.52,1004.06,1011.12,1.7,9.19,18.26,normal,normal,bajo,OSCURO
2026-10-02T14:46:00Z,2760,47,18.91,53.3,19.51,1003.99,1011.05,1.7,9.20,18.25,normal,normal,bajo,OSCURO
2026-10-02T14:47:00Z,2820,48,18.91,53.3,19.50,1004.03,1011.09,1.7,9.21,18.25,normal,normal,bajo,OSCURO
2026-10-02T14:48:00Z,2880,49,18.92,53.3,19.50,1003.97,1011.04,1.7,9.21,18.26,normal,normal,bajo,OSCURO
2026-10-02T14:49:00Z,2940,50,18.91,53.4,19.49,1004.01,1011.08,1.7,9.22,18.25,normal,normal,bajo,OSCURO
2026-10-02T14:50:00Z,3000,51,18.90,53.4,19.47,1004.03,1011.10,1.7,9.21,18.23,normal,normal,bajo,OSCURO
2026-10-02T14:51:00Z,3060,52,18.90,53.4,19.48,1003.97,1011.04,1.7,9.22,18.24,normal,normal,bajo,OSCURO
2026-10-02T14:52:00Z,3120,53,18.89,53.4,19.47,1004.01,1011.08,1.7,9.21,18.23,normal,normal,bajo,OSCURO
2026-10-02T14:53:00Z,3180,54,18.88,53.5,19.47,1004.01,1011.08,1.7,9.22,18.22,normal,normal,bajo,OSCURO
2026-10-02T14:54:00Z,3240,55,18.88,53.5,19.46,1003.96,1011.03,1.7,9.24,18.22,normal,normal,bajo,OSCURO
2026-10-02T14:55:00Z,3300,56,18.87,53.6,19.45,1004.00,1011.07,1.7,9.25,18.21,normal,normal,bajo,OSCURO
2026-10-02T14:56:00Z,3360,57,18.87,53.5,19.45,1004.00,1011.07,1.7,9.24,18.22,normal,normal,bajo,OSCURO
2026-10-02T14:57:00Z,3420,58,18.86,53.6,19.44,1004.01,1011.08,1.7,9.25,18.20,normal,normal,bajo,OSCURO
2026-10-02T14:58:00Z,3480,59,18.85,53.7,19.43,1004.03,1011.10,1.7,9.25,18.19,normal,normal,bajo,OSCURO
2026-10-02T14:59:00Z,3540,60,18.83,53.7,19.43,1003.97,1011.04,1.7,9.24,18.17,normal,normal,bajo,OSCURO
2026-10-02T15:00:00Z,3600,61,18.82,53.8,19.43,1003.97,1011.04,1.7,9.26,18.16,normal,normal,bajo,OSCURO
2026-10-02T15:01:00Z,3660,62,18.83,53.8,19.43,1003.97,1011.04,1.7,9.26,18.17,normal,normal,bajo,OSCURO
2026-10-02T15:02:00Z,3720,63,18.84,53.8,19.40,1004.04,1011.11,1.7,9.27,18.18,normal,normal,bajo,OSCURO
2026-10-02T15:03:00Z,3780,64,18.85,53.7,19.41,1004.00,1011.07,1.7,9.26,18.19,normal,normal,bajo,OSCURO
2026-10-02T15:04:00Z,3840,65,18.81,53.8,19.41,1003.97,1011.04,1.7,9.26,18.15,normal,normal,bajo,OSCURO
2026-10-02T15:05:00Z,3900,66,18.82,53.9,19.40,1003.98,1011.05,1.7,9.28,18.17,normal,normal,bajo,OSCURO
2026-10-02T15:06:00Z,3960,67,18.81,53.9,19.39,1003.99,1011.06,1.7,9.29,18.15,normal,normal,bajo,OSCURO
2026-10-02T15:07:00Z,4020,68,18.82,54.0,19.39,1003.99,1011.06,1.7,9.30,18.16,normal,normal,bajo,OSCURO
2026-10-02T15:08:00Z,4080,69,18.80,54.0,19.37,1003.96,1011.03,1.7,9.31,18.15,normal,normal,bajo,OSCURO
2026-10-02T15:09:00Z,4140,70,18.79,54.0,19.38,1004.00,1011.07,1.7,9.28,18.13,normal,normal,bajo,OSCURO
2026-10-02T15:10:00Z,4200,71,18.80,54.1,19.38,1004.00,1011.07,1.7,9.32,18.15,normal,normal,bajo,OSCURO
2026-10-02T15:11:00Z,4260,72,18.79,54.0,19.37,1004.04,1011.11,1.7,9.29,18.14,normal,normal,bajo,OSCURO
2026-10-02T15:12:00Z,4320,73,18.78,54.1,19.36,1004.00,1011.07,1.7,9.31,18.12,normal,normal,bajo,OSCURO
2026-10-02T15:13:00Z,4380,74,18.79,54.2,19.36,1004.03,1011.10,1.7,9.33,18.14,normal,normal,bajo,OSCURO
2026-10-02T15:14:00Z,4440,75,18.77,54.2,19.36,1004.00,1011.07,1.7,9.32,18.12,normal,normal,bajo,OSCURO
2026-10-02T15:15:00Z,4500,76,18.77,54.2,19.35,1004.01,1011.08,1.7,9.33,18.12,normal,normal,bajo,OSCURO
2026-10-02T15:16:00Z,4560,77,18.75,54.2,19.35,1004.04,1011.11,1.7,9.32,18.10,normal,normal,bajo,OSCURO
2026-10-02T15:17:00Z,4620,78,18.75,54.3,19.34,1004.00,1011.07,1.7,9.33,18.10,normal,normal,bajo,OSCURO
2026-10-02T15:18:00Z,4680,79,18.73,54.4,19.34,1004.02,1011.10,1.7,9.33,18.08,normal,normal,bajo,OSCURO
2026-10-02T15:19:00Z,4740,80,18.73,54.4,19.33,1004.01,1011.08,1.7,9.34,18.08,normal,normal,bajo,OSCURO
2026-10-02T15:20:00Z,4800,81,18.73,54.4,19.33,1003.95,1011.03,1.7,9.34,18.08,normal,normal,bajo,OSCURO
2026-10-02T15:21:00Z,4860,82,18.74,54.4,19.31,1003.95,1011.02,1.7,9.34,18.09,normal,normal,bajo,OSCURO
2026-10-02T15:22:00Z,4920,83,18.74,54.4,19.32,1003.99,1011.07,1.7,9.35,18.09,normal,normal,bajo,OSCURO
2026-10-02T15:23:00Z,4980,84,18.72,54.5,19.31,1003.95,1011.02,1.7,9.35,18.07,normal,normal,bajo,OSCURO
2026-10-02T15:24:00Z,5040,85,18.69,54.7,19.31,1004.00,1011.08,1.7,9.37,18.04,normal,normal,bajo,OSCURO
2026-10-02T15:25:00Z,5100,86,18.71,54.5,19.31,1004.00,1011.08,1.7,9.35,18.06,normal,normal,bajo,OSCURO
2026-10-02T15:26:00Z,5160,87,18.72,54.5,19.30,1003.99,1011.06,1.7,9.37,18.08,normal,normal,bajo,OSCURO
2026-10-02T15:27:00Z,5220,88,18.73,54.6,19.30,1004.02,1011.09,1.7,9.38,18.08,normal,normal,bajo,OSCURO
2026-10-02T15:28:00Z,5280,89,18.68,54.7,19.30,1004.07,1011.15,1.7,9.37,18.03,normal,normal,bajo,OSCURO
2026-10-02T15:29:00Z,5340,90,18.68,54.6,19.29,1004.00,1011.07,1.7,9.36,18.03,normal,normal,bajo,OSCURO
2026-10-02T15:30:00Z,5400,91,18.69,54.7,19.28,1003.99,1011.06,1.7,9.38,18.04,normal,normal,bajo,OSCURO
2026-10-02T15:31:00Z,5460,92,18.68,54.7,19.28,1004.04,1011.11,1.7,9.38,18.03,normal,normal,bajo,OSCURO
2026-10-02T15:32:00Z,5520,93,18.69,54.7,19.27,1004.00,1011.07,1.7,9.40,18.05,normal,normal,bajo,OSCURO
2026-10-02T15:33:00Z,5580,94,18.66,54.8,19.26,1004.04,1011.11,1.7,9.40,18.02,normal,normal,bajo,OSCURO
2026-10-02T15:34:00Z,5640,95,18.68,54.8,19.27,1004.02,1011.10,1.7,9.39,18.03,normal,normal,bajo,OSCURO
2026-10-02T15:35:00Z,5700,96,18.68,54.8,19.25,1003.97,1011.04,1.7,9.40,18.03,normal,normal,bajo,OSCURO
2026-10-02T15:36:00Z,5760,97,18.67,54.8,19.26,1004.01,1011.08,1.7,9.39,18.03,normal,normal,bajo,OSCURO
2026-10-02T15:37:00Z,5820,98,18.67,54.9,19.26,1003.98,1011.06,1.7,9.41,18.02,normal,normal,bajo,OSCURO
2026-10-02T15:38:00Z,5880,99,18.67,54.9,19.25,1004.05,1011.12,1.7,9.42,18.02,normal,normal,bajo,OSCURO
2026-10-02T15:39:00Z,5940,100,18.65,55.0,19.24,1004.03,1011.11,1.7,9.42,18.01,normal,normal,bajo,OSCURO
2026-10-02T15:40:00Z,6000,101,18.65,55.0,19.24,1004.03,1011.11,1.7,9.42,18.01,normal,normal,bajo,OSCURO
2026-10-02T15:41:00Z,6060,102,18.67,54.9,19.23,1004.02,1011.09,1.7,9.43,18.03,normal,normal,bajo,OSCURO
2026-10-02T15:42:00Z,6120,103,18.66,55.0,19.24,1004.06,1011.14,1.7,9.42,18.01,normal,normal,bajo,OSCURO
2026-10-02T15:43:00Z,6180,104,18.65,55.0,19.23,1004.04,1011.12,1.7,9.44,18.01,normal,normal,bajo,OSCURO
2026-10-02T15:44:00Z,6240,105,18.63,55.1,19.23,1003.99,1011.07,1.7,9.44,17.99,normal,normal,bajo,OSCURO
2026-10-02T15:45:00Z,6300,106,18.64,55.1,19.22,1003.97,1011.05,1.7,9.44,18.00,normal,normal,bajo,OSCURO
2026-10-02T15:46:00Z,6360,107,18.63,55.1,19.23,1003.96,1011.04,1.7,9.44,17.99,normal,normal,bajo,OSCURO
2026-10-02T15:47:00Z,6420,108,18.63,55.2,19.23,1003.96,1011.04,1.7,9.45,17.98,normal,normal,bajo,OSCURO
2026-10-02T15:48:00Z,6480,109,18.64,55.2,19.22,1003.95,1011.02,1.7,9.46,18.00,normal,normal,bajo,OSCURO
2026-10-02T15:49:00Z,6540,110,18.61,55.2,19.20,1003.94,1011.02,1.7,9.45,17.97,normal,normal,bajo,OSCURO
2026-10-02T15:50:00Z,6600,111,18.62,55.2,19.20,1004.05,1011.13,1.7,9.45,17.97,normal,normal,bajo,OSCURO
2026-10-02T15:51:00Z,6660,112,18.62,55.3,19.20,1004.03,1011.10,1.7,9.48,17.98,normal,normal,bajo,OSCURO
2026-10-02T15:52:00Z,6720,113,18.62,55.2,19.19,1004.06,1011.14,1.7,9.46,17.98,normal,normal,bajo,OSCURO
2026-10-02T15:53:00Z,6780,114,18.60,55.3,19.19,1004.04,1011.11,1.7,9.48,17.96,normal,normal,bajo,OSCURO
2026-10-02T15:54:00Z,6840,115,18.59,55.4,19.20,1004.03,1011.10,1.7,9.49,17.95,normal,normal,bajo,OSCURO
2026-10-02T15:55:00Z,6900,116,18.60,55.4,19.19,1004.01,1011.09,1.7,9.48,17.96,normal,normal,bajo,OSCURO
2026-10-02T15:56:00Z,6960,117,18.61,55.3,19.20,1003.97,1011.05,1.7,9.48,17.97,normal,normal,bajo,OSCURO
2026-10-02T15:57:00Z,7020,118,18.60,55.3,19.19,1004.04,1011.11,1.7,9.48,17.96,normal,normal,bajo,OSCURO
2026-10-02T15:58:00Z,7080,119,18.60,55.4,19.18,1003.99,1011.07,1.7,9.48,17.96,normal,normal,bajo,OSCURO
2026-10-02T15:59:00Z,7140,120,18.58,55.5,19.18,1003.97,1011.04,1.7,9.49,17.94,normal,normal,bajo,OSCURO
2026-10-02T16:00:00Z,7200,121,18.60,55.4,19.17,1004.06,1011.14,1.7,9.49,17.96,normal,normal,bajo,OSCURO
2026-10-02T16:01:00Z,7260,122,18.58,55.5,19.17,1003.98,1011.05,1.7,9.51,17.94,normal,normal,bajo,OSCURO
2026-10-02T16:02:00Z,7320,123,18.58,55.5,19.17,1004.06,1011.14,1.7,9.51,17.95,normal,normal,bajo,OSCURO
2026-10-02T16:03:00Z,7380,124,18.58,55.5,19.18,1003.97,1011.04,1.7,9.51,17.94,normal,normal,bajo,OSCURO
2026-10-02T16:04:00Z,7440,125,18.60,55.5,19.16,1003.99,1011.07,1.7,9.51,17.96,normal,normal,bajo,OSCURO
2026-10-02T16:05:00Z,7500,126,18.56,55.6,19.16,1003.99,1011.07,1.7,9.52,17.93,normal,normal,bajo,OSCURO
2026-10-02T16:06:00Z,7560,127,18.56,55.6,19.15,1004.00,1011.08,1.7,9.51,17.93,normal,normal,bajo,OSCURO
2026-10-02T16:07:00Z,7620,128,18.57,55.6,19.16,1004.02,1011.09,1.7,9.53,17.93,normal,normal,bajo,OSCURO
2026-10-02T16:08:00Z,7680,129,18.58,55.6,19.16,1004.02,1011.09,1.7,9.53,17.95,normal,normal,bajo,OSCURO
2026-10-02T16:09:00Z,7740,130,18.57,55.7,19.15,1004.00,1011.08,1.7,9.55,17.94,normal,normal,bajo,OSCURO
2026-10-02T16:10:00Z,7800,131,18.55,55.8,19.15,1004.00,1011.08,1.7,9.55,17.92,normal,normal,bajo,OSCURO
2026-10-02T16:11:00Z,7860,132,18.57,55.7,19.15,1004.06,1011.13,1.7,9.54,17.93,normal,normal,bajo,OSCURO
2026-10-02T16:12:00Z,7920,133,18.55,55.7,19.15,1003.98,1011.05,1.7,9.52,17.91,normal,normal,bajo,OSCURO
2026-10-02T16:13:00Z,7980,134,18.56,55.8,19.14,1004.04,1011.12,1.7,9.55,17.93,normal,normal,bajo,OSCURO
2026-10-02T16:14:00Z,8040,135,18.55,55.7,19.14,1003.99,1011.06,1.7,9.54,17.92,normal,normal,bajo,OSCURO
2026-10-02T16:15:00Z,8100,136,18.55,55.8,19.14,1004.04,1011.12,1.7,9.56,17.92,normal,normal,bajo,OSCURO
2026-10-02T16:16:00Z,8160,137,18.56,55.8,19.13,1003.97,1011.05,1.7,9.56,17.92,normal,normal,bajo,OSCURO
2026-10-02T16:17:00Z,8220,138,18.55,55.8,19.13,1003.94,1011.02,1.7,9.56,17.92,normal,normal,bajo,OSCURO
2026-10-02T16:18:00Z,8280,139,18.55,55.9,19.13,1004.03,1011.10,1.7,9.57,17.92,normal,normal,bajo,OSCURO
2026-10-02T16:19:00Z,8340,140,18.55,55.9,19.13,1004.03,1011.10,1.7,9.57,17.92,normal,normal,bajo,OSCURO
2026-10-02T16:20:00Z,8400,141,18.54,55.9,19.13,1004.03,1011.10,1.7,9.58,17.92,normal,normal,bajo,OSCURO
2026-10-02T16:21:00Z,8460,142,18.53,55.9,19.12,1003.98,1011.06,1.7,9.57,17.90,normal,normal,bajo,OSCURO
2026-10-02T16:22:00Z,8520,143,18.54,55.9,19.13,1004.03,1011.10,1.7,9.58,17.91,normal,normal,bajo,OSCURO
2026-10-02T16:23:00Z,8580,144,18.55,55.9,19.12,1004.04,1011.12,1.7,9.59,17.92,normal,normal,bajo,OSCURO
2026-10-02T16:24:00Z,8640,145,18.54,56.0,19.12,1004.01,1011.09,1.7,9.58,17.91,normal,normal,bajo,OSCURO
2026-10-02T16:25:00Z,8700,146,18.53,56.0,19.12,1004.04,1011.12,1.7,9.59,17.90,normal,normal,bajo,OSCURO
2026-10-02T16:26:00Z,8760,147,18.54,56.0,19.12,1003.96,1011.03,1.7,9.59,17.91,normal,normal,bajo,OSCURO
2026-10-02T16:27:00Z,8820,148,18.52,56.0,19.11,1003.94,1011.02,1.7,9.58,17.89,normal,normal,bajo,OSCURO
2026-10-02T16:28:00Z,8880,149,18.52,56.1,19.12,1003.93,1011.01,1.7,9.60,17.89,normal,normal,bajo,OSCURO
2026-10-02T16:29:00Z,8940,150,18.54,56.1,19.11,1004.05,1011.13,1.7,9.62,17.92,normal,normal,bajo,OSCURO
2026-10-02T16:30:00Z,9000,151,18.53,56.1,19.11,1004.08,1011.16,1.7,9.61,17.90,normal,normal,bajo,OSCURO
2026-10-02T16:31:00Z,9060,152,18.51,56.2,19.11,1004.00,1011.07,1.7,9.61,17.89,normal,normal,bajo,OSCURO
2026-10-02T16:32:00Z,9120,153,18.53,56.1,19.10,1004.03,1011.11,1.7,9.61,17.90,normal,normal,bajo,OSCURO
2026-10-02T16:33:00Z,9180,154,18.53,56.1,19.11,1004.02,1011.10,1.7,9.61,17.90,normal,normal,bajo,OSCURO
2026-10-02T16:34:00Z,9240,155,18.52,56.1,19.12,1003.93,1011.01,1.7,9.61,17.89,normal,normal,bajo,OSCURO
2026-10-02T16:35:00Z,9300,156,18.53,56.2,19.10,1004.06,1011.14,1.7,9.63,17.90,normal,normal,bajo,OSCURO
2026-10-02T16:36:00Z,9360,157,18.52,56.1,19.10,1004.06,1011.14,1.7,9.61,17.89,normal,normal,bajo,OSCURO
2026-10-02T16:37:00Z,9420,158,18.52,56.2,19.11,1004.02,1011.10,1.7,9.64,17.90,normal,normal,bajo,OSCURO
2026-10-02T16:38:00Z,9480,159,18.51,56.2,19.10,1004.01,1011.09,1.7,9.64,17.89,normal,normal,bajo,OSCURO
2026-10-02T16:39:00Z,9540,160,18.52,56.2,19.10,1004.03,1011.11,1.7,9.64,17.89,normal,normal,bajo,OSCURO
2026-10-02T16:40:00Z,9600,161,18.51,56.3,19.10,1004.03,1011.11,1.7,9.66,17.89,normal,normal,bajo,OSCURO
2026-10-02T16:41:00Z,9660,162,18.52,56.3,19.10,1004.03,1011.11,1.7,9.64,17.89,normal,normal,bajo,OSCURO
2026-10-02T16:42:00Z,9720,163,18.49,56.4,19.10,1004.03,1011.11,1.7,9.65,17.87,normal,normal,bajo,OSCURO
2026-10-02T16:43:00Z,9780,164,18.49,56.4,19.10,1004.06,1011.14,1.7,9.65,17.87,normal,normal,bajo,OSCURO
2026-10-02T16:44:00Z,9840,165,18.52,56.4,19.10,1003.95,1011.03,1.7,9.67,17.90,normal,normal,bajo,OSCURO
2026-10-02T16:45:00Z,9900,166,18.52,56.3,19.10,1003.95,1011.03,1.7,9.65,17.90,normal,normal,bajo,OSCURO
2026-10-02T16:46:00Z,9960,167,18.51,56.4,19.09,1004.02,1011.10,1.7,9.67,17.89,normal,normal,bajo,OSCURO
2026-10-02T16:47:00Z,10020,168,18.52,56.4,19.09,1004.02,1011.10,1.7,9.67,17.90,normal,normal,bajo,OSCURO
2026-10-02T16:48:00Z,10080,169,18.51,56.3,19.09,1003.99,1011.07,1.7,9.66,17.89,normal,normal,bajo,OSCURO
2026-10-02T16:49:00Z,10140,170,18.50,56.5,19.10,1004.01,1011.09,1.7,9.68,17.88,normal,normal,bajo,OSCURO
2026-10-02T16:50:00Z,10200,171,18.52,56.4,19.09,1004.01,1011.09,1.7,9.67,17.90,normal,normal,bajo,OSCURO
2026-10-02T16:51:00Z,10260,172,18.50,56.5,19.09,1004.05,1011.12,1.7,9.68,17.88,normal,normal,bajo,OSCURO
2026-10-02T16:52:00Z,10320,173,18.51,56.5,19.10,1003.98,1011.06,1.7,9.69,17.89,normal,normal,bajo,OSCURO
2026-10-02T16:53:00Z,10380,174,18.53,56.4,19.09,1004.02,1011.10,1.7,9.68,17.91,normal,normal,bajo,OSCURO
2026-10-02T16:54:00Z,10440,175,18.51,56.4,19.09,1004.05,1011.12,1.7,9.68,17.89,normal,normal,bajo,OSCURO
2026-10-02T16:55:00Z,10500,176,18.51,56.5,19.09,1004.05,1011.12,1.7,9.69,17.89,normal,normal,bajo,OSCURO
2026-10-02T16:56:00Z,10560,177,18.49,56.6,19.10,1003.95,1011.03,1.7,9.70,17.87,normal,normal,bajo,OSCURO
2026-10-02T16:57:00Z,10620,178,18.50,56.5,19.09,1003.99,1011.07,1.7,9.70,17.89,normal,normal,bajo,OSCURO
2026-10-02T16:58:00Z,10680,179,18.51,56.5,19.09,1004.02,1011.10,1.7,9.70,17.89,normal,normal,bajo,OSCURO
2026-10-02T16:59:00Z,10740,180,18.52,56.5,19.09,1003.99,1011.07,1.7,9.70,17.90,normal,normal,bajo,OSCURO
2026-10-02T17:00:00Z,10800,181,18.50,56.5,19.10,1004.03,1011.11,1.7,9.71,17.89,normal,normal,bajo,OSCURO
2026-10-02T17:01:00Z,10860,182,18.51,56.5,19.10,1004.01,1011.09,1.7,9.72,17.90,normal,normal,bajo,OSCURO
2026-10-02T17:02:00Z,10920,183,18.50,56.6,19.10,1004.06,1011.14,1.7,9.72,17.89,normal,normal,bajo,OSCURO
2026-10-02T17:03:00Z,10980,184,18.51,56.6,19.09,1003.96,1011.04,1.7,9.72,17.89,normal,normal,bajo,OSCURO
2026-10-02T17:04:00Z,11040,185,18.49,56.6,19.09,1003.99,1011.07,1.7,9.72,17.88,normal,normal,bajo,OSCURO
2026-10-02T17:05:00Z,11100,186,18.49,56.6,19.09,1003.99,1011.07,1.7,9.71,17.88,normal,normal,bajo,OSCURO
2026-10-02T17:06:00Z,11160,187,18.49,56.7,19.09,1004.05,1011.12,1.7,9.73,17.88,normal,normal,bajo,OSCURO
2026-10-02T17:07:00Z,11220,188,18.49,56.7,19.09,1004.05,1011.13,1.7,9.73,17.87,normal,normal,bajo,OSCURO
2026-10-02T17:08:00Z,11280,189,18.52,56.5,19.09,1003.96,1011.04,1.7,9.71,17.90,normal,normal,bajo,OSCURO
2026-10-02T17:09:00Z,11340,190,18.51,56.6,19.09,1003.99,1011.07,1.7,9.73,17.89,normal,normal,bajo,OSCURO
2026-10-02T17:10:00Z,11400,191,18.49,56.7,19.09,1003.99,1011.07,1.7,9.74,17.88,normal,normal,bajo,OSCURO
2026-10-02T17:11:00Z,11460,192,18.49,56.8,19.09,1004.05,1011.13,1.7,9.76,17.87,normal,normal,bajo,OSCURO
2026-10-02T17:12:00Z,11520,193,18.51,56.7,19.09,1003.99,1011.07,1.7,9.75,17.89,normal,normal,bajo,OSCURO
2026-10-02T17:13:00Z,11580,194,18.52,56.7,19.10,1004.03,1011.11,1.7,9.75,17.90,normal,normal,bajo,OSCURO
2026-10-02T17:14:00Z,11640,195,18.50,56.7,19.09,1004.02,1011.10,1.7,9.75,17.89,normal,normal,bajo,OSCURO
2026-10-02T17:15:00Z,11700,196,18.52,56.7,19.09,1004.02,1011.10,1.7,9.76,17.90,normal,normal,bajo,OSCURO
2026-10-02T17:16:00Z,11760,197,18.49,56.7,19.09,1003.99,1011.07,1.7,9.74,17.88,normal,normal,bajo,OSCURO
2026-10-02T17:17:00Z,11820,198,18.49,56.8,19.09,1003.99,1011.07,1.7,9.75,17.88,normal,normal,bajo,OSCURO
2026-10-02T17:18:00Z,11880,199,18.50,56.7,19.10,1004.01,1011.09,1.7,9.76,17.89,normal,normal,bajo,OSCURO
2026-10-02T17:19:00Z,11940,200,18.49,56.8,19.10,1004.01,1011.09,1.7,9.76,17.87,normal,normal,bajo,OSCURO
2026-10-02T17:20:00Z,12000,201,18.53,56.6,19.10,1004.06,1011.14,1.7,9.76,17.92,normal,normal,bajo,OSCURO
2026-10-02T17:21:00Z,12060,202,18.49,56.8,19.11,1004.05,1011.13,1.7,9.77,17.88,normal,normal,bajo,OSCURO
2026-10-02T17:22:00Z,12120,203,18.51,56.8,19.10,1004.01,1011.09,1.7,9.77,17.90,normal,normal,bajo,OSCURO
2026-10-02T17:23:00Z,12180,204,18.52,56.7,19.11,1004.02,1011.10,1.7,9.77,17.91,normal,normal,bajo,OSCURO
2026-10-02T17:24:00Z,12240,205,18.51,56.8,19.11,1003.97,1011.05,1.7,9.77,17.90,normal,normal,bajo,OSCURO
2026-10-02T17:25:00Z,12300,206,18.53,56.7,19.11,1004.00,1011.07,1.7,9.78,17.92,normal,normal,bajo,OSCURO
2026-10-02T17:26:00Z,12360,207,18.53,56.7,19.11,1004.00,1011.07,1.7,9.78,17.92,normal,normal,bajo,OSCURO
2026-10-02T17:27:00Z,12420,208,18.52,56.8,19.11,1004.02,1011.10,1.7,9.79,17.91,normal,normal,bajo,OSCURO
2026-10-02T17:28:00Z,12480,209,18.53,56.8,19.11,1004.00,1011.07,1.7,9.80,17.92,normal,normal,bajo,OSCURO
2026-10-02T17:29:00Z,12540,210,18.54,56.7,19.11,1004.02,1011.10,1.7,9.79,17.94,normal,normal,bajo,OSCURO
2026-10-02T17:30:00Z,12600,211,18.53,56.8,19.12,1003.98,1011.06,1.7,9.80,17.92,normal,normal,bajo,OSCURO
2026-10-02T17:31:00Z,12660,212,18.53,56.8,19.11,1004.02,1011.10,1.7,9.81,17.92,normal,normal,bajo,OSCURO
2026-10-02T17:32:00Z,12720,213,18.55,56.7,19.11,1004.00,1011.07,1.7,9.78,17.94,normal,normal,bajo,OSCURO
2026-10-02T17:33:00Z,12780,214,18.55,56.7,19.12,1003.98,1011.06,1.7,9.79,17.94,normal,normal,bajo,OSCURO
2026-10-02T17:34:00Z,12840,215,18.55,56.8,19.12,1003.96,1011.03,1.7,9.81,17.94,normal,normal,bajo,OSCURO
2026-10-02T17:35:00Z,12900,216,18.55,56.8,19.12,1004.01,1011.09,1.7,9.80,17.94,normal,normal,bajo,OSCURO
2026-10-02T17:36:00Z,12960,217,18.54,56.9,19.12,1004.04,1011.12,1.7,9.82,17.93,normal,normal,bajo,OSCURO
2026-10-02T17:37:00Z,13020,218,18.53,56.9,19.12,1004.04,1011.12,1.7,9.82,17.92,normal,normal,bajo,OSCURO
2026-10-02T17:38:00Z,13080,219,18.54,56.8,19.12,1004.07,1011.14,1.7,9.81,17.93,normal,normal,bajo,OSCURO
2026-10-02T17:39:00Z,13140,220,18.53,56.9,19.12,1003.98,1011.06,1.7,9.81,17.92,normal,normal,bajo,OSCURO
2026-10-02T17:40:00Z,13200,221,18.55,56.8,19.13,1004.00,1011.08,1.7,9.82,17.95,normal,normal,bajo,OSCURO
2026-10-02T17:41:00Z,13260,222,18.56,56.7,19.13,1004.03,1011.10,1.7,9.81,17.95,normal,normal,bajo,OSCURO
2026-10-02T17:42:00Z,13320,223,18.54,56.9,19.13,1003.97,1011.05,1.7,9.83,17.94,normal,normal,bajo,OSCURO
2026-10-02T17:43:00Z,13380,224,18.54,56.9,19.13,1003.97,1011.05,1.7,9.83,17.94,normal,normal,bajo,OSCURO
2026-10-02T17:44:00Z,13440,225,18.54,56.9,19.13,1004.00,1011.08,1.7,9.83,17.93,normal,normal,bajo,OSCURO
2026-10-02T17:45:00Z,13500,226,18.57,56.8,19.13,1003.97,1011.05,1.7,9.82,17.97,normal,normal,bajo,OSCURO
2026-10-02T17:46:00Z,13560,227,18.56,56.8,19.14,1003.99,1011.06,1.7,9.83,17.95,normal,normal,bajo,OSCURO
2026-10-02T17:47:00Z,13620,228,18.56,56.9,19.14,1003.99,1011.06,1.7,9.84,17.95,normal,normal,bajo,OSCURO
2026-10-02T17:48:00Z,13680,229,18.58,56.7,19.14,1004.04,1011.12,1.7,9.83,17.97,normal,normal,bajo,OSCURO
2026-10-02T17:49:00Z,13740,230,18.55,56.9,19.15,1004.03,1011.11,1.7,9.84,17.95,normal,normal,bajo,OSCURO
2026-10-02T17:50:00Z,13800,231,18.58,56.8,19.16,1003.99,1011.07,1.7,9.84,17.98,normal,normal,bajo,OSCURO
2026-10-02T17:51:00Z,13860,232,18.57,56.9,19.14,1004.01,1011.09,1.7,9.85,17.97,normal,normal,bajo,OSCURO
2026-10-02T17:52:00Z,13920,233,18.58,56.8,19.16,1004.05,1011.12,1.7,9.86,17.98,normal,normal,bajo,OSCURO
2026-10-02T17:53:00Z,13980,234,18.57,56.8,19.16,1004.02,1011.09,1.7,9.85,17.97,normal,normal,bajo,OSCURO
2026-10-02T17:54:00Z,14040,235,18.57,56.9,19.15,1004.06,1011.13,1.7,9.86,17.97,normal,normal,bajo,OSCURO
2026-10-02T17:55:00Z,14100,236,18.57,56.9,19.16,1004.05,1011.12,1.7,9.86,17.97,normal,normal,bajo,OSCURO
2026-10-02T17:56:00Z,14160,237,18.58,56.8,19.16,1004.02,1011.09,1.7,9.86,17.98,normal,normal,bajo,OSCURO
2026-10-02T17:57:00Z,14220,238,18.59,56.8,19.17,1004.03,1011.11,1.7,9.86,17.99,normal,normal,bajo,OSCURO
2026-10-02T17:58:00Z,14280,239,18.58,56.8,19.17,1003.98,1011.05,1.7,9.86,17.98,normal,normal,bajo,OSCURO
2026-10-02T17:59:00Z,14340,240,18.59,56.8,19.17,1004.03,1011.11,1.7,9.86,17.99,normal,normal,bajo,OSCURO
2026-10-02T18:00:00Z,14400,241,18.59,56.9,19.18,1004.05,1011.13,1.7,9.87,17.99,normal,normal,bajo,OSCURO
2026-10-02T18:01:00Z,14460,242,18.59,56.9,19.18,1004.02,1011.10,1.7,9.88,17.99,normal,normal,bajo,OSCURO
2026-10-02T18:02:00Z,14520,243,18.60,56.8,19.18,1003.99,1011.07,1.7,9.86,18.00,normal,normal,bajo,OSCURO
2026-10-02T18:03:00Z,14580,244,18.61,56.7,19.19,1004.04,1011.11,1.7,9.85,18.01,normal,normal,bajo,OSCURO
2026-10-02T18:04:00Z,14640,245,18.60,56.9,19.19,1003.98,1011.06,1.7,9.89,18.00,normal,normal,bajo,OSCURO
2026-10-02T18:05:00Z,14700,246,18.60,56.9,19.19,1004.01,1011.09,1.7,9.88,18.00,normal,normal,bajo,OSCURO
2026-10-02T18:06:00Z,14760,247,18.61,56.8,19.19,1004.01,1011.09,1.7,9.88,18.01,normal,normal,bajo,OSCURO
2026-10-02T18:07:00Z,14820,248,18.61,56.8,19.19,1003.98,1011.06,1.7,9.87,18.01,normal,normal,bajo,OSCURO
2026-10-02T18:08:00Z,14880,249,18.61,56.9,19.20,1003.97,1011.05,1.7,9.89,18.02,normal,normal,bajo,OSCURO
2026-10-02T18:09:00Z,14940,250,18.63,56.8,19.20,1003.94,1011.02,1.7,9.88,18.03,normal,normal,bajo,OSCURO
2026-10-02T18:10:00Z,15000,251,18.61,56.9,19.20,1003.97,1011.05,1.7,9.88,18.01,normal,normal,bajo,OSCURO
2026-10-02T18:11:00Z,15060,252,18.63,56.8,19.21,1004.04,1011.12,1.7,9.88,18.03,normal,normal,bajo,OSCURO
2026-10-02T18:12:00Z,15120,253,18.61,56.9,19.21,1004.01,1011.09,1.7,9.89,18.01,normal,normal,bajo,OSCURO
2026-10-02T18:13:00Z,15180,254,18.64,56.7,19.22,1003.97,1011.05,1.7,9.89,18.04,normal,normal,bajo,OSCURO
2026-10-02T18:14:00Z,15240,255,18.63,56.8,19.22,1004.00,1011.08,1.7,9.90,18.03,normal,normal,bajo,OSCURO
2026-10-02T18:15:00Z,15300,256,18.64,56.8,19.23,1004.04,1011.12,1.7,9.90,18.04,normal,normal,bajo,OSCURO
2026-10-02T18:16:00Z,15360,257,18.66,56.7,19.23,1004.07,1011.15,1.7,9.89,18.06,normal,normal,bajo,OSCURO
2026-10-02T18:17:00Z,15420,258,18.63,56.8,19.24,1004.06,1011.14,1.7,9.90,18.04,normal,normal,bajo,OSCURO
2026-10-02T18:18:00Z,15480,259,18.65,56.8,19.23,1004.04,1011.12,1.7,9.90,18.05,normal,normal,bajo,OSCURO
2026-10-02T18:19:00Z,15540,260,18.65,56.8,19.23,1003.99,1011.06,1.7,9.90,18.05,normal,normal,bajo,OSCURO
2026-10-02T18:20:00Z,15600,261,18.64,56.8,19.24,1003.98,1011.05,1.7,9.91,18.04,normal,normal,bajo,OSCURO
2026-10-02T18:21:00Z,15660,262,18.66,56.8,19.25,1003.97,1011.04,1.7,9.91,18.06,normal,normal,bajo,OSCURO
2026-10-02T18:22:00Z,15720,263,18.67,56.8,19.24,1004.06,1011.13,1.7,9.91,18.07,normal,normal,bajo,OSCURO
2026-10-02T18:23:00Z,15780,264,18.67,56.7,19.25,1003.99,1011.07,1.7,9.91,18.08,normal,normal,bajo,OSCURO
2026-10-02T18:24:00Z,15840,265,18.67,56.7,19.26,1004.01,1011.08,1.7,9.92,18.08,normal,normal,bajo,OSCURO
2026-10-02T18:25:00Z,15900,266,18.66,56.7,19.26,1004.01,1011.08,1.7,9.91,18.07,normal,normal,bajo,OSCURO
2026-10-02T18:26:00Z,15960,267,18.67,56.8,19.26,1003.98,1011.06,1.7,9.92,18.08,normal,normal,bajo,OSCURO
2026-10-02T18:27:00Z,16020,268,18.68,56.8,19.26,1004.01,1011.08,1.7,9.93,18.08,normal,normal,bajo,OSCURO
2026-10-02T18:28:00Z,16080,269,18.69,56.7,19.27,1004.05,1011.13,1.7,9.92,18.10,normal,normal,bajo,OSCURO
2026-10-02T18:29:00Z,16140,270,18.70,56.7,19.28,1003.96,1011.03,1.7,9.92,18.10,normal,normal,bajo,OSCURO
2026-10-02T18:30:00Z,16200,271,18.70,56.7,19.27,1003.94,1011.02,1.7,9.92,18.11,normal,normal,bajo,OSCURO
2026-10-02T18:31:00Z,16260,272,18.69,56.8,19.28,1004.01,1011.09,1.7,9.94,18.09,normal,normal,bajo,OSCURO
2026-10-02T18:32:00Z,16320,273,18.71,56.7,19.28,1004.01,1011.09,1.7,9.92,18.11,normal,normal,bajo,OSCURO
2026-10-02T18:33:00Z,16380,274,18.71,56.7,19.29,1003.92,1010.99,1.7,9.92,18.11,normal,normal,bajo,OSCURO
2026-10-02T18:34:00Z,16440,275,18.72,56.6,19.30,1003.99,1011.06,1.7,9.92,18.13,normal,normal,bajo,OSCURO
2026-10-02T18:35:00Z,16500,276,18.73,56.6,19.31,1004.03,1011.10,1.7,9.92,18.13,normal,normal,bajo,OSCURO
2026-10-02T18:36:00Z,16560,277,18.72,56.6,19.31,1004.00,1011.08,1.7,9.94,18.13,normal,normal,bajo,OSCURO
2026-10-02T18:37:00Z,16620,278,18.72,56.7,19.30,1003.99,1011.06,1.7,9.94,18.12,normal,normal,bajo,OSCURO
2026-10-02T18:38:00Z,16680,279,18.73,56.6,19.31,1003.98,1011.05,1.7,9.93,18.14,normal,normal,bajo,OSCURO
2026-10-02T18:39:00Z,16740,280,18.74,56.6,19.33,1004.04,1011.11,1.7,9.95,18.15,normal,normal,bajo,OSCURO
2026-10-02T18:40:00Z,16800,281,18.74,56.6,19.33,1004.04,1011.11,1.7,9.95,18.15,normal,normal,bajo,OSCURO
2026-10-02T18:41:00Z,16860,282,18.74,56.6,19.33,1004.01,1011.08,1.7,9.93,18.15,normal,normal,bajo,OSCURO
2026-10-02T18:42:00Z,16920,283,18.74,56.6,19.33,1003.95,1011.03,1.7,9.95,18.14,normal,normal,bajo,OSCURO
2026-10-02T18:43:00Z,16980,284,18.76,56.5,19.34,1004.02,1011.10,1.7,9.93,18.17,normal,normal,bajo,OSCURO
2026-10-02T18:44:00Z,17040,285,18.74,56.6,19.34,1003.97,1011.04,1.7,9.93,18.15,normal,normal,bajo,OSCURO
2026-10-02T18:45:00Z,17100,286,18.77,56.5,19.36,1004.03,1011.10,1.7,9.94,18.18,normal,normal,bajo,OSCURO
2026-10-02T18:46:00Z,17160,287,18.76,56.6,19.35,1004.01,1011.08,1.7,9.95,18.17,normal,normal,bajo,OSCURO
2026-10-02T18:47:00Z,17220,288,18.76,56.5,19.37,1003.93,1011.01,1.7,9.93,18.17,normal,normal,bajo,OSCURO
2026-10-02T18:48:00Z,17280,289,18.77,56.5,19.36,1004.00,1011.07,1.7,9.94,18.18,normal,normal,bajo,OSCURO
2026-10-02T18:49:00Z,17340,290,18.77,56.6,19.37,1004.02,1011.09,1.7,9.96,18.18,normal,normal,bajo,OSCURO
2026-10-02T18:50:00Z,17400,291,18.79,56.5,19.36,1003.95,1011.02,1.7,9.96,18.20,normal,normal,bajo,OSCURO
2026-10-02T18:51:00Z,17460,292,18.79,56.5,19.38,1004.03,1011.10,1.7,9.96,18.20,normal,normal,bajo,OSCURO
2026-10-02T18:52:00Z,17520,293,18.79,56.5,19.38,1004.06,1011.13,1.7,9.96,18.20,normal,normal,bajo,OSCURO
2026-10-02T18:53:00Z,17580,294,18.79,56.4,19.38,1004.00,1011.07,1.7,9.94,18.20,normal,normal,bajo,OSCURO
2026-10-02T18:54:00Z,17640,295,18.80,56.5,19.40,1003.98,1011.05,1.7,9.97,18.21,normal,normal,bajo,OSCURO
2026-10-02T18:55:00Z,17700,296,18.83,56.4,19.40,1003.98,1011.05,1.7,9.96,18.24,normal,normal,bajo,OSCURO
2026-10-02T18:56:00Z,17760,297,18.80,56.5,19.40,1003.98,1011.05,1.7,9.97,18.21,normal,normal,bajo,OSCURO
2026-10-02T18:57:00Z,17820,298,18.83,56.3,19.40,1004.04,1011.11,1.7,9.96,18.24,normal,normal,bajo,OSCURO
2026-10-02T18:58:00Z,17880,299,18.84,56.3,19.41,1003.97,1011.04,1.7,9.97,18.26,normal,normal,bajo,OSCURO
2026-10-02T18:59:00Z,17940,300,18.83,56.3,19.41,1004.02,1011.09,1.7,9.96,18.24,normal,normal,bajo,OSCURO
2026-10-02T19:00:00Z,18000,301,18.83,56.4,19.43,1004.05,1011.12,1.7,9.97,18.24,normal,normal,bajo,OSCURO
2026-10-02T19:01:00Z,18060,302,18.83,56.4,19.44,1003.99,1011.06,1.7,9.97,18.24,normal,normal,bajo,OSCURO
2026-10-02T19:02:00Z,18120,303,18.87,56.3,19.44,1004.07,1011.14,1.7,9.97,18.28,normal,normal,bajo,OSCURO
2026-10-02T19:03:00Z,18180,304,18.84,56.3,19.44,1004.01,1011.08,1.7,9.97,18.25,normal,normal,bajo,OSCURO
2026-10-02T19:04:00Z,18240,305,18.86,56.3,19.44,1004.01,1011.08,1.7,9.97,18.27,normal,normal,bajo,OSCURO
2026-10-02T19:05:00Z,18300,306,18.89,56.1,19.45,1003.98,1011.04,1.7,9.96,18.30,normal,normal,bajo,OSCURO
2026-10-02T19:06:00Z,18360,307,18.87,56.3,19.46,1003.99,1011.06,1.7,9.99,18.28,normal,normal,bajo,OSCURO
2026-10-02T19:07:00Z,18420,308,18.88,56.3,19.48,1003.99,1011.06,1.7,9.98,18.29,normal,normal,bajo,OSCURO
2026-10-02T19:08:00Z,18480,309,18.89,56.2,19.46,1003.99,1011.06,1.7,9.97,18.30,normal,normal,bajo,OSCURO
2026-10-02T19:09:00Z,18540,310,18.90,56.2,19.48,1004.02,1011.09,1.7,9.98,18.32,normal,normal,bajo,OSCURO
2026-10-02T19:10:00Z,18600,311,18.89,56.2,19.48,1003.99,1011.06,1.7,9.98,18.30,normal,normal,bajo,OSCURO
2026-10-02T19:11:00Z,18660,312,18.89,56.2,19.49,1003.96,1011.02,1.7,9.98,18.30,normal,normal,bajo,OSCURO
2026-10-02T19:12:00Z,18720,313,18.91,56.1,19.49,1003.98,1011.05,1.7,9.98,18.33,normal,normal,bajo,OSCURO
2026-10-02T19:13:00Z,18780,314,18.91,56.2,19.49,1004.04,1011.11,1.7,9.98,18.32,normal,normal,bajo,OSCURO
2026-10-02T19:14:00Z,18840,315,18.92,56.1,19.51,1004.01,1011.08,1.7,9.97,18.33,normal,normal,bajo,OSCURO
2026-10-02T19:15:00Z,18900,316,18.94,56.1,19.51,1003.99,1011.05,1.7,9.99,18.35,normal,normal,bajo,OSCURO
2026-10-02T19:16:00Z,18960,317,18.91,56.2,19.51,1004.04,1011.11,1.7,9.99,18.33,normal,normal,bajo,OSCURO
2026-10-02T19:17:00Z,19020,318,18.93,56.1,19.52,1004.03,1011.10,1.7,9.99,18.35,normal,normal,bajo,OSCURO
2026-10-02T19:18:00Z,19080,319,18.94,56.0,19.52,1004.06,1011.12,1.7,9.96,18.36,normal,normal,bajo,OSCURO
2026-10-02T19:19:00Z,19140,320,18.93,56.1,19.53,1003.94,1011.00,1.7,9.98,18.35,normal,normal,bajo,OSCURO
2026-10-02T19:20:00Z,19200,321,18.94,56.0,19.54,1004.01,1011.07,1.7,9.97,18.35,normal,normal,bajo,OSCURO
2026-10-02T19:21:00Z,19260,322,18.95,56.1,19.54,1003.95,1011.02,1.7,9.99,18.36,normal,normal,bajo,OSCURO
2026-10-02T19:22:00Z,19320,323,18.96,56.0,19.56,1004.06,1011.13,1.7,9.99,18.38,normal,normal,bajo,OSCURO
2026-10-02T19:23:00Z,19380,324,18.98,55.9,19.55,1004.02,1011.09,1.7,9.99,18.40,normal,normal,bajo,OSCURO
2026-10-02T19:24:00Z,19440,325,18.99,55.9,19.57,1004.02,1011.09,1.7,10.00,18.41,normal,normal,bajo,OSCURO
2026-10-02T19:25:00Z,19500,326,18.99,55.9,19.57,1004.05,1011.12,1.7,9.98,18.40,normal,normal,bajo,OSCURO
2026-10-02T19:26:00Z,19560,327,19.01,55.9,19.58,1003.99,1011.05,1.7,9.99,18.42,normal,normal,bajo,OSCURO
2026-10-02T19:27:00Z,19620,328,18.99,55.9,19.59,1004.00,1011.07,1.7,9.99,18.41,normal,normal,bajo,OSCURO
2026-10-02T19:28:00Z,19680,329,19.00,55.9,19.59,1003.97,1011.04,1.7,9.98,18.41,normal,normal,bajo,OSCURO
2026-10-02T19:29:00Z,19740,330,19.02,55.8,19.60,1004.02,1011.08,1.7,9.99,18.43,normal,normal,bajo,OSCURO
2026-10-02T19:30:00Z,19800,331,19.02,55.8,19.61,1004.06,1011.13,1.7,10.00,18.44,normal,normal,bajo,OSCURO
2026-10-02T19:31:00Z,19860,332,19.02,55.8,19.61,1004.03,1011.10,1.7,9.99,18.44,normal,normal,bajo,OSCURO
2026-10-02T19:32:00Z,19920,333,19.01,55.9,19.62,1004.05,1011.11,1.7,10.00,18.43,normal,normal,bajo,OSCURO
2026-10-02T19:33:00Z,19980,334,19.03,55.8,19.61,1003.98,1011.04,1.7,10.00,18.45,normal,normal,bajo,OSCURO
2026-10-02T19:34:00Z,20040,335,19.05,55.7,19.64,1004.00,1011.06,1.7,10.00,18.47,normal,normal,bajo,OSCURO
2026-10-02T19:35:00Z,20100,336,19.07,55.7,19.64,1003.97,1011.03,1.7,10.00,18.48,normal,normal,bajo,OSCURO
2026-10-02T19:36:00Z,20160,337,19.05,55.7,19.65,1003.96,1011.02,1.7,10.00,18.47,normal,normal,bajo,OSCURO
2026-10-02T19:37:00Z,20220,338,19.08,55.7,19.65,1004.01,1011.08,1.7,10.01,18.50,normal,normal,bajo,OSCURO
2026-10-02T19:38:00Z,20280,339,19.06,55.7,19.66,1004.00,1011.06,1.7,9.99,18.48,normal,normal,bajo,OSCURO
2026-10-02T19:39:00Z,20340,340,19.07,55.6,19.68,1004.02,1011.08,1.7,9.99,18.49,normal,normal,bajo,OSCURO
2026-10-02T19:40:00Z,20400,341,19.10,55.6,19.68,1004.00,1011.07,1.7,10.00,18.51,normal,normal,bajo,OSCURO
2026-10-02T19:41:00Z,20460,342,19.10,55.6,19.68,1004.03,1011.09,1.7,10.00,18.51,normal,normal,bajo,OSCURO
2026-10-02T19:42:00Z,20520,343,19.12,55.5,19.69,1003.99,1011.05,1.7,10.00,18.54,normal,normal,bajo,OSCURO
2026-10-02T19:43:00Z,20580,344,19.12,55.5,19.71,1004.01,1011.07,1.7,9.99,18.54,normal,normal,bajo,OSCURO
2026-10-02T19:44:00Z,20640,345,19.10,55.6,19.71,1004.01,1011.07,1.7,10.00,18.51,normal,normal,bajo,OSCURO
2026-10-02T19:45:00Z,20700,346,19.14,55.4,19.72,1004.02,1011.09,1.7,10.00,18.55,normal,normal,bajo,OSCURO
2026-10-02T19:46:00Z,20760,347,19.13,55.5,19.73,1004.01,1011.07,1.7,10.01,18.55,normal,normal,bajo,OSCURO
2026-10-02T19:47:00Z,20820,348,19.13,55.5,19.73,1004.00,1011.06,1.7,10.00,18.55,normal,normal,bajo,OSCURO
2026-10-02T19:48:00Z,20880,349,19.15,55.4,19.73,1004.00,1011.06,1.7,10.00,18.57,normal,normal,bajo,OSCURO
2026-10-02T19:49:00Z,20940,350,19.16,55.3,19.73,1004.03,1011.09,1.7,9.98,18.57,normal,normal,bajo,OSCURO
2026-10-02T19:50:00Z,21000,351,19.16,55.3,19.76,1003.98,1011.04,1.7,9.99,18.58,normal,normal,bajo,OSCURO
2026-10-02T19:51:00Z,21060,352,19.17,55.3,19.76,1004.03,1011.09,1.7,10.00,18.58,normal,normal,bajo,OSCURO
2026-10-02T19:52:00Z,21120,353,19.15,55.4,19.77,1004.05,1011.11,1.7,10.00,18.57,normal,normal,bajo,OSCURO
2026-10-02T19:53:00Z,21180,354,19.18,55.3,19.78,1004.01,1011.07,1.7,10.00,18.60,normal,normal,bajo,OSCURO
2026-10-02T19:54:00Z,21240,355,19.19,55.3,19.80,1004.01,1011.07,1.7,10.00,18.61,normal,normal,bajo,OSCURO
2026-10-02T19:55:00Z,21300,356,19.18,55.3,19.80,1004.01,1011.07,1.7,10.01,18.60,normal,normal,bajo,OSCURO
2026-10-02T19:56:00Z,21360,357,19.19,55.2,19.81,1004.03,1011.09,1.7,9.99,18.61,normal,normal,bajo,OSCURO
2026-10-02T19:57:00Z,21420,358,19.22,55.2,19.81,1004.00,1011.06,1.7,10.00,18.63,normal,normal,bajo,OSCURO
2026-10-02T19:58:00Z,21480,359,19.23,55.1,19.82,1004.01,1011.07,1.7,9.99,18.65,normal,normal,bajo,OSCURO
2026-10-02T19:59:00Z,21540,360,19.24,55.1,19.83,1004.00,1011.06,1.7,10.00,18.66,normal,normal,bajo,OSCURO
2026-10-02T20:00:00Z,21600,361,19.23,55.1,19.84,1003.99,1011.05,1.7,10.00,18.65,normal,normal,bajo,OSCURO
2026-10-02T20:01:00Z,21660,362,19.24,55.1,19.83,1003.97,1011.03,1.7,10.00,18.66,normal,normal,bajo,OSCURO
2026-10-02T20:02:00Z,21720,363,19.25,55.0,19.85,1004.01,1011.07,1.7,9.99,18.67,normal,normal,bajo,OSCURO
2026-10-02T20:03:00Z,21780,364,19.24,55.1,19.85,1004.03,1011.09,1.7,10.00,18.66,normal,normal,bajo,OSCURO
2026-10-02T20:04:00Z,21840,365,19.27,55.0,19.86,1003.99,1011.05,1.7,10.01,18.69,normal,normal,bajo,OSCURO
2026-10-02T20:05:00Z,21900,366,19.27,55.0,19.88,1004.00,1011.06,1.7,10.00,18.69,normal,normal,bajo,OSCURO
2026-10-02T20:06:00Z,21960,367,19.29,54.9,19.88,1004.02,1011.08,1.7,10.00,18.71,normal,normal,bajo,OSCURO
2026-10-02T20:07:00Z,22020,368,19.28,55.0,19.88,1004.02,1011.08,1.7,10.01,18.69,normal,normal,bajo,OSCURO
2026-10-02T20:08:00Z,22080,369,19.30,54.9,19.89,1004.01,1011.07,1.7,10.01,18.71,normal,normal,bajo,OSCURO
2026-10-02T20:09:00Z,22140,370,19.32,54.8,19.89,1003.96,1011.02,1.7,9.99,18.74,normal,normal,bajo,OSCURO
2026-10-02T20:10:00Z,22200,371,19.31,54.8,19.91,1004.02,1011.07,1.7,10.00,18.72,normal,normal,bajo,OSCURO
2026-10-02T20:11:00Z,22260,372,19.31,54.9,19.92,1004.03,1011.09,1.7,10.00,18.73,normal,normal,bajo,OSCURO
2026-10-02T20:12:00Z,22320,373,19.33,54.8,19.92,1004.00,1011.06,1.7,10.01,18.75,normal,normal,bajo,OSCURO
2026-10-02T20:13:00Z,22380,374,19.31,54.8,19.94,1004.01,1011.07,1.7,10.00,18.73,normal,normal,bajo,OSCURO
2026-10-02T20:14:00Z,22440,375,19.34,54.7,19.95,1004.05,1011.11,1.7,10.00,18.76,normal,normal,bajo,OSCURO
2026-10-02T20:15:00Z,22500,376,19.35,54.7,19.95,1004.05,1011.11,1.7,10.01,18.77,normal,normal,bajo,OSCURO
2026-10-02T20:16:00Z,22560,377,19.38,54.5,19.97,1004.00,1011.06,1.7,9.98,18.80,normal,normal,bajo,OSCURO
2026-10-02T20:17:00Z,22620,378,19.36,54.6,19.97,1004.05,1011.11,1.7,9.99,18.78,normal,normal,bajo,OSCURO
2026-10-02T20:18:00Z,22680,379,19.40,54.5,19.98,1003.99,1011.04,1.7,10.00,18.82,normal,normal,bajo,OSCURO
2026-10-02T20:19:00Z,22740,380,19.40,54.6,19.98,1003.99,1011.04,1.7,10.01,18.82,normal,normal,bajo,OSCURO
2026-10-02T20:20:00Z,22800,381,19.39,54.5,19.99,1004.00,1011.06,1.7,9.99,18.81,normal,normal,bajo,OSCURO
2026-10-02T20:21:00Z,22860,382,19.39,54.6,20.00,1004.05,1011.10,1.7,10.00,18.81,normal,normal,bajo,OSCURO
2026-10-02T20:22:00Z,22920,383,19.42,54.4,20.01,1003.98,1011.04,1.7,9.98,18.84,normal,normal,bajo,OSCURO
2026-10-02T20:23:00Z,22980,384,19.42,54.4,20.02,1004.02,1011.08,1.7,9.99,18.84,normal,normal,bajo,OSCURO
2026-10-02T20:24:00Z,23040,385,19.43,54.4,20.02,1003.97,1011.02,1.7,9.99,18.85,normal,normal,bajo,OSCURO
2026-10-02T20:25:00Z,23100,386,19.43,54.4,20.03,1004.01,1011.07,1.7,9.99,18.85,normal,normal,bajo,OSCURO
2026-10-02T20:26:00Z,23160,387,19.43,54.4,20.05,1004.01,1011.07,1.7,9.99,18.85,normal,normal,bajo,OSCURO
2026-10-02T20:27:00Z,23220,388,19.47,54.3,20.04,1004.08,1011.14,1.7,9.99,18.88,normal,normal,bajo,OSCURO
2026-10-02T20:28:00Z,23280,389,19.46,54.3,20.05,1003.99,1011.04,1.7,9.99,18.88,normal,normal,bajo,OSCURO
2026-10-02T20:29:00Z,23340,390,19.47,54.3,20.07,1004.02,1011.07,1.7,9.99,18.89,normal,normal,bajo,OSCURO
2026-10-02T20:30:00Z,23400,391,19.47,54.3,20.08,1003.98,1011.03,1.7,10.00,18.89,normal,normal,bajo,OSCURO
2026-10-02T20:31:00Z,23460,392,19.51,54.1,20.08,1003.98,1011.03,2.5,10.00,18.93,normal,normal,bajo,OSCURO
2026-10-02T20:32:00Z,23520,393,19.52,54.1,20.09,1003.99,1011.05,4.2,9.98,18.93,normal,normal,bajo,OSCURO
2026-10-02T20:33:00Z,23580,394,19.50,54.2,20.11,1004.00,1011.05,5.0,10.00,18.92,normal,normal,bajo,OSCURO
2026-10-02T20:34:00Z,23640,395,19.52,54.1,20.11,1004.02,1011.08,5.8,9.99,18.93,normal,normal,bajo,OSCURO
2026-10-02T20:35:00Z,23700,396,19.52,54.1,20.12,1004.01,1011.07,6.7,9.98,18.94,normal,normal,bajo,OSCURO
2026-10-02T20:36:00Z,23760,397,19.52,54.1,20.13,1004.00,1011.05,7.5,9.99,18.94,normal,normal,bajo,OSCURO
2026-10-02T20:37:00Z,23820,398,19.56,54.0,20.13,1004.08,1011.14,9.2,10.00,18.98,normal,normal,bajo,OSCURO
2026-10-02T20:38:00Z,23880,399,19.54,54.1,20.15,1004.03,1011.08,10.0,10.00,18.96,normal,normal,bajo,
2026-10-02T20:39:00Z,23940,400,19.56,54.0,20.16,1003.97,1011.02,10.8,9.99,18.98,normal,normal,bajo,
2026-10-02T20:40:00Z,24000,401,19.56,53.9,20.17,1004.01,1011.06,11.7,9.98,18.98,normal,normal,bajo,
2026-10-02T20:41:00Z,24060,402,19.57,53.9,20.17,1004.04,1011.09,13.3,9.98,18.99,normal,normal,bajo,
2026-10-02T20:42:00Z,24120,403,19.59,53.9,20.18,1004.00,1011.05,14.2,9.99,19.01,normal,normal,bajo,
2026-10-02T20:43:00Z,24180,404,19.58,53.9,20.19,1004.01,1011.06,15.0,10.00,19.00,normal,normal,bajo,
2026-10-02T20:44:00Z,24240,405,19.61,53.8,20.20,1004.03,1011.08,15.8,9.98,19.03,normal,normal,bajo,
2026-10-02T20:45:00Z,24300,406,19.61,53.8,20.22,1004.00,1011.05,16.7,10.00,19.03,normal,normal,bajo,
2026-10-02T20:46:00Z,24360,407,19.60,53.8,20.23,1004.02,1011.07,18.3,9.99,19.02,normal,normal,bajo,
2026-10-02T20:47:00Z,24420,408,19.63,53.7,20.23,1003.99,1011.04,19.2,9.98,19.06,normal,normal,bajo,
2026-10-02T20:48:00Z,24480,409,19.65,53.6,20.23,1004.07,1011.12,20.0,9.98,19.07,normal,normal,bajo,
2026-10-02T20:49:00Z,24540,410,19.66,53.6,20.24,1004.01,1011.06,20.8,10.00,19.09,normal,normal,bajo,
2026-10-02T20:50:00Z,24600,411,19.67,53.6,20.25,1004.02,1011.07,21.7,9.98,19.09,normal,normal,bajo,
2026-10-02T20:51:00Z,24660,412,19.65,53.6,20.26,1003.96,1011.01,22.5,9.96,19.07,normal,normal,bajo,
2026-10-02T20:52:00Z,24720,413,19.68,53.5,20.27,1004.03,1011.08,24.2,9.97,19.10,normal,normal,bajo,
2026-10-02T20:53:00Z,24780,414,19.68,53.5,20.28,1004.04,1011.09,25.0,9.98,19.10,normal,normal,bajo,
2026-10-02T20:54:00Z,24840,415,19.71,53.5,20.29,1004.06,1011.11,25.8,9.99,19.13,normal,normal,bajo,
2026-10-02T20:55:00Z,24900,416,19.70,53.4,20.29,1003.97,1011.02,27.5,9.97,19.12,normal,normal,bajo,
2026-10-02T20:56:00Z,24960,417,19.72,53.3,20.31,1003.98,1011.03,27.5,9.96,19.14,normal,normal,bajo,
2026-10-02T20:57:00Z,25020,418,19.72,53.4,20.32,1004.02,1011.07,29.2,9.98,19.14,normal,normal,bajo,
2026-10-02T20:58:00Z,25080,419,19.73,53.3,20.34,1004.05,1011.10,29.2,9.97,19.15,normal,normal,bajo,
2026-10-02T20:59:00Z,25140,420,19.74,53.3,20.34,1004.00,1011.05,30.8,9.97,19.16,normal,normal,bajo,
2026-10-02T21:00:00Z,25200,421,19.75,53.3,20.35,1003.99,1011.03,31.7,9.97,19.17,normal,normal,bajo,
2026-10-02T21:01:00Z,25260,422,19.76,53.2,20.35,1004.01,1011.06,33.3,9.96,19.18,normal,normal,bajo,
2026-10-02T21:02:00Z,25320,423,19.78,53.1,20.37,1004.07,1011.12,34.2,9.96,19.20,normal,normal,bajo,
2026-10-02T21:03:00Z,25380,424,19.79,53.1,20.37,1004.02,1011.07,35.0,9.96,19.21,normal,normal,bajo,
2026-10-02T21:04:00Z,25440,425,19.79,53.2,20.38,1004.04,1011.09,35.8,9.98,19.21,normal,normal,bajo,
2026-10-02T21:05:00Z,25500,426,19.80,53.1,20.38,1004.01,1011.06,36.7,9.96,19.22,normal,normal,bajo,
2026-10-02T21:06:00Z,25560,427,19.79,53.1,20.40,1004.02,1011.06,38.3,9.96,19.21,normal,normal,bajo,
2026-10-02T21:07:00Z,25620,428,19.82,53.0,20.39,1004.03,1011.07,39.2,9.96,19.25,normal,normal,bajo,
2026-10-02T21:08:00Z,25680,429,19.82,52.9,20.42,1004.02,1011.07,40.0,9.94,19.24,normal,normal,bajo,
2026-10-02T21:09:00Z,25740,430,19.83,52.9,20.43,1003.95,1011.00,41.7,9.95,19.25,normal,normal,bajo,
2026-10-02T21:10:00Z,25800,431,19.85,52.9,20.43,1004.06,1011.11,41.7,9.96,19.27,normal,normal,bajo,
2026-10-02T21:11:00Z,25860,432,19.84,52.9,20.44,1004.00,1011.04,43.3,9.95,19.27,normal,normal,bajo,
2026-10-02T21:12:00Z,25920,433,19.88,52.7,20.45,1004.04,1011.08,44.2,9.94,19.30,normal,normal,bajo,
2026-10-02T21:13:00Z,25980,434,19.87,52.7,20.47,1004.04,1011.09,45.0,9.93,19.29,normal,normal,bajo,
2026-10-02T21:14:00Z,26040,435,19.87,52.9,20.47,1003.99,1011.03,45.8,9.97,19.29,normal,normal,bajo,
2026-10-02T21:15:00Z,26100,436,19.88,52.7,20.49,1004.02,1011.06,47.5,9.94,19.30,normal,normal,bajo,
2026-10-02T21:16:00Z,26160,437,19.90,52.7,20.49,1004.02,1011.06,47.5,9.95,19.32,normal,normal,bajo,
2026-10-02T21:17:00Z,26220,438,19.91,52.6,20.51,1004.05,1011.09,49.2,9.95,19.33,normal,normal,bajo,
2026-10-02T21:18:00Z,26280,439,19.93,52.5,20.51,1003.99,1011.04,50.0,9.94,19.35,normal,normal,bajo,
2026-10-02T21:19:00Z,26340,440,19.94,52.5,20.52,1004.01,1011.05,50.8,9.94,19.36,normal,normal,bajo,
2026-10-02T21:20:00Z,26400,441,19.95,52.5,20.53,1004.03,1011.07,51.7,9.94,19.37,normal,normal,bajo,
2026-10-02T21:21:00Z,26460,442,19.95,52.5,20.54,1003.99,1011.03,52.5,9.94,19.37,normal,normal,bajo,
2026-10-02T21:22:00Z,26520,443,19.94,52.5,20.56,1003.99,1011.03,53.3,9.93,19.36,normal,normal,bajo,
2026-10-02T21:23:00Z,26580,444,19.98,52.4,20.56,1003.99,1011.03,55.0,9.93,19.40,normal,normal,bajo,
2026-10-02T21:24:00Z,26640,445,19.99,52.3,20.57,1003.98,1011.02,55.8,9.92,19.41,normal,normal,bajo,
2026-10-02T21:25:00Z,26700,446,19.99,52.4,20.59,1003.98,1011.02,56.7,9.94,19.41,normal,normal,bajo,
2026-10-02T21:26:00Z,26760,447,20.01,52.2,20.59,1004.01,1011.05,57.5,9.93,19.44,normal,normal,bajo,
2026-10-02T21:27:00Z,26820,448,20.01,52.3,20.59,1004.01,1011.05,58.3,9.93,19.43,normal,normal,bajo,
2026-10-02T21:28:00Z,26880,449,20.04,52.2,20.60,1004.02,1011.07,60.0,9.93,19.47,normal,normal,bajo,
2026-10-02T21:29:00Z,26940,450,20.04,52.2,20.62,1004.00,1011.04,60.8,9.93,19.46,normal,normal,bajo,
2026-10-02T21:30:00Z,27000,451,20.02,52.2,20.63,1003.99,1011.03,61.7,9.92,19.44,normal,normal,bajo,
2026-10-02T21:31:00Z,27060,452,20.06,52.0,20.65,1004.02,1011.06,62.5,9.91,19.48,normal,normal,bajo,
2026-10-02T21:32:00Z,27120,453,20.08,52.0,20.65,1004.02,1011.06,63.3,9.92,19.50,normal,normal,bajo,
2026-10-02T21:33:00Z,27180,454,20.10,51.9,20.66,1004.03,1011.07,64.2,9.93,19.53,normal,normal,bajo,
2026-10-02T21:34:00Z,27240,455,20.07,52.1,20.67,1004.02,1011.06,65.0,9.93,19.49,normal,normal,bajo,
2026-10-02T21:35:00Z,27300,456,20.11,51.9,20.68,1004.01,1011.05,66.7,9.92,19.53,normal,normal,bajo,
2026-10-02T21:36:00Z,27360,457,20.11,51.9,20.69,1004.00,1011.04,67.5,9.93,19.53,normal,normal,bajo,
2026-10-02T21:37:00Z,27420,458,20.10,51.9,20.70,1004.01,1011.05,68.3,9.90,19.52,normal,normal,bajo,
2026-10-02T21:38:00Z,27480,459,20.11,51.8,20.72,1004.10,1011.14,70.0,9.90,19.53,normal,normal,bajo,
2026-10-02T21:39:00Z,27540,460,20.15,51.7,20.72,1004.05,1011.08,70.8,9.90,19.57,normal,normal,bajo,
2026-10-02T21:40:00Z,27600,461,20.15,51.7,20.74,1003.99,1011.03,71.7,9.89,19.57,normal,normal,bajo,
2026-10-02T21:41:00Z,27660,462,20.14,51.8,20.74,1004.05,1011.09,72.5,9.91,19.56,normal,normal,bajo,
2026-10-02T21:42:00Z,27720,463,20.16,51.7,20.76,1004.00,1011.04,73.3,9.91,19.59,normal,normal,bajo,
2026-10-02T21:43:00Z,27780,464,20.16,51.8,20.76,1004.05,1011.09,73.3,9.92,19.58,normal,normal,bajo,
2026-10-02T21:44:00Z,27840,465,20.17,51.7,20.77,1004.01,1011.05,75.8,9.91,19.59,normal,normal,bajo,
2026-10-02T21:45:00Z,27900,466,20.18,51.6,20.79,1004.02,1011.05,75.8,9.90,19.61,normal,normal,bajo,
2026-10-02T21:46:00Z,27960,467,20.20,51.5,20.79,1003.96,1011.00,77.5,9.89,19.62,normal,normal,bajo,
2026-10-02T21:47:00Z,28020,468,20.24,51.4,20.80,1004.01,1011.04,78.3,9.89,19.66,normal,normal,bajo,
2026-10-02T21:48:00Z,28080,469,20.24,51.3,20.82,1004.01,1011.04,78.3,9.88,19.66,normal,normal,bajo,
2026-10-02T21:49:00Z,28140,470,20.23,51.4,20.83,1004.00,1011.03,80.8,9.89,19.65,normal,normal,bajo,
2026-10-02T21:50:00Z,28200,471,20.23,51.4,20.82,1004.04,1011.07,80.8,9.90,19.66,normal,normal,bajo,
2026-10-02T21:51:00Z,28260,472,20.26,51.3,20.85,1004.03,1011.06,81.7,9.88,19.68,normal,normal,bajo,
2026-10-02T21:52:00Z,28320,473,20.26,51.3,20.86,1003.91,1010.94,83.3,9.88,19.68,normal,normal,bajo,
2026-10-02T21:53:00Z,28380,474,20.29,51.2,20.87,1003.95,1010.98,84.2,9.88,19.71,normal,normal,bajo,
2026-10-02T21:54:00Z,28440,475,20.32,51.1,20.88,1003.99,1011.03,85.0,9.88,19.74,normal,normal,bajo,
2026-10-02T21:55:00Z,28500,476,20.30,51.1,20.89,1004.01,1011.04,108.3,9.88,19.72,normal,normal,bajo,
2026-10-02T21:56:00Z,28560,477,20.29,51.2,20.90,1004.02,1011.06,187.5,9.87,19.72,normal,normal,bajo,
2026-10-02T21:57:00Z,28620,478,20.32,51.1,20.91,1003.98,1011.02,294.2,9.87,19.74,normal,normal,bajo,
2026-10-02T21:58:00Z,28680,479,20.33,51.1,20.92,1003.97,1011.00,405.8,9.88,19.75,normal,normal,normal,
2026-10-02T21:59:00Z,28740,480,20.36,51.0,20.93,1003.96,1010.99,496.7,9.88,19.78,normal,normal,normal,
2026-10-02T22:00:00Z,28800,481,20.37,50.9,20.93,1004.01,1011.05,532.5,9.88,19.79,normal,normal,normal,
2026-10-02T22:01:00Z,28860,482,20.38,50.9,20.96,1004.01,1011.04,535.0,9.87,19.81,normal,normal,normal,
2026-10-02T22:02:00Z,28920,483,20.36,50.9,20.97,1004.05,1011.08,543.3,9.86,19.78,normal,normal,normal,
2026-10-02T22:03:00Z,28980,484,20.40,50.8,20.97,1003.99,1011.03,544.2,9.86,19.82,normal,normal,normal,
2026-10-02T22:04:00Z,29040,485,20.41,50.8,20.99,1004.00,1011.03,537.5,9.86,19.83,normal,normal,normal,
2026-10-02T22:05:00Z,29100,486,20.40,50.8,20.99,1003.97,1011.00,541.7,9.86,19.82,normal,normal,normal,
2026-10-02T22:06:00Z,29160,487,20.41,50.7,21.01,1004.03,1011.06,548.3,9.86,19.83,normal,normal,normal,
2026-10-02T22:07:00Z,29220,488,20.43,50.7,21.02,1004.04,1011.08,547.5,9.86,19.86,normal,normal,normal,
2026-10-02T22:08:00Z,29280,489,20.45,50.6,21.02,1003.99,1011.02,550.8,9.86,19.87,normal,normal,normal,
2026-10-02T22:09:00Z,29340,490,20.45,50.5,21.03,1004.00,1011.04,544.2,9.83,19.87,normal,normal,normal,
2026-10-02T22:10:00Z,29400,491,20.45,50.6,21.05,1004.01,1011.04,548.3,9.85,19.88,normal,normal,normal,
2026-10-02T22:11:00Z,29460,492,20.48,50.5,21.05,1004.01,1011.04,548.3,9.84,19.90,normal,normal,normal,
2026-10-02T22:12:00Z,29520,493,20.47,50.5,21.07,1004.02,1011.05,553.3,9.86,19.90,normal,normal,normal,
2026-10-02T22:13:00Z,29580,494,20.50,50.4,21.09,1003.92,1010.95,553.3,9.83,19.92,normal,normal,normal,
2026-10-02T22:14:00Z,29640,495,20.51,50.3,21.11,1004.06,1011.09,552.5,9.83,19.93,normal,normal,normal,
2026-10-02T22:15:00Z,29700,496,20.51,50.3,21.11,1003.95,1010.98,555.8,9.83,19.93,normal,normal,normal,
2026-10-02T22:16:00Z,29760,497,20.53,50.3,21.11,1004.00,1011.03,553.3,9.83,19.96,normal,normal,normal,
2026-10-02T22:17:00Z,29820,498,20.54,50.2,21.13,1004.01,1011.04,553.3,9.82,19.96,normal,normal,normal,
2026-10-02T22:18:00Z,29880,499,20.55,50.2,21.14,1004.02,1011.05,553.3,9.83,19.97,normal,normal,normal,
2026-10-02T22:19:00Z,29940,500,20.57,50.1,21.16,1004.03,1011.05,560.8,9.83,19.99,normal,normal,normal,
2026-10-02T22:20:00Z,30000,501,20.56,50.2,21.16,1003.97,1011.00,560.0,9.83,19.98,normal,normal,normal,
2026-10-02T22:21:00Z,30060,502,20.59,50.1,21.18,1004.00,1011.03,563.3,9.82,20.01,normal,normal,normal,
2026-10-02T22:22:00Z,30120,503,20.59,50.0,21.19,1004.02,1011.04,556.7,9.81,20.01,normal,normal,normal,
2026-10-02T22:23:00Z,30180,504,20.60,50.0,21.19,1004.04,1011.07,563.3,9.81,20.02,normal,normal,normal,
2026-10-02T22:24:00Z,30240,505,20.62,49.9,21.20,1004.01,1011.03,563.3,9.80,20.04,normal,normal,normal,
2026-10-02T22:25:00Z,30300,506,20.63,49.9,21.22,1004.06,1011.09,560.8,9.81,20.05,normal,normal,normal,
2026-10-02T22:26:00Z,30360,507,20.65,49.8,21.23,1003.97,1011.00,565.8,9.80,20.07,normal,normal,normal,
2026-10-02T22:27:00Z,30420,508,20.64,49.8,21.24,1003.98,1011.01,562.5,9.79,20.06,normal,normal,normal,
2026-10-02T22:28:00Z,30480,509,20.64,49.9,21.25,1004.03,1011.05,562.5,9.81,20.06,normal,normal,normal,
2026-10-02T22:29:00Z,30540,510,20.64,49.9,21.26,1004.02,1011.04,568.3,9.81,20.06,normal,normal,normal,
2026-10-02T22:30:00Z,30600,511,20.68,49.7,21.27,1004.06,1011.08,571.7,9.79,20.11,normal,normal,normal,
2026-10-02T22:31:00Z,30660,512,20.69,49.7,21.28,1004.05,1011.07,570.8,9.81,20.11,normal,normal,normal,
2026-10-02T22:32:00Z,30720,513,20.71,49.6,21.29,1004.01,1011.03,565.8,9.79,20.13,normal,normal,normal,
2026-10-02T22:33:00Z,30780,514,20.69,49.6,21.30,1004.02,1011.05,573.3,9.77,20.11,normal,normal,normal,
2026-10-02T22:34:00Z,30840,515,20.71,49.6,21.31,1003.98,1011.01,574.2,9.79,20.14,normal,normal,normal,
2026-10-02T22:35:00Z,30900,516,20.74,49.4,21.32,1004.05,1011.08,572.5,9.78,20.16,normal,normal,normal,
2026-10-02T22:36:00Z,30960,517,20.73,49.4,21.34,1004.00,1011.03,576.7,9.77,20.15,normal,normal,normal,
2026-10-02T22:37:00Z,31020,518,20.75,49.4,21.34,1004.03,1011.05,572.5,9.77,20.17,normal,normal,normal,
2026-10-02T22:38:00Z,31080,519,20.76,49.4,21.35,1004.07,1011.10,575.0,9.79,20.18,normal,normal,normal,
2026-10-02T22:39:00Z,31140,520,20.78,49.3,21.37,1004.05,1011.07,575.0,9.76,20.20,normal,normal,normal,
2026-10-02T22:40:00Z,31200,521,20.79,49.2,21.38,1004.01,1011.03,573.3,9.76,20.21,normal,normal,normal,
2026-10-02T22:41:00Z,31260,522,20.81,49.2,21.39,1003.97,1010.99,578.3,9.76,20.23,normal,normal,normal,
2026-10-02T22:42:00Z,31320,523,20.83,49.1,21.41,1003.97,1010.99,575.0,9.76,20.25,normal,normal,normal,
2026-10-02T22:43:00Z,31380,524,20.81,49.2,21.41,1004.00,1011.02,576.7,9.77,20.23,normal,normal,normal,
2026-10-02T22:44:00Z,31440,525,20.83,49.1,21.43,1004.00,1011.03,580.0,9.74,20.24,normal,normal,normal,
2026-10-02T22:45:00Z,31500,526,20.84,49.1,21.43,1004.00,1011.03,581.7,9.75,20.26,normal,normal,normal,
2026-10-02T22:46:00Z,31560,527,20.85,49.0,21.45,1003.98,1011.00,587.5,9.74,20.27,normal,normal,normal,
2026-10-02T22:47:00Z,31620,528,20.86,49.0,21.46,1004.02,1011.04,584.2,9.75,20.28,normal,normal,normal,
2026-10-02T22:48:00Z,31680,529,20.85,49.0,21.47,1004.04,1011.06,583.3,9.74,20.27,normal,normal,normal,
2026-10-02T22:49:00Z,31740,530,20.89,48.9,21.48,1004.03,1011.05,585.0,9.73,20.31,normal,normal,normal,
2026-10-02T22:50:00Z,31800,531,20.89,48.8,21.48,1003.97,1010.99,583.3,9.73,20.31,normal,normal,normal,
2026-10-02T22:51:00Z,31860,532,20.91,48.8,21.50,1004.03,1011.05,585.0,9.73,20.34,normal,normal,normal,
2026-10-02T22:52:00Z,31920,533,20.90,48.8,21.52,1003.95,1010.97,586.7,9.72,20.32,normal,normal,normal,
2026-10-02T22:53:00Z,31980,534,20.93,48.7,21.52,1003.98,1011.00,592.5,9.71,20.35,normal,normal,normal,
2026-10-02T22:54:00Z,32040,535,20.93,48.7,21.53,1004.05,1011.07,593.3,9.71,20.35,normal,normal,normal,
2026-10-02T22:55:00Z,32100,536,20.93,48.7,21.54,1004.04,1011.06,585.8,9.72,20.35,normal,normal,normal,
2026-10-02T22:56:00Z,32160,537,20.94,48.7,21.56,1004.04,1011.06,593.3,9.73,20.36,normal,normal,normal,
2026-10-02T22:57:00Z,32220,538,20.98,48.6,21.55,1004.03,1011.04,591.7,9.73,20.40,normal,normal,normal,
2026-10-02T22:58:00Z,32280,539,20.98,48.5,21.58,1003.99,1011.01,595.8,9.72,20.40,normal,normal,normal,
2026-10-02T22:59:00Z,32340,540,20.99,48.5,21.58,1004.10,1011.12,592.5,9.70,20.41,normal,normal,normal,
2026-10-02T23:00:00Z,32400,541,20.98,48.5,21.60,1003.99,1011.01,594.2,9.72,20.40,normal,normal,normal,
2026-10-02T23:01:00Z,32460,542,20.99,48.4,21.61,1004.01,1011.03,595.8,9.70,20.41,normal,normal,normal,
2026-10-02T23:02:00Z,32520,543,21.03,48.3,21.62,1004.00,1011.01,590.8,9.70,20.45,normal,normal,normal,
2026-10-02T23:03:00Z,32580,544,21.03,48.3,21.63,1003.98,1011.00,598.3,9.71,20.46,normal,normal,normal,
2026-10-02T23:04:00Z,32640,545,21.04,48.3,21.64,1004.05,1011.07,591.7,9.71,20.46,normal,normal,normal,
2026-10-02T23:05:00Z,32700,546,21.07,48.2,21.65,1004.04,1011.06,599.2,9.69,20.49,normal,normal,normal,
2026-10-02T23:06:00Z,32760,547,21.06,48.2,21.66,1004.00,1011.02,596.7,9.70,20.48,normal,normal,normal,
2026-10-02T23:07:00Z,32820,548,21.09,48.1,21.67,1003.99,1011.01,601.7,9.68,20.51,normal,normal,normal,
2026-10-02T23:08:00Z,32880,549,21.09,48.1,21.68,1003.98,1010.99,595.0,9.69,20.51,normal,normal,normal,
2026-10-02T23:09:00Z,32940,550,21.11,48.0,21.69,1003.99,1011.01,600.8,9.66,20.53,normal,normal,normal,
2026-10-02T23:10:00Z,33000,551,21.11,48.0,21.72,1004.04,1011.06,601.7,9.69,20.53,normal,normal,normal,
2026-10-02T23:11:00Z,33060,552,21.12,48.0,21.72,1003.99,1011.00,605.8,9.67,20.54,normal,normal,normal,
2026-10-02T23:12:00Z,33120,553,21.14,47.9,21.74,1003.99,1011.00,602.5,9.65,20.56,normal,normal,normal,
2026-10-02T23:13:00Z,33180,554,21.14,47.8,21.73,1003.97,1010.99,598.3,9.65,20.56,normal,normal,normal,
2026-10-02T23:14:00Z,33240,555,21.16,47.9,21.75,1004.00,1011.02,600.8,9.67,20.58,normal,normal,normal,
2026-10-02T23:15:00Z,33300,556,21.19,47.8,21.76,1004.02,1011.03,611.7,9.67,20.61,normal,normal,normal,
2026-10-02T23:16:00Z,33360,557,21.18,47.7,21.78,1004.00,1011.01,605.8,9.65,20.60,normal,normal,normal,
2026-10-02T23:17:00Z,33420,558,21.19,47.7,21.78,1004.00,1011.01,605.8,9.64,20.60,normal,normal,normal,
2026-10-02T23:18:00Z,33480,559,21.22,47.6,21.79,1004.01,1011.02,609.2,9.64,20.64,normal,normal,normal,
2026-10-02T23:19:00Z,33540,560,21.21,47.7,21.80,1004.01,1011.02,609.2,9.65,20.63,normal,normal,normal,
2026-10-02T23:20:00Z,33600,561,21.21,47.6,21.81,1003.97,1010.98,611.7,9.63,20.63,normal,normal,normal,
2026-10-02T23:21:00Z,33660,562,21.24,47.5,21.82,1004.04,1011.05,612.5,9.65,20.67,normal,normal,normal,
2026-10-02T23:22:00Z,33720,563,21.24,47.5,21.83,1003.97,1010.98,608.3,9.64,20.66,normal,normal,normal,
2026-10-02T23:23:00Z,33780,564,21.26,47.5,21.84,1004.04,1011.05,611.7,9.64,20.68,normal,normal,normal,
2026-10-02T23:24:00Z,33840,565,21.27,47.4,21.85,1004.03,1011.04,611.7,9.63,20.69,normal,normal,normal,
2026-10-02T23:25:00Z,33900,566,21.26,47.4,21.87,1004.01,1011.02,613.3,9.62,20.68,normal,normal,normal,
2026-10-02T23:26:00Z,33960,567,21.28,47.3,21.87,1004.01,1011.02,619.2,9.62,20.70,normal,normal,normal,
2026-10-02T23:27:00Z,34020,568,21.30,47.3,21.89,1004.04,1011.05,619.2,9.63,20.72,normal,normal,normal,
2026-10-02T23:28:00Z,34080,569,21.32,47.2,21.90,1004.00,1011.01,618.3,9.60,20.74,normal,normal,normal,
2026-10-02T23:29:00Z,34140,570,21.31,47.2,21.91,1004.01,1011.02,613.3,9.61,20.73,normal,normal,normal,
2026-10-02T23:30:00Z,34200,571,21.34,47.1,21.91,1004.04,1011.05,614.2,9.60,20.76,normal,normal,normal,
2026-10-02T23:31:00Z,34260,572,21.34,47.1,21.92,1004.03,1011.04,615.8,9.60,20.76,normal,normal,normal,
2026-10-02T23:32:00Z,34320,573,21.35,47.1,21.94,1004.00,1011.01,619.2,9.61,20.77,normal,normal,normal,
2026-10-02T23:33:00Z,34380,574,21.36,47.0,21.95,1003.99,1011.00,614.2,9.60,20.78,normal,normal,normal,
2026-10-02T23:34:00Z,34440,575,21.39,47.0,21.96,1004.01,1011.02,619.2,9.60,20.81,normal,normal,normal,
2026-10-02T23:35:00Z,34500,576,21.36,47.0,21.97,1004.02,1011.03,617.5,9.60,20.78,normal,normal,normal,
2026-10-02T23:36:00Z,34560,577,21.39,46.9,21.98,1003.98,1010.99,623.3,9.58,20.81,normal,normal,normal,
2026-10-02T23:37:00Z,34620,578,21.41,46.9,21.98,1003.98,1010.99,615.0,9.61,20.83,normal,normal,normal,
2026-10-02T23:38:00Z,34680,579,21.42,46.8,22.00,1003.99,1010.99,625.8,9.57,20.84,normal,normal,normal,
2026-10-02T23:39:00Z,34740,580,21.42,46.8,22.00,1004.01,1011.02,625.0,9.58,20.84,normal,normal,normal,
2026-10-02T23:40:00Z,34800,581,21.43,46.8,22.02,1004.05,1011.05,625.8,9.58,20.85,normal,normal,normal,
2026-10-02T23:41:00Z,34860,582,21.45,46.6,22.03,1003.98,1010.98,617.5,9.56,20.87,normal,normal,normal,
2026-10-02T23:42:00Z,34920,583,21.46,46.7,22.04,1004.02,1011.03,626.7,9.57,20.88,normal,normal,normal,
2026-10-02T23:43:00Z,34980,584,21.47,46.7,22.06,1003.97,1010.98,625.8,9.58,20.89,normal,normal,normal,
2026-10-02T23:44:00Z,35040,585,21.48,46.6,22.07,1004.01,1011.02,627.5,9.56,20.90,normal,normal,normal,
2026-10-02T23:45:00Z,35100,586,21.48,46.6,22.07,1004.04,1011.05,628.3,9.57,20.90,normal,normal,normal,
2026-10-02T23:46:00Z,35160,587,21.51,46.5,22.09,1004.04,1011.05,627.5,9.56,20.93,normal,normal,normal,
2026-10-02T23:47:00Z,35220,588,21.51,46.4,22.09,1003.99,1010.99,631.7,9.54,20.93,normal,normal,normal,
2026-10-02T23:48:00Z,35280,589,21.52,46.4,22.11,1004.02,1011.02,630.0,9.54,20.94,normal,normal,normal,
2026-10-02T23:49:00Z,35340,590,21.52,46.3,22.11,1004.05,1011.05,629.2,9.53,20.94,normal,normal,normal,
2026-10-02T23:50:00Z,35400,591,21.55,46.4,22.13,1004.02,1011.03,630.8,9.55,20.97,normal,normal,normal,
2026-10-02T23:51:00Z,35460,592,21.55,46.3,22.14,1003.98,1010.99,630.8,9.53,20.97,normal,normal,normal,
2026-10-02T23:52:00Z,35520,593,21.57,46.2,22.14,1003.98,1010.99,635.8,9.52,20.99,normal,normal,normal,
2026-10-02T23:53:00Z,35580,594,21.57,46.2,22.16,1004.04,1011.05,635.8,9.52,20.99,normal,normal,normal,
2026-10-02T23:54:00Z,35640,595,21.58,46.2,22.18,1004.02,1011.02,637.5,9.52,21.00,normal,normal,normal,
2026-10-02T23:55:00Z,35700,596,21.59,46.1,22.18,1004.05,1011.05,630.0,9.52,21.01,normal,normal,normal,
2026-10-02T23:56:00Z,35760,597,21.59,46.1,22.19,1004.03,1011.04,637.5,9.51,21.01,normal,normal,normal,
2026-10-02T23:57:00Z,35820,598,21.62,46.0,22.20,1003.99,1011.00,641.7,9.50,21.04,normal,normal,normal,
2026-10-02T23:58:00Z,35880,599,21.63,46.0,22.22,1004.00,1011.00,634.2,9.51,21.05,normal,normal,normal,
2026-10-02T23:59:00Z,35940,600,21.62,46.0,22.22,1004.02,1011.03,637.5,9.51,21.04,normal,normal,normal,
2026-10-03T00:00:00Z,36000,601,21.64,45.9,22.23,1004.01,1011.01,642.5,9.51,21.06,normal,normal,normal,
2026-10-03T00:01:00Z,36060,602,21.66,45.8,22.25,1004.07,1011.07,639.2,9.49,21.08,normal,normal,normal,
2026-10-03T00:02:00Z,36120,603,21.66,45.8,22.25,1004.04,1011.05,640.8,9.49,21.08,normal,normal,normal,
2026-10-03T00:03:00Z,36180,604,21.67,45.8,22.26,1003.98,1010.98,640.0,9.48,21.09,normal,normal,normal,
2026-10-03T00:04:00Z,36240,605,21.69,45.7,22.28,1003.98,1010.98,645.8,9.47,21.10,normal,normal,normal,
2026-10-03T00:05:00Z,36300,606,21.70,45.7,22.29,1004.08,1011.08,644.2,9.48,21.12,normal,normal,normal,
2026-10-03T00:06:00Z,36360,607,21.71,45.7,22.30,1003.96,1010.96,641.7,9.49,21.13,normal,normal,normal,
2026-10-03T00:07:00Z,36420,608,21.73,45.6,22.31,1004.00,1011.00,643.3,9.47,21.15,normal,normal,normal,
2026-10-03T00:08:00Z,36480,609,21.73,45.6,22.32,1004.04,1011.04,645.0,9.47,21.15,normal,normal,normal,
2026-10-03T00:09:00Z,36540,610,21.75,45.5,22.33,1003.97,1010.97,645.8,9.46,21.17,normal,normal,normal,
2026-10-03T00:10:00Z,36600,611,21.76,45.5,22.34,1003.99,1010.99,640.0,9.45,21.18,normal,normal,normal,
2026-10-03T00:11:00Z,36660,612,21.75,45.5,22.35,1004.03,1011.03,645.8,9.46,21.17,normal,normal,normal,
2026-10-03T00:12:00Z,36720,613,21.76,45.5,22.36,1004.05,1011.05,650.0,9.46,21.18,normal,normal,normal,
2026-10-03T00:13:00Z,36780,614,21.78,45.4,22.37,1003.98,1010.98,654.2,9.44,21.20,normal,normal,normal,
2026-10-03T00:14:00Z,36840,615,21.78,45.4,22.38,1004.00,1011.00,650.0,9.44,21.20,normal,normal,normal,
2026-10-03T00:15:00Z,36900,616,21.80,45.3,22.39,1004.01,1011.01,650.0,9.44,21.22,normal,normal,normal,
2026-10-03T00:16:00Z,36960,617,21.82,45.2,22.41,1004.02,1011.01,653.3,9.43,21.23,normal,normal,normal,
2026-10-03T00:17:00Z,37020,618,21.82,45.2,22.41,1004.02,1011.01,650.8,9.44,21.24,normal,normal,normal,
2026-10-03T00:18:00Z,37080,619,21.83,45.2,22.43,1003.99,1010.99,649.2,9.42,21.25,normal,normal,normal,
2026-10-03T00:19:00Z,37140,620,21.85,45.1,22.43,1004.05,1011.04,651.7,9.41,21.26,normal,normal,normal,
2026-10-03T00:20:00Z,37200,621,21.85,45.1,22.45,1003.97,1010.96,655.0,9.42,21.27,normal,normal,normal,
2026-10-03T00:21:00Z,37260,622,21.87,45.0,22.45,1004.02,1011.02,652.5,9.40,21.29,normal,normal,normal,
2026-10-03T00:22:00Z,37320,623,21.87,45.0,22.46,1004.01,1011.01,653.3,9.41,21.29,normal,normal,normal,
2026-10-03T00:23:00Z,37380,624,21.90,44.9,22.48,1003.96,1010.95,647.5,9.41,21.32,normal,normal,normal,
2026-10-03T00:24:00Z,37440,625,21.91,44.9,22.48,1003.99,1010.98,657.5,9.41,21.33,normal,normal,normal,
2026-10-03T00:25:00Z,37500,626,21.92,45.0,22.49,1004.03,1011.03,652.5,9.43,21.34,normal,normal,normal,
2026-10-03T00:26:00Z,37560,627,21.94,44.8,22.50,1003.99,1010.99,655.8,9.40,21.36,normal,normal,normal,
2026-10-03T00:27:00Z,37620,628,21.92,44.9,22.53,1004.02,1011.02,654.2,9.40,21.34,normal,normal,normal,
2026-10-03T00:28:00Z,37680,629,21.94,44.8,22.53,1004.01,1011.00,655.0,9.40,21.36,normal,normal,normal,
2026-10-03T00:29:00Z,37740,630,21.97,44.7,22.53,1003.98,1010.98,657.5,9.39,21.39,normal,normal,normal,
2026-10-03T00:30:00Z,37800,631,21.96,44.7,22.54,1004.02,1011.02,655.0,9.38,21.38,normal,normal,normal,
2026-10-03T00:31:00Z,37860,632,21.98,44.6,22.56,1004.04,1011.03,655.0,9.37,21.40,normal,normal,normal,
2026-10-03T00:32:00Z,37920,633,21.99,44.6,22.57,1004.03,1011.02,659.2,9.37,21.41,normal,normal,normal,
2026-10-03T00:33:00Z,37980,634,21.99,44.6,22.58,1004.02,1011.01,658.3,9.37,21.41,normal,normal,normal,
2026-10-03T00:34:00Z,38040,635,22.01,44.5,22.60,1003.96,1010.96,658.3,9.37,21.43,normal,normal,normal,
2026-10-03T00:35:00Z,38100,636,22.01,44.5,22.60,1004.07,1011.07,665.8,9.36,21.43,normal,normal,normal,
2026-10-03T00:36:00Z,38160,637,22.01,44.5,22.61,1004.01,1011.00,658.3,9.36,21.43,normal,normal,normal,
2026-10-03T00:37:00Z,38220,638,22.02,44.5,22.62,1003.99,1010.99,663.3,9.37,21.44,normal,normal,normal,
2026-10-03T00:38:00Z,38280,639,22.05,44.3,22.64,1003.97,1010.96,658.3,9.35,21.46,normal,normal,normal,
2026-10-03T00:39:00Z,38340,640,22.05,44.4,22.65,1004.01,1011.01,668.3,9.36,21.47,normal,normal,normal,
2026-10-03T00:40:00Z,38400,641,22.06,44.3,22.66,1003.97,1010.97,662.5,9.34,21.48,normal,normal,normal,
2026-10-03T00:41:00Z,38460,642,22.07,44.2,22.67,1003.99,1010.98,667.5,9.33,21.48,normal,normal,normal,
2026-10-03T00:42:00Z,38520,643,22.08,44.3,22.67,1004.02,1011.01,665.8,9.35,21.50,normal,normal,normal,
2026-10-03T00:43:00Z,38580,644,22.10,44.1,22.68,1004.00,1011.00,665.8,9.32,21.52,normal,normal,normal,
2026-10-03T00:44:00Z,38640,645,22.13,44.1,22.68,1004.00,1011.00,669.2,9.32,21.54,normal,normal,normal,
2026-10-03T00:45:00Z,38700,646,22.10,44.2,22.71,1004.00,1010.99,669.2,9.33,21.52,normal,normal,normal,
2026-10-03T00:46:00Z,38760,647,22.10,44.0,22.71,1004.02,1011.02,670.0,9.30,21.52,normal,normal,normal,
2026-10-03T00:47:00Z,38820,648,22.13,44.1,22.73,1004.00,1010.99,665.8,9.32,21.54,normal,normal,normal,
2026-10-03T00:48:00Z,38880,649,22.14,44.0,22.73,1003.97,1010.96,666.7,9.32,21.56,normal,normal,normal,
2026-10-03T00:49:00Z,38940,650,22.15,44.0,22.74,1004.04,1011.03,666.7,9.31,21.57,normal,normal,normal,
2026-10-03T00:50:00Z,39000,651,22.16,43.9,22.74,1004.02,1011.01,673.3,9.31,21.58,normal,normal,normal,
2026-10-03T00:51:00Z,39060,652,22.16,43.9,22.77,1004.06,1011.05,666.7,9.30,21.58,normal,normal,normal,
2026-10-03T00:52:00Z,39120,653,22.16,43.9,22.77,1003.98,1010.97,670.8,9.30,21.58,normal,normal,normal,
2026-10-03T00:53:00Z,39180,654,22.20,43.8,22.77,1004.03,1011.02,669.2,9.29,21.61,normal,normal,normal,
2026-10-03T00:54:00Z,39240,655,22.20,43.7,22.80,1004.00,1010.99,669.2,9.28,21.62,normal,normal,normal,
2026-10-03T00:55:00Z,39300,656,22.21,43.7,22.81,1003.99,1010.97,670.0,9.29,21.63,normal,normal,normal,
2026-10-03T00:56:00Z,39360,657,22.22,43.6,22.81,1003.99,1010.97,666.7,9.25,21.63,normal,normal,normal,
2026-10-03T00:57:00Z,39420,658,22.23,43.6,22.82,1004.03,1011.02,672.5,9.27,21.65,normal,normal,normal,
2026-10-03T00:58:00Z,39480,659,22.24,43.6,22.84,1004.03,1011.02,669.2,9.26,21.65,normal,normal,normal,
2026-10-03T00:59:00Z,39540,660,22.25,43.6,22.84,1004.00,1010.99,674.2,9.27,21.66,normal,normal,normal,
2026-10-03T01:00:00Z,39600,661,22.26,43.5,22.85,1004.05,1011.04,673.3,9.26,21.67,normal,normal,normal,
2026-10-03T01:01:00Z,39660,662,22.27,44.0,22.86,1003.98,1010.97,670.0,9.44,21.71,normal,normal,normal,
2026-10-03T01:02:00Z,39720,663,22.28,45.8,22.87,1004.00,1010.98,670.0,10.04,21.76,normal,normal,normal,
2026-10-03T01:03:00Z,39780,664,22.27,48.9,22.89,1004.00,1010.99,679.2,11.02,21.83,normal,normal,normal,
2026-10-03T01:04:00Z,39840,665,22.30,53.0,22.89,1003.97,1010.96,666.7,12.26,21.97,normal,normal,normal,
2026-10-03T01:05:00Z,39900,666,22.31,58.2,22.90,1004.01,1011.00,680.0,13.69,22.11,normal,normal,normal,
2026-10-03T01:06:00Z,39960,667,22.32,64.2,22.91,1003.97,1010.96,682.5,15.23,22.28,normal,alto,normal,
2026-10-03T01:07:00Z,40020,668,22.31,70.9,22.91,1004.03,1011.02,675.8,16.78,22.45,normal,alto,normal,
2026-10-03T01:08:00Z,40080,669,22.33,77.7,22.92,1004.02,1011.00,671.7,18.25,22.65,normal,alto,normal,
2026-10-03T01:09:00Z,40140,670,22.32,84.4,22.94,1004.05,1011.04,675.0,19.57,22.81,normal,alto,normal,
2026-10-03T01:10:00Z,40200,671,22.34,90.1,22.94,1003.99,1010.98,684.2,20.64,22.99,normal,alto,normal,CONDENSACION
2026-10-03T01:11:00Z,40260,672,22.35,94.3,22.95,1004.04,1011.02,687.5,21.39,23.10,normal,alto,normal,CONDENSACION
2026-10-03T01:12:00Z,40320,673,22.36,96.0,22.96,1004.02,1011.01,679.2,21.69,23.16,normal,alto,normal,CONDENSACION
2026-10-03T01:13:00Z,40380,674,22.36,96.1,22.96,1004.00,1010.98,682.5,21.70,23.16,normal,alto,normal,CONDENSACION
2026-10-03T01:14:00Z,40440,675,22.39,95.9,22.99,1004.04,1011.03,679.2,21.69,23.18,normal,alto,normal,CONDENSACION
2026-10-03T01:15:00Z,40500,676,22.38,96.0,22.98,1004.03,1011.01,682.5,21.71,23.18,normal,alto,normal,CONDENSACION
2026-10-03T01:16:00Z,40560,677,22.40,95.8,23.00,1004.06,1011.04,677.5,21.70,23.19,normal,alto,normal,CONDENSACION
2026-10-03T01:17:00Z,40620,678,22.42,95.6,23.01,1004.02,1011.00,679.2,21.68,23.21,normal,alto,normal,CONDENSACION
2026-10-03T01:18:00Z,40680,679,22.40,95.7,23.01,1003.99,1010.98,683.3,21.68,23.20,normal,alto,normal,CONDENSACION
2026-10-03T01:19:00Z,40740,680,22.44,95.5,23.02,1004.03,1011.02,681.7,21.68,23.23,normal,alto,normal,CONDENSACION
2026-10-03T01:20:00Z,40800,681,22.44,95.4,23.03,1004.02,1011.01,685.0,21.67,23.23,normal,alto,normal,CONDENSACION
2026-10-03T01:21:00Z,40860,682,22.45,95.4,23.05,1003.97,1010.95,679.2,21.67,23.24,normal,alto,normal,CONDENSACION
2026-10-03T01:22:00Z,40920,683,22.46,95.3,23.05,1004.03,1011.01,686.7,21.67,23.25,normal,alto,normal,CONDENSACION
2026-10-03T01:23:00Z,40980,684,22.47,95.2,23.06,1004.04,1011.02,685.8,21.66,23.26,normal,alto,normal,CONDENSACION
2026-10-03T01:24:00Z,41040,685,22.47,95.1,23.07,1004.03,1011.01,687.5,21.65,23.26,normal,alto,normal,CONDENSACION
2026-10-03T01:25:00Z,41100,686,22.47,95.1,23.09,1004.06,1011.04,676.7,21.65,23.26,normal,alto,normal,CONDENSACION
2026-10-03T01:26:00Z,41160,687,22.50,94.9,23.09,1003.98,1010.96,683.3,21.65,23.28,normal,alto,normal,CONDENSACION
2026-10-03T01:27:00Z,41220,688,22.50,95.0,23.09,1004.09,1011.07,686.7,21.65,23.28,normal,alto,normal,CONDENSACION
2026-10-03T01:28:00Z,41280,689,22.51,94.8,23.10,1004.05,1011.03,687.5,21.64,23.29,normal,alto,normal,CONDENSACION
2026-10-03T01:29:00Z,41340,690,22.51,94.8,23.11,1003.98,1010.96,683.3,21.63,23.29,normal,alto,normal,CONDENSACION
2026-10-03T01:30:00Z,41400,691,22.52,94.7,23.12,1004.00,1010.98,681.7,21.63,23.30,normal,alto,normal,CONDENSACION
2026-10-03T01:31:00Z,41460,692,22.52,93.7,23.12,1004.02,1011.01,689.2,21.45,23.27,normal,alto,normal,CONDENSACION
2026-10-03T01:32:00Z,41520,693,22.53,90.1,23.14,1004.00,1010.98,686.7,20.83,23.19,normal,alto,normal,CONDENSACION
2026-10-03T01:33:00Z,41580,694,22.56,84.7,23.16,1003.98,1010.96,688.3,19.85,23.08,normal,alto,normal,
2026-10-03T01:34:00Z,41640,695,22.55,78.3,23.15,1004.02,1011.00,686.7,18.59,22.91,normal,alto,normal,
2026-10-03T01:35:00Z,41700,696,22.57,71.4,23.16,1003.98,1010.96,696.7,17.14,22.75,normal,alto,normal,
2026-10-03T01:36:00Z,41760,697,22.58,64.7,23.17,1004.07,1011.05,688.3,15.61,22.59,normal,alto,normal,
2026-10-03T01:37:00Z,41820,698,22.58,58.5,23.19,1004.02,1011.00,691.7,14.04,22.42,normal,alto,normal,
2026-10-03T01:38:00Z,41880,699,22.60,53.1,23.18,1004.06,1011.04,684.2,12.55,22.30,normal,normal,normal,
2026-10-03T01:39:00Z,41940,700,22.61,48.6,23.20,1004.04,1011.02,691.7,11.22,22.19,normal,normal,normal,
2026-10-03T01:40:00Z,42000,701,22.60,45.3,23.20,1003.98,1010.96,690.8,10.16,22.10,normal,normal,normal,
2026-10-03T01:41:00Z,42060,702,22.61,43.0,23.22,1003.99,1010.96,684.2,9.41,22.05,normal,normal,normal,
2026-10-03T01:42:00Z,42120,703,22.63,42.1,23.21,1004.00,1010.98,688.3,9.09,22.05,normal,normal,normal,
2026-10-03T01:43:00Z,42180,704,22.64,42.0,23.24,1004.02,1010.99,695.0,9.09,22.06,normal,normal,normal,
2026-10-03T01:44:00Z,42240,705,22.62,42.1,23.24,1004.04,1011.02,691.7,9.09,22.04,normal,normal,normal,
2026-10-03T01:45:00Z,42300,706,22.64,42.0,23.25,1003.98,1010.96,691.7,9.08,22.06,normal,normal,normal,
2026-10-03T01:46:00Z,42360,707,22.65,42.0,23.26,1003.96,1010.94,689.2,9.07,22.06,normal,normal,normal,
2026-10-03T01:47:00Z,42420,708,22.66,41.9,23.27,1003.98,1010.96,695.8,9.05,22.07,normal,normal,normal,
2026-10-03T01:48:00Z,42480,709,22.67,41.8,23.29,1004.04,1011.02,690.0,9.03,22.08,normal,normal,normal,
2026-10-03T01:49:00Z,42540,710,22.69,41.8,23.28,1004.02,1011.00,702.5,9.05,22.10,normal,normal,normal,
2026-10-03T01:50:00Z,42600,711,22.70,41.7,23.29,1004.01,1010.99,693.3,9.02,22.12,normal,normal,normal,
2026-10-03T01:51:00Z,42660,712,22.71,41.7,23.30,1003.97,1010.95,694.2,9.01,22.12,normal,normal,normal,
2026-10-03T01:52:00Z,42720,713,22.70,41.7,23.30,1004.08,1011.06,690.8,9.04,22.11,normal,normal,normal,
2026-10-03T01:53:00Z,42780,714,22.72,41.7,23.31,1004.04,1011.02,692.5,9.03,22.14,normal,normal,normal,
2026-10-03T01:54:00Z,42840,715,22.73,41.7,23.32,1004.03,1011.01,695.8,9.06,22.15,normal,normal,normal,
2026-10-03T01:55:00Z,42900,716,22.74,41.6,23.34,1003.98,1010.95,694.2,9.01,22.16,normal,normal,normal,
2026-10-03T01:56:00Z,42960,717,22.72,41.7,23.34,1004.03,1011.01,695.0,9.04,22.14,normal,normal,normal,
2026-10-03T01:57:00Z,43020,718,22.75,41.5,23.35,1003.99,1010.97,691.7,8.99,22.17,normal,normal,normal,
2026-10-03T01:58:00Z,43080,719,22.76,41.5,23.36,1004.04,1011.02,691.7,9.00,22.17,normal,normal,normal,
2026-10-03T01:59:00Z,43140,720,22.77,41.5,23.36,1003.95,1010.93,695.8,9.01,22.18,normal,normal,normal,
2026-10-03T02:00:00Z,43200,721,22.75,41.5,23.36,1003.99,1010.96,693.3,8.99,22.17,normal,normal,normal,
2026-10-03T02:01:00Z,43260,722,22.77,41.4,23.36,1004.02,1010.99,698.3,8.97,22.19,normal,normal,normal,
2026-10-03T02:02:00Z,43320,723,22.80,41.4,23.37,1003.98,1010.95,685.8,8.99,22.21,normal,normal,normal,
2026-10-03T02:03:00Z,43380,724,22.80,41.3,23.37,1003.98,1010.95,692.5,8.98,22.22,normal,normal,normal,
2026-10-03T02:04:00Z,43440,725,22.80,41.3,23.39,1004.04,1011.01,695.8,8.99,22.22,normal,normal,normal,
2026-10-03T02:05:00Z,43500,726,22.81,41.2,23.40,1003.97,1010.94,694.2,8.96,22.23,normal,normal,normal,
2026-10-03T02:06:00Z,43560,727,22.82,41.3,23.41,1004.01,1010.99,695.8,8.97,22.23,normal,normal,normal,
2026-10-03T02:07:00Z,43620,728,22.83,41.2,23.42,1004.03,1011.00,700.0,8.98,22.24,normal,normal,normal,
2026-10-03T02:08:00Z,43680,729,22.82,41.2,23.41,1004.04,1011.01,694.2,8.96,22.24,normal,normal,normal,
2026-10-03T02:09:00Z,43740,730,22.84,41.1,23.43,1004.01,1010.99,693.3,8.95,22.26,normal,normal,normal,
2026-10-03T02:10:00Z,43800,731,22.83,41.1,23.42,1003.94,1010.92,696.7,8.94,22.25,normal,normal,normal,
2026-10-03T02:11:00Z,43860,732,22.85,41.1,23.43,1003.99,1010.96,694.2,8.94,22.26,normal,normal,normal,
2026-10-03T02:12:00Z,43920,733,22.85,41.1,23.45,1004.04,1011.02,695.8,8.93,22.27,normal,normal,normal,
2026-10-03T02:13:00Z,43980,734,22.85,41.2,23.45,1004.02,1010.99,698.3,8.96,22.27,normal,normal,normal,
2026-10-03T02:14:00Z,44040,735,22.88,41.0,23.46,1003.98,1010.95,693.3,8.92,22.30,normal,normal,normal,
2026-10-03T02:15:00Z,44100,736,22.87,41.1,23.47,1003.99,1010.97,698.3,8.95,22.29,normal,normal,normal,
2026-10-03T02:16:00Z,44160,737,22.90,40.9,23.47,1003.94,1010.91,697.5,8.92,22.32,normal,normal,normal,
2026-10-03T02:17:00Z,44220,738,22.90,40.9,23.47,1003.94,1010.91,698.3,8.91,22.31,normal,normal,normal,
2026-10-03T02:18:00Z,44280,739,22.92,40.9,23.50,1003.93,1010.90,698.3,8.92,22.34,normal,normal,normal,
2026-10-03T02:19:00Z,44340,740,22.91,40.9,23.50,1003.96,1010.93,699.2,8.92,22.33,normal,normal,normal,
2026-10-03T02:20:00Z,44400,741,22.91,40.9,23.50,1003.93,1010.90,697.5,8.91,22.32,normal,normal,normal,
2026-10-03T02:21:00Z,44460,742,22.92,40.8,23.51,1003.97,1010.94,701.7,8.89,22.33,normal,normal,normal,
2026-10-03T02:22:00Z,44520,743,22.93,40.8,23.51,1003.92,1010.89,703.3,8.89,22.35,normal,normal,normal,
2026-10-03T02:23:00Z,44580,744,22.94,40.7,23.54,1003.96,1010.93,702.5,8.89,22.35,normal,normal,normal,
2026-10-03T02:24:00Z,44640,745,22.94,40.8,23.53,1003.95,1010.92,696.7,8.91,22.36,normal,normal,normal,
2026-10-03T02:25:00Z,44700,746,22.95,40.7,23.54,1003.91,1010.88,695.0,8.88,22.36,normal,normal,normal,
2026-10-03T02:26:00Z,44760,747,22.95,40.7,23.54,1003.91,1010.88,695.8,8.89,22.36,normal,normal,normal,
2026-10-03T02:27:00Z,44820,748,22.96,40.6,23.55,1003.95,1010.92,699.2,8.87,22.37,normal,normal,normal,
2026-10-03T02:28:00Z,44880,749,22.97,40.6,23.56,1003.94,1010.91,704.2,8.87,22.38,normal,normal,normal,
2026-10-03T02:29:00Z,44940,750,22.98,40.6,23.57,1003.82,1010.79,707.5,8.87,22.39,normal,normal,normal,
2026-10-03T02:30:00Z,45000,751,22.98,40.6,23.57,1003.90,1010.87,699.2,8.89,22.40,normal,normal,normal,
2026-10-03T02:31:00Z,45060,752,22.98,40.6,23.58,1003.83,1010.80,701.7,8.88,22.39,normal,normal,normal,
2026-10-03T02:32:00Z,45120,753,23.01,40.5,23.59,1003.88,1010.84,695.8,8.85,22.42,normal,normal,normal,
2026-10-03T02:33:00Z,45180,754,23.01,40.5,23.60,1003.86,1010.83,702.5,8.87,22.43,normal,normal,normal,
2026-10-03T02:34:00Z,45240,755,23.00,40.5,23.60,1003.86,1010.83,695.8,8.85,22.41,normal,normal,normal,
2026-10-03T02:35:00Z,45300,756,23.01,40.4,23.61,1003.88,1010.85,698.3,8.84,22.42,normal,normal,normal,
2026-10-03T02:36:00Z,45360,757,23.03,40.4,23.61,1003.82,1010.79,704.2,8.85,22.44,normal,normal,normal,
2026-10-03T02:37:00Z,45420,758,23.02,40.4,23.62,1003.84,1010.81,699.2,8.84,22.43,normal,normal,normal,
2026-10-03T02:38:00Z,45480,759,23.05,40.3,23.61,1003.85,1010.82,705.0,8.83,22.47,normal,normal,normal,
2026-10-03T02:39:00Z,45540,760,23.04,40.3,23.63,1003.88,1010.85,699.2,8.82,22.45,normal,normal,normal,
2026-10-03T02:40:00Z,45600,761,23.04,40.3,23.64,1003.87,1010.84,701.7,8.83,22.46,normal,normal,normal,
2026-10-03T02:41:00Z,45660,762,23.05,40.3,23.64,1003.76,1010.73,698.3,8.83,22.46,normal,normal,normal,
2026-10-03T02:42:00Z,45720,763,23.06,40.3,23.66,1003.79,1010.76,703.3,8.83,22.47,normal,normal,normal,
2026-10-03T02:43:00Z,45780,764,23.07,40.2,23.66,1003.79,1010.76,705.8,8.82,22.48,normal,normal,normal,
2026-10-03T02:44:00Z,45840,765,23.07,40.2,23.66,1003.76,1010.73,701.7,8.82,22.48,normal,normal,normal,
2026-10-03T02:45:00Z,45900,766,23.09,40.1,23.67,1003.72,1010.69,699.2,8.81,22.50,normal,normal,normal,
2026-10-03T02:46:00Z,45960,767,23.07,40.2,23.67,1003.75,1010.72,701.7,8.80,22.48,normal,normal,normal,
2026-10-03T02:47:00Z,46020,768,23.09,40.1,23.68,1003.71,1010.68,700.8,8.79,22.50,normal,normal,normal,
2026-10-03T02:48:00Z,46080,769,23.10,40.1,23.69,1003.73,1010.69,693.3,8.80,22.51,normal,normal,normal,
2026-10-03T02:49:00Z,46140,770,23.10,40.0,23.70,1003.69,1010.65,705.8,8.77,22.51,normal,normal,normal,
2026-10-03T02:50:00Z,46200,771,23.12,40.0,23.70,1003.71,1010.68,700.8,8.79,22.53,normal,normal,normal,
2026-10-03T02:51:00Z,46260,772,23.11,40.0,23.71,1003.73,1010.70,696.7,8.79,22.53,normal,normal,normal,
2026-10-03T02:52:00Z,46320,773,23.12,40.0,23.71,1003.70,1010.67,700.8,8.77,22.53,normal,normal,normal,
2026-10-03T02:53:00Z,46380,774,23.12,39.9,23.72,1003.69,1010.66,707.5,8.76,22.53,normal,normal,normal,
2026-10-03T02:54:00Z,46440,775,23.14,39.9,23.73,1003.68,1010.64,701.7,8.77,22.55,normal,normal,normal,
2026-10-03T02:55:00Z,46500,776,23.15,39.8,23.72,1003.64,1010.60,699.2,8.75,22.56,normal,normal,normal,
2026-10-03T02:56:00Z,46560,777,23.14,39.9,23.74,1003.67,1010.63,705.0,8.76,22.55,normal,normal,normal,
2026-10-03T02:57:00Z,46620,778,23.15,39.9,23.74,1003.64,1010.60,700.8,8.76,22.56,normal,normal,normal,
2026-10-03T02:58:00Z,46680,779,23.15,39.8,23.73,1003.62,1010.59,699.2,8.74,22.56,normal,normal,normal,
2026-10-03T02:59:00Z,46740,780,23.16,39.8,23.75,1003.60,1010.56,701.7,8.76,22.57,normal,normal,normal,
2026-10-03T03:00:00Z,46800,781,23.17,39.8,23.74,1003.58,1010.55,696.7,8.75,22.58,normal,normal,normal,
2026-10-03T03:01:00Z,46860,782,23.16,39.8,23.77,1003.57,1010.54,702.5,8.75,22.57,normal,normal,normal,
2026-10-03T03:02:00Z,46920,783,23.18,39.7,23.77,1003.52,1010.48,697.5,8.74,22.59,normal,normal,normal,
2026-10-03T03:03:00Z,46980,784,23.21,39.6,23.77,1003.55,1010.51,700.8,8.72,22.62,normal,normal,normal,
2026-10-03T03:04:00Z,47040,785,23.18,39.7,23.77,1003.55,1010.51,696.7,8.72,22.59,normal,normal,normal,
2026-10-03T03:05:00Z,47100,786,23.20,39.6,23.79,1003.55,1010.51,695.8,8.72,22.62,normal,normal,normal,
2026-10-03T03:06:00Z,47160,787,23.18,39.7,23.78,1003.51,1010.47,705.0,8.73,22.60,normal,normal,normal,
2026-10-03T03:07:00Z,47220,788,23.22,39.6,23.80,1003.48,1010.44,700.8,8.73,22.63,normal,normal,normal,
2026-10-03T03:08:00Z,47280,789,23.20,39.6,23.80,1003.48,1010.44,705.0,8.72,22.61,normal,normal,normal,
2026-10-03T03:09:00Z,47340,790,23.22,39.6,23.81,1003.53,1010.49,710.8,8.70,22.63,normal,normal,normal,
2026-10-03T03:10:00Z,47400,791,23.23,39.5,23.80,1003.43,1010.39,700.8,8.69,22.64,normal,normal,normal,
2026-10-03T03:11:00Z,47460,792,23.23,39.5,23.81,1003.42,1010.38,704.2,8.69,22.64,normal,normal,normal,
2026-10-03T03:12:00Z,47520,793,23.22,39.5,23.81,1003.50,1010.46,704.2,8.69,22.63,normal,normal,normal,
2026-10-03T03:13:00Z,47580,794,23.24,39.5,23.82,1003.40,1010.36,700.8,8.68,22.65,normal,normal,normal,
2026-10-03T03:14:00Z,47640,795,23.24,39.4,23.83,1003.39,1010.35,705.0,8.66,22.65,normal,normal,normal,
2026-10-03T03:15:00Z,47700,796,23.25,39.4,23.83,1003.36,1010.32,705.0,8.69,22.66,normal,normal,normal,
2026-10-03T03:16:00Z,47760,797,23.25,39.4,23.84,1003.43,1010.39,701.7,8.68,22.66,normal,normal,normal,
2026-10-03T03:17:00Z,47820,798,23.26,39.3,23.85,1003.31,1010.27,701.7,8.67,22.67,normal,normal,normal,
2026-10-03T03:18:00Z,47880,799,23.24,39.4,23.84,1003.38,1010.34,704.2,8.69,22.65,normal,normal,normal,
2026-10-03T03:19:00Z,47940,800,23.27,39.3,23.85,1003.31,1010.27,700.8,8.67,22.68,normal,normal,normal,
2026-10-03T03:20:00Z,48000,801,23.28,39.3,23.86,1003.30,1010.26,699.2,8.65,22.69,normal,normal,normal,
2026-10-03T03:21:00Z,48060,802,23.28,39.3,23.86,1003.27,1010.23,701.7,8.67,22.69,normal,normal,normal,
2026-10-03T03:22:00Z,48120,803,23.28,39.2,23.87,1003.29,1010.25,695.8,8.64,22.69,normal,normal,normal,
2026-10-03T03:23:00Z,48180,804,23.29,39.2,23.87,1003.29,1010.25,698.3,8.63,22.70,normal,normal,normal,
2026-10-03T03:24:00Z,48240,805,23.30,39.1,23.87,1003.29,1010.25,703.3,8.61,22.70,normal,normal,normal,
2026-10-03T03:25:00Z,48300,806,23.31,39.2,23.88,1003.19,1010.15,698.3,8.64,22.71,normal,normal,normal,
2026-10-03T03:26:00Z,48360,807,23.30,39.2,23.88,1003.16,1010.12,707.5,8.63,22.71,normal,normal,normal,
2026-10-03T03:27:00Z,48420,808,23.32,39.2,23.88,1003.22,1010.18,692.5,8.64,22.73,normal,normal,normal,
2026-10-03T03:28:00Z,48480,809,23.31,39.1,23.89,1003.18,1010.14,702.5,8.62,22.71,normal,normal,normal,
2026-10-03T03:29:00Z,48540,810,23.31,39.1,23.90,1003.14,1010.10,704.2,8.63,22.72,normal,normal,normal,
2026-10-03T03:30:00Z,48600,811,23.32,39.1,23.90,1003.14,1010.10,695.8,8.62,22.73,normal,normal,normal,
2026-10-03T03:31:00Z,48660,812,23.31,39.1,23.90,1003.09,1010.04,702.5,8.62,22.72,normal,normal,normal,
2026-10-03T03:32:00Z,48720,813,23.33,39.1,23.90,1003.09,1010.04,703.3,8.61,22.73,normal,normal,normal,
2026-10-03T03:33:00Z,48780,814,23.32,39.0,23.92,1003.03,1009.99,696.7,8.60,22.72,normal,normal,normal,
2026-10-03T03:34:00Z,48840,815,23.34,39.0,23.92,1003.12,1010.07,705.0,8.60,22.75,normal,normal,normal,
2026-10-03T03:35:00Z,48900,816,23.32,39.1,23.93,1003.02,1009.98,710.0,8.62,22.73,normal,normal,normal,
2026-10-03T03:36:00Z,48960,817,23.33,39.0,23.93,1003.05,1010.00,699.2,8.60,22.74,normal,normal,normal,
2026-10-03T03:37:00Z,49020,818,23.34,39.0,23.92,1003.03,1009.99,699.2,8.59,22.75,normal,normal,normal,
2026-10-03T03:38:00Z,49080,819,23.34,38.9,23.92,1003.01,1009.96,694.2,8.59,22.75,normal,normal,normal,
2026-10-03T03:39:00Z,49140,820,23.36,38.9,23.94,1002.95,1009.91,697.5,8.60,22.76,normal,normal,normal,
2026-10-03T03:40:00Z,49200,821,23.36,38.9,23.94,1002.95,1009.91,695.8,8.57,22.77,normal,normal,normal,
2026-10-03T03:41:00Z,49260,822,23.35,38.9,23.94,1003.01,1009.96,701.7,8.57,22.76,normal,normal,normal,
2026-10-03T03:42:00Z,49320,823,23.34,38.9,23.94,1002.93,1009.88,694.2,8.57,22.75,normal,normal,normal,
2026-10-03T03:43:00Z,49380,824,23.36,38.8,23.94,1002.95,1009.91,700.0,8.57,22.77,normal,normal,normal,
2026-10-03T03:44:00Z,49440,825,23.38,38.8,23.96,1002.87,1009.83,700.0,8.56,22.78,normal,normal,normal,
2026-10-03T03:45:00Z,49500,826,23.36,38.8,23.95,1002.86,1009.81,697.5,8.56,22.76,normal,normal,normal,
2026-10-03T03:46:00Z,49560,827,23.38,38.8,23.96,1002.93,1009.88,694.2,8.58,22.78,normal,normal,normal,
2026-10-03T03:47:00Z,49620,828,23.37,38.8,23.96,1002.85,1009.80,700.0,8.56,22.78,normal,normal,normal,
2026-10-03T03:48:00Z,49680,829,23.37,38.8,23.98,1002.80,1009.75,702.5,8.55,22.77,normal,normal,normal,
2026-10-03T03:49:00Z,49740,830,23.39,38.7,23.97,1002.81,1009.76,693.3,8.55,22.80,normal,normal,normal,
2026-10-03T03:50:00Z,49800,831,23.38,38.7,23.96,1002.79,1009.74,698.3,8.54,22.79,normal,normal,normal,
2026-10-03T03:51:00Z,49860,832,23.39,38.7,23.98,1002.71,1009.66,697.5,8.53,22.79,normal,normal,normal,
2026-10-03T03:52:00Z,49920,833,23.40,38.7,23.98,1002.71,1009.66,699.2,8.56,22.81,normal,normal,normal,
2026-10-03T03:53:00Z,49980,834,23.40,38.7,23.99,1002.76,1009.71,693.3,8.53,22.81,normal,normal,normal,
2026-10-03T03:54:00Z,50040,835,23.40,38.6,23.99,1002.73,1009.68,699.2,8.51,22.81,normal,normal,normal,
2026-10-03T03:55:00Z,50100,836,23.39,38.6,23.99,1002.67,1009.62,692.5,8.51,22.80,normal,normal,normal,
2026-10-03T03:56:00Z,50160,837,23.40,38.6,24.00,1002.66,1009.61,695.8,8.51,22.80,normal,normal,normal,
2026-10-03T03:57:00Z,50220,838,23.39,38.7,24.00,1002.69,1009.64,695.0,8.52,22.80,normal,normal,normal,
2026-10-03T03:58:00Z,50280,839,23.40,38.6,24.00,1002.66,1009.61,698.3,8.51,22.80,normal,normal,normal,
2026-10-03T03:59:00Z,50340,840,23.43,38.5,24.00,1002.61,1009.56,692.5,8.49,22.83,normal,normal,normal,
2026-10-03T04:00:00Z,50400,841,23.41,38.6,24.00,1002.55,1009.50,701.7,8.51,22.81,normal,normal,normal,
2026-10-03T04:01:00Z,50460,842,23.44,38.4,24.01,1002.57,1009.52,695.8,8.49,22.84,normal,normal,normal,
2026-10-03T04:02:00Z,50520,843,23.41,38.5,24.02,1002.53,1009.48,699.2,8.48,22.82,normal,normal,normal,
2026-10-03T04:03:00Z,50580,844,23.42,38.5,24.02,1002.61,1009.56,690.8,8.48,22.82,normal,normal,normal,
2026-10-03T04:04:00Z,50640,845,23.44,38.4,24.01,1002.54,1009.49,700.8,8.48,22.84,normal,normal,normal,
2026-10-03T04:05:00Z,50700,846,23.42,38.5,24.02,1002.47,1009.42,693.3,8.49,22.82,normal,normal,normal,
2026-10-03T04:06:00Z,50760,847,23.44,38.4,24.02,1002.47,1009.42,692.5,8.47,22.84,normal,normal,normal,
2026-10-03T04:07:00Z,50820,848,23.43,38.5,24.03,1002.49,1009.44,691.7,8.48,22.83,normal,normal,normal,
2026-10-03T04:08:00Z,50880,849,23.44,38.4,24.03,1002.40,1009.35,693.3,8.48,22.85,normal,normal,normal,
2026-10-03T04:09:00Z,50940,850,23.45,38.4,24.03,1002.40,1009.35,695.8,8.48,22.86,normal,normal,normal,
2026-10-03T04:10:00Z,51000,851,23.45,38.4,24.03,1002.40,1009.35,690.8,8.47,22.86,normal,normal,normal,
2026-10-03T04:11:00Z,51060,852,23.46,38.3,24.03,1002.38,1009.32,694.2,8.46,22.86,normal,normal,normal,
2026-10-03T04:12:00Z,51120,853,23.45,38.3,24.04,1002.34,1009.28,690.0,8.45,22.85,normal,normal,normal,
2026-10-03T04:13:00Z,51180,854,23.47,38.3,24.03,1002.35,1009.30,695.0,8.46,22.87,normal,normal,normal,
2026-10-03T04:14:00Z,51240,855,23.45,38.3,24.04,1002.31,1009.26,689.2,8.43,22.85,normal,normal,normal,
2026-10-03T04:15:00Z,51300,856,23.45,38.3,24.04,1002.25,1009.20,687.5,8.44,22.85,normal,normal,normal,
2026-10-03T04:16:00Z,51360,857,23.45,38.3,24.04,1002.25,1009.20,690.0,8.44,22.86,normal,normal,normal,
2026-10-03T04:17:00Z,51420,858,23.48,38.3,24.04,1002.31,1009.26,691.7,8.45,22.88,normal,normal,normal,
2026-10-03T04:18:00Z,51480,859,23.45,38.2,24.05,1002.27,1009.22,693.3,8.42,22.85,normal,normal,normal,
2026-10-03T04:19:00Z,51540,860,23.47,38.2,24.05,1002.24,1009.19,686.7,8.43,22.87,normal,normal,normal,
2026-10-03T04:20:00Z,51600,861,23.46,38.3,24.05,1002.24,1009.19,695.0,8.43,22.86,normal,normal,normal,
2026-10-03T04:21:00Z,51660,862,23.45,38.3,24.06,1002.20,1009.15,692.5,8.42,22.85,normal,normal,normal,
2026-10-03T04:22:00Z,51720,863,23.46,38.2,24.06,1002.15,1009.09,688.3,8.42,22.86,normal,normal,normal,
2026-10-03T04:23:00Z,51780,864,23.47,38.2,24.06,1002.20,1009.15,685.8,8.41,22.87,normal,normal,normal,
2026-10-03T04:24:00Z,51840,865,23.48,38.2,24.06,1002.12,1009.06,686.7,8.41,22.88,normal,normal,normal,
2026-10-03T04:25:00Z,51900,866,23.49,38.1,24.06,1002.12,1009.06,688.3,8.41,22.89,normal,normal,normal,
2026-10-03T04:26:00Z,51960,867,23.48,38.2,24.06,1002.09,1009.04,681.7,8.41,22.88,normal,normal,normal,
2026-10-03T04:27:00Z,52020,868,23.49,38.1,24.06,1002.06,1009.01,690.0,8.40,22.89,normal,normal,normal,
2026-10-03T04:28:00Z,52080,869,23.48,38.2,24.07,1002.05,1009.00,683.3,8.41,22.88,normal,normal,normal,
2026-10-03T04:29:00Z,52140,870,23.49,38.1,24.05,1002.05,1008.99,688.3,8.38,22.89,normal,normal,normal,
2026-10-03T04:30:00Z,52200,871,23.48,38.1,24.08,1001.96,1008.90,695.8,8.40,22.88,normal,normal,normal,PRESION_BAJANDO
2026-10-03T04:31:00Z,52260,872,23.48,38.2,24.07,1002.00,1008.94,682.5,8.40,22.88,normal,normal,normal,
2026-10-03T04:32:00Z,52320,873,23.48,38.1,24.07,1002.00,1008.94,683.3,8.40,22.88,normal,normal,normal,
2026-10-03T04:33:00Z,52380,874,23.48,38.1,24.07,1001.97,1008.91,681.7,8.38,22.88,normal,normal,normal,PRESION_BAJANDO
2026-10-03T04:34:00Z,52440,875,23.48,38.1,24.07,1001.91,1008.86,685.8,8.37,22.88,normal,normal,normal,PRESION_BAJANDO
2026-10-03T04:35:00Z,52500,876,23.50,38.0,24.08,1001.90,1008.85,686.7,8.38,22.90,normal,normal,normal,PRESION_BAJANDO
2026-10-03T04:36:00Z,52560,877,23.50,38.0,24.07,1001.89,1008.83,677.5,8.37,22.89,normal,normal,normal,PRESION_BAJANDO
2026-10-03T04:37:00Z,52620,878,23.49,38.0,24.08,1001.87,1008.82,680.0,8.36,22.89,normal,normal,normal,PRESION_BAJANDO
2026-10-03T04:38:00Z,52680,879,23.52,38.0,24.07,1001.86,1008.80,685.0,8.37,22.91,normal,normal,normal,PRESION_BAJANDO
2026-10-03T04:39:00Z,52740,880,23.49,38.0,24.08,1001.79,1008.73,682.5,8.37,22.89,normal,normal,normal,PRESION_BAJANDO
2026-10-03T04:40:00Z,52800,881,23.49,38.0,24.07,1001.80,1008.75,684.2,8.35,22.89,normal,normal,normal,PRESION_BAJANDO
2026-10-03T04:41:00Z,52860,882,23.51,38.0,24.08,1001.82,1008.76,676.7,8.36,22.90,normal,normal,normal,PRESION_BAJANDO
2026-10-03T04:42:00Z,52920,883,23.49,38.0,24.08,1001.76,1008.71,680.0,8.36,22.89,normal,normal,normal,PRESION_BAJANDO
2026-10-03T04:43:00Z,52980,884,23.49,38.0,24.08,1001.76,1008.71,680.8,8.34,22.88,normal,normal,normal,PRESION_BAJANDO
2026-10-03T04:44:00Z,53040,885,23.51,37.9,24.08,1001.74,1008.68,684.2,8.35,22.91,normal,normal,normal,PRESION_BAJANDO
2026-10-03T04:45:00Z,53100,886,23.50,38.0,24.08,1001.71,1008.65,675.8,8.35,22.89,normal,normal,normal,PRESION_BAJANDO
2026-10-03T04:46:00Z,53160,887,23.51,37.9,24.09,1001.72,1008.67,680.8,8.33,22.90,normal,normal,normal,PRESION_BAJANDO
2026-10-03T04:47:00Z,53220,888,23.51,37.8,24.09,1001.64,1008.58,682.5,8.31,22.90,normal,normal,normal,PRESION_BAJANDO
2026-10-03T04:48:00Z,53280,889,23.50,37.9,24.09,1001.64,1008.58,681.7,8.33,22.90,normal,normal,normal,PRESION_BAJANDO
2026-10-03T04:49:00Z,53340,890,23.52,37.9,24.08,1001.60,1008.54,681.7,8.35,22.92,normal,normal,normal,PRESION_BAJANDO
2026-10-03T04:50:00Z,53400,891,23.50,37.9,24.08,1001.63,1008.57,675.0,8.32,22.89,normal,normal,normal,PRESION_BAJANDO
2026-10-03T04:51:00Z,53460,892,23.49,37.9,24.09,1001.59,1008.53,673.3,8.31,22.88,normal,normal,normal,PRESION_BAJANDO
2026-10-03T04:52:00Z,53520,893,23.50,37.9,24.08,1001.57,1008.51,678.3,8.33,22.90,normal,normal,normal,PRESION_BAJANDO
2026-10-03T04:53:00Z,53580,894,23.51,37.9,24.09,1001.50,1008.44,680.0,8.32,22.91,normal,normal,normal,PRESION_BAJANDO
2026-10-03T04:54:00Z,53640,895,23.53,37.8,24.09,1001.50,1008.44,675.8,8.29,22.92,normal,normal,normal,PRESION_BAJANDO
2026-10-03T04:55:00Z,53700,896,23.50,37.8,24.09,1001.56,1008.50,681.7,8.30,22.90,normal,normal,normal,PRESION_BAJANDO
2026-10-03T04:56:00Z,53760,897,23.51,37.8,24.09,1001.39,1008.33,676.7,8.31,22.90,normal,normal,normal,PRESION_BAJANDO
2026-10-03T04:57:00Z,53820,898,23.50,37.8,24.09,1001.53,1008.47,674.2,8.29,22.89,normal,normal,normal,PRESION_BAJANDO
2026-10-03T04:58:00Z,53880,899,23.51,37.9,24.09,1001.45,1008.39,677.5,8.32,22.90,normal,normal,normal,PRESION_BAJANDO
2026-10-03T04:59:00Z,53940,900,23.50,37.9,24.09,1001.48,1008.42,669.2,8.31,22.90,normal,normal,normal,PRESION_BAJANDO
2026-10-03T05:00:00Z,54000,901,23.52,37.8,24.08,1001.43,1008.37,670.8,8.30,22.91,normal,normal,normal,PRESION_BAJANDO
2026-10-03T05:01:00Z,54060,902,23.50,37.8,24.10,1001.41,1008.35,673.3,8.30,22.89,normal,normal,normal,PRESION_BAJANDO
2026-10-03T05:02:00Z,54120,903,23.53,37.8,24.10,1001.35,1008.29,675.0,8.31,22.92,normal,normal,normal,PRESION_BAJANDO
2026-10-03T05:03:00Z,54180,904,23.55,37.8,24.13,1001.37,1008.31,675.0,8.33,22.94,normal,normal,normal,PRESION_BAJANDO
2026-10-03T05:04:00Z,54240,905,23.57,37.9,24.17,1001.30,1008.23,672.5,8.37,22.98,normal,normal,normal,PRESION_BAJANDO
2026-10-03T05:05:00Z,54300,906,23.63,37.8,24.23,1001.34,1008.28,666.7,8.40,23.03,normal,normal,normal,PRESION_BAJANDO
2026-10-03T05:06:00Z,54360,907,23.69,37.9,24.29,1001.30,1008.23,667.5,8.49,23.11,normal,normal,normal,PRESION_BAJANDO
2026-10-03T05:07:00Z,54420,908,23.77,37.9,24.35,1001.28,1008.21,675.8,8.56,23.19,normal,normal,normal,PRESION_BAJANDO
2026-10-03T05:08:00Z,54480,909,23.84,38.0,24.42,1001.25,1008.18,667.5,8.66,23.27,normal,normal,normal,PRESION_BAJANDO
2026-10-03T05:09:00Z,54540,910,23.93,38.0,24.50,1001.26,1008.19,663.3,8.73,23.37,normal,normal,normal,PRESION_BAJANDO
2026-10-03T05:10:00Z,54600,911,24.02,38.1,24.60,1001.17,1008.10,664.2,8.85,23.47,normal,normal,normal,PRESION_BAJANDO
2026-10-03T05:11:00Z,54660,912,24.11,38.1,24.71,1001.17,1008.10,671.7,8.95,23.57,normal,normal,normal,PRESION_BAJANDO
2026-10-03T05:12:00Z,54720,913,24.19,38.3,24.81,1001.19,1008.11,670.0,9.08,23.67,normal,normal,normal,PRESION_BAJANDO
2026-10-03T05:13:00Z,54780,914,24.32,38.2,24.92,1001.19,1008.11,673.3,9.19,23.81,normal,normal,normal,PRESION_BAJANDO
2026-10-03T05:14:00Z,54840,915,24.43,38.4,25.04,1001.18,1008.10,669.2,9.34,23.94,normal,normal,normal,PRESION_BAJANDO
2026-10-03T05:15:00Z,54900,916,24.57,38.5,25.16,1001.12,1008.04,662.5,9.49,24.08,normal,normal,normal,PRESION_BAJANDO
2026-10-03T05:16:00Z,54960,917,24.71,38.5,25.28,1001.09,1008.00,665.0,9.64,24.24,normal,normal,normal,PRESION_BAJANDO
2026-10-03T05:17:00Z,55020,918,24.84,38.6,25.42,1001.14,1008.04,670.8,9.80,24.39,normal,normal,normal,PRESION_BAJANDO
2026-10-03T05:18:00Z,55080,919,24.98,38.6,25.57,1001.06,1007.97,664.2,9.93,24.55,normal,normal,normal,PRESION_BAJANDO
2026-10-03T05:19:00Z,55140,920,25.13,38.8,25.72,1001.04,1007.94,664.2,10.10,24.71,normal,normal,normal,PRESION_BAJANDO
2026-10-03T05:20:00Z,55200,921,25.30,38.8,25.87,1001.08,1007.98,658.3,10.28,24.90,normal,normal,normal,PRESION_BAJANDO
2026-10-03T05:21:00Z,55260,922,25.45,39.0,26.03,1001.05,1007.94,658.3,10.47,25.07,normal,normal,normal,PRESION_BAJANDO
2026-10-03T05:22:00Z,55320,923,25.61,39.0,26.18,1001.03,1007.92,662.5,10.65,25.25,normal,normal,normal,PRESION_BAJANDO
2026-10-03T05:23:00Z,55380,924,25.76,39.2,26.35,1001.00,1007.88,656.7,10.82,25.41,normal,normal,normal,PRESION_BAJANDO
2026-10-03T05:24:00Z,55440,925,25.93,39.3,26.52,1000.93,1007.81,666.7,11.02,25.60,normal,normal,normal,PRESION_BAJANDO
2026-10-03T05:25:00Z,55500,926,26.09,39.4,26.69,1001.02,1007.90,662.5,11.23,25.78,normal,normal,normal,PRESION_BAJANDO
2026-10-03T05:26:00Z,55560,927,26.26,39.5,26.87,1000.97,1007.84,657.5,11.40,25.97,normal,normal,normal,PRESION_BAJANDO
2026-10-03T05:27:00Z,55620,928,26.45,39.5,27.03,1000.96,1007.83,660.0,11.58,26.18,alto,normal,normal,PRESION_BAJANDO
2026-10-03T05:28:00Z,55680,929,26.62,39.7,27.21,1000.93,1007.80,660.8,11.80,26.37,alto,normal,normal,PRESION_BAJANDO
2026-10-03T05:29:00Z,55740,930,26.79,39.8,27.37,1000.93,1007.80,660.8,11.97,26.70,alto,normal,normal,PRESION_BAJANDO
2026-10-03T05:30:00Z,55800,931,26.95,39.9,27.55,1000.82,1007.68,655.0,12.19,26.83,alto,normal,normal,PRESION_BAJANDO
2026-10-03T05:31:00Z,55860,932,27.11,40.0,27.70,1000.83,1007.68,650.8,12.36,26.95,alto,normal,normal,PRESION_BAJANDO
2026-10-03T05:32:00Z,55920,933,27.32,40.1,27.88,1000.86,1007.70,655.0,12.58,27.11,alto,normal,normal,CALOR_HUMEDO|PRESION_BAJANDO
2026-10-03T05:33:00Z,55980,934,27.46,40.3,28.05,1000.78,1007.63,657.5,12.77,27.23,alto,normal,normal,CALOR_HUMEDO|PRESION_BAJANDO
2026-10-03T05:34:00Z,56040,935,27.65,40.4,28.23,1000.83,1007.68,655.8,12.98,27.39,alto,normal,normal,CALOR_HUMEDO|PRESION_BAJANDO
2026-10-03T05:35:00Z,56100,936,27.83,40.4,28.40,1000.79,1007.62,652.5,13.15,27.54,alto,normal,normal,CALOR_HUMEDO|PRESION_BAJANDO
2026-10-03T05:36:00Z,56160,937,28.00,40.4,28.56,1000.76,1007.59,657.5,13.31,27.70,alto,normal,normal,CALOR_HUMEDO|PRESION_BAJANDO
2026-10-03T05:37:00Z,56220,938,28.14,40.7,28.74,1000.74,1007.57,655.8,13.54,27.84,alto,normal,normal,CALOR_HUMEDO|PRESION_BAJANDO
2026-10-03T05:38:00Z,56280,939,28.31,40.8,28.91,1000.78,1007.60,660.8,13.71,28.00,alto,normal,normal,CALOR_HUMEDO|PRESION_BAJANDO
2026-10-03T05:39:00Z,56340,940,28.47,40.9,29.06,1000.75,1007.57,650.0,13.89,28.16,alto,normal,normal,CALOR_HUMEDO|PRESION_BAJANDO
2026-10-03T05:40:00Z,56400,941,28.61,41.0,29.22,1000.66,1007.48,650.0,14.06,28.30,alto,normal,normal,CALOR_HUMEDO|PRESION_BAJANDO
2026-10-03T05:41:00Z,56460,942,28.78,41.1,29.38,1000.71,1007.53,652.5,14.26,28.48,alto,normal,normal,CALOR_HUMEDO|PRESION_BAJANDO
2026-10-03T05:42:00Z,56520,943,28.94,41.1,29.52,1000.68,1007.49,651.7,14.41,28.64,alto,normal,normal,CALOR_HUMEDO|PRESION_BAJANDO
2026-10-03T05:43:00Z,56580,944,29.07,41.3,29.66,1000.64,1007.45,645.0,14.60,28.80,alto,normal,normal,CALOR_HUMEDO|PRESION_BAJANDO
2026-10-03T05:44:00Z,56640,945,29.22,41.3,29.80,1000.63,1007.43,652.5,14.74,28.96,alto,normal,normal,CALOR_HUMEDO|PRESION_BAJANDO
2026-10-03T05:45:00Z,56700,946,29.33,41.5,29.95,1000.69,1007.49,648.3,14.90,29.10,alto,normal,normal,CALOR_HUMEDO|PRESION_BAJANDO
2026-10-03T05:46:00Z,56760,947,29.45,41.5,30.07,1000.65,1007.45,645.8,15.02,29.24,alto,normal,normal,CALOR_HUMEDO|PRESION_BAJANDO
2026-10-03T05:47:00Z,56820,948,29.57,41.7,30.17,1000.59,1007.39,647.5,15.20,29.39,alto,normal,normal,CALOR_HUMEDO|PRESION_BAJANDO
2026-10-03T05:48:00Z,56880,949,29.69,41.7,30.29,1000.61,1007.40,651.7,15.30,29.53,alto,normal,normal,CALOR_HUMEDO|PRESION_BAJANDO
2026-10-03T05:49:00Z,56940,950,29.81,41.7,30.40,1000.55,1007.34,642.5,15.42,29.67,alto,normal,normal,CALOR_HUMEDO|PRESION_BAJANDO
2026-10-03T05:50:00Z,57000,951,29.92,41.8,30.49,1000.55,1007.34,647.5,15.55,29.81,alto,normal,normal,CALOR_HUMEDO|PRESION_BAJANDO
2026-10-03T05:51:00Z,57060,952,30.00,41.9,30.59,1000.56,1007.35,650.8,15.66,29.92,alto,normal,normal,CALOR_HUMEDO|PRESION_BAJANDO
2026-10-03T05:52:00Z,57120,953,30.09,42.0,30.67,1000.54,1007.33,645.8,15.77,30.04,alto,normal,normal,CALOR_HUMEDO|PRESION_BAJANDO
2026-10-03T05:53:00Z,57180,954,30.18,41.9,30.75,1000.50,1007.28,645.8,15.82,30.14,alto,normal,normal,CALOR_HUMEDO|PRESION_BAJANDO
2026-10-03T05:54:00Z,57240,955,30.23,42.0,30.82,1000.49,1007.27,645.0,15.92,30.22,alto,normal,normal,CALOR_HUMEDO|PRESION_BAJANDO
2026-10-03T05:55:00Z,57300,956,30.29,42.0,30.87,1000.49,1007.26,645.0,15.97,30.29,alto,normal,normal,CALOR_HUMEDO|PRESION_BAJANDO
2026-10-03T05:56:00Z,57360,957,30.32,42.1,30.91,1000.49,1007.27,637.5,16.03,30.34,alto,normal,normal,CALOR_HUMEDO|PRESION_BAJANDO
2026-10-03T05:57:00Z,57420,958,30.39,42.1,30.95,1000.50,1007.27,638.3,16.08,30.42,alto,normal,normal,CALOR_HUMEDO|PRESION_BAJANDO
2026-10-03T05:58:00Z,57480,959,30.42,42.1,30.98,1000.43,1007.21,639.2,16.11,30.46,alto,normal,normal,CALOR_HUMEDO|PRESION_BAJANDO
2026-10-03T05:59:00Z,57540,960,30.40,42.2,31.00,1000.46,1007.24,638.3,16.12,30.45,alto,normal,normal,CALOR_HUMEDO|PRESION_BAJANDO
2026-10-03T06:00:00Z,57600,961,30.42,42.2,31.01,1000.42,1007.20,635.0,16.13,30.47,alto,normal,normal,CALOR_HUMEDO|PRESION_BAJANDO
2026-10-03T06:01:00Z,57660,962,30.42,42.2,31.00,1000.46,1007.24,640.0,16.15,30.48,alto,normal,normal,CALOR_HUMEDO|PRESION_BAJANDO
2026-10-03T06:02:00Z,57720,963,30.42,42.2,31.00,1000.41,1007.18,635.8,16.13,30.47,alto,normal,normal,CALOR_HUMEDO|PRESION_BAJANDO
2026-10-03T06:03:00Z,57780,964,30.39,42.2,31.00,1000.41,1007.18,636.7,16.13,30.45,alto,normal,normal,CALOR_HUMEDO|PRESION_BAJANDO
2026-10-03T06:04:00Z,57840,965,30.41,42.2,30.99,1000.36,1007.14,634.2,16.13,30.46,alto,normal,normal,CALOR_HUMEDO|PRESION_BAJANDO
2026-10-03T06:05:00Z,57900,966,30.41,42.1,31.00,1000.35,1007.12,640.0,16.11,30.45,alto,normal,normal,CALOR_HUMEDO|PRESION_BAJANDO
2026-10-03T06:06:00Z,57960,967,30.41,42.1,30.98,1000.43,1007.21,634.2,16.11,30.45,alto,normal,normal,CALOR_HUMEDO|PRESION_BAJANDO
2026-10-03T06:07:00Z,58020,968,30.40,42.2,30.99,1000.33,1007.11,637.5,16.11,30.44,alto,normal,normal,CALOR_HUMEDO|PRESION_BAJANDO
2026-10-03T06:08:00Z,58080,969,30.38,42.2,30.99,1000.39,1007.17,634.2,16.11,30.43,alto,normal,normal,CALOR_HUMEDO|PRESION_BAJANDO
2026-10-03T06:09:00Z,58140,970,30.40,42.2,30.99,1000.28,1007.05,636.7,16.11,30.44,alto,normal,normal,CALOR_HUMEDO|PRESION_BAJANDO
2026-10-03T06:10:00Z,58200,971,30.38,42.3,30.98,1000.26,1007.04,632.5,16.13,30.43,alto,normal,normal,CALOR_HUMEDO|PRESION_BAJANDO
2026-10-03T06:11:00Z,58260,972,30.38,42.2,30.98,1000.29,1007.07,637.5,16.10,30.42,alto,normal,normal,CALOR_HUMEDO|PRESION_BAJANDO
2026-10-03T06:12:00Z,58320,973,30.39,42.1,30.96,1000.29,1007.06,631.7,16.09,30.43,alto,normal,normal,CALOR_HUMEDO|PRESION_BAJANDO
2026-10-03T06:13:00Z,58380,974,30.38,42.2,30.97,1000.22,1006.99,629.2,16.10,30.42,alto,normal,normal,CALOR_HUMEDO|PRESION_BAJANDO
2026-10-03T06:14:00Z,58440,975,30.39,42.1,30.96,1000.26,1007.04,627.5,16.09,30.43,alto,normal,normal,CALOR_HUMEDO|PRESION_BAJANDO
2026-10-03T06:15:00Z,58500,976,30.36,42.2,30.96,1000.29,1007.06,629.2,16.11,30.41,alto,normal,normal,CALOR_HUMEDO|PRESION_BAJANDO
2026-10-03T06:16:00Z,58560,977,30.36,42.2,30.96,1000.23,1007.01,633.3,16.10,30.40,alto,normal,normal,CALOR_HUMEDO|PRESION_BAJANDO
2026-10-03T06:17:00Z,58620,978,30.36,42.3,30.94,1000.23,1007.01,625.8,16.12,30.41,alto,normal,normal,CALOR_HUMEDO|PRESION_BAJANDO
2026-10-03T06:18:00Z,58680,979,30.36,42.2,30.94,1000.20,1006.98,624.2,16.09,30.40,alto,normal,normal,CALOR_HUMEDO|PRESION_BAJANDO
2026-10-03T06:19:00Z,58740,980,30.35,42.2,30.94,1000.20,1006.98,623.3,16.10,30.40,alto,normal,normal,CALOR_HUMEDO|PRESION_BAJANDO
2026-10-03T06:20:00Z,58800,981,30.35,42.2,30.94,1000.29,1007.06,630.0,16.09,30.39,alto,normal,normal,CALOR_HUMEDO|PRESION_BAJANDO
2026-10-03T06:21:00Z,58860,982,30.35,42.2,30.93,1000.22,1006.99,621.7,16.08,30.39,alto,normal,normal,CALOR_HUMEDO|PRESION_BAJANDO
2026-10-03T06:22:00Z,58920,983,30.34,42.2,30.93,1000.13,1006.91,623.3,16.08,30.38,alto,normal,normal,CALOR_HUMEDO|PRESION_BAJANDO
2026-10-03T06:23:00Z,58980,984,30.33,42.2,30.93,1000.16,1006.93,624.2,16.08,30.36,alto,normal,normal,CALOR_HUMEDO|PRESION_BAJANDO
2026-10-03T06:24:00Z,59040,985,30.34,42.2,30.92,1000.20,1006.98,617.5,16.07,30.37,alto,normal,normal,CALOR_HUMEDO|PRESION_BAJANDO
2026-10-03T06:25:00Z,59100,986,30.34,42.3,30.92,1000.17,1006.95,620.8,16.09,30.38,alto,normal,normal,CALOR_HUMEDO|PRESION_BAJANDO
2026-10-03T06:26:00Z,59160,987,30.33,42.2,30.92,1000.20,1006.98,617.5,16.07,30.36,alto,normal,normal,CALOR_HUMEDO|PRESION_BAJANDO
2026-10-03T06:27:00Z,59220,988,30.33,42.3,30.92,1000.17,1006.95,619.2,16.08,30.36,alto,normal,normal,CALOR_HUMEDO|PRESION_BAJANDO
2026-10-03T06:28:00Z,59280,989,30.34,42.3,30.91,1000.16,1006.93,621.7,16.09,30.38,alto,normal,normal,CALOR_HUMEDO|PRESION_BAJANDO
2026-10-03T06:29:00Z,59340,990,30.29,42.3,30.91,1000.10,1006.88,615.0,16.09,30.34,alto,normal,normal,CALOR_HUMEDO|PRESION_BAJANDO
2026-10-03T06:30:00Z,59400,991,30.32,42.2,30.90,1000.11,1006.89,621.7,16.06,30.35,alto,normal,normal,CALOR_HUMEDO|PRESION_BAJANDO
2026-10-03T06:31:00Z,59460,992,30.30,42.3,30.90,1000.11,1006.89,620.0,16.07,30.34,alto,normal,normal,CALOR_HUMEDO|PRESION_BAJANDO
2026-10-03T06:32:00Z,59520,993,30.30,42.3,30.89,1000.10,1006.87,614.2,16.08,30.34,alto,normal,normal,CALOR_HUMEDO|PRESION_BAJANDO
2026-10-03T06:33:00Z,59580,994,30.31,42.3,30.88,1000.08,1006.86,614.2,16.09,30.35,alto,normal,normal,CALOR_HUMEDO|PRESION_BAJANDO
2026-10-03T06:34:00Z,59640,995,30.29,42.3,30.88,1000.14,1006.92,619.2,16.07,30.32,alto,normal,normal,CALOR_HUMEDO|PRESION_BAJANDO
2026-10-03T06:35:00Z,59700,996,30.29,42.4,30.88,1000.06,1006.83,615.8,16.09,30.34,alto,normal,normal,CALOR_HUMEDO|PRESION_BAJANDO
2026-10-03T06:36:00Z,59760,997,30.30,42.3,30.88,1000.11,1006.89,615.8,16.07,30.34,alto,normal,normal,CALOR_HUMEDO|PRESION_BAJANDO
2026-10-03T06:37:00Z,59820,998,30.29,42.4,30.87,1000.12,1006.90,615.0,16.08,30.33,alto,normal,normal,CALOR_HUMEDO|PRESION_BAJANDO
2026-10-03T06:38:00Z,59880,999,30.28,42.3,30.87,1000.10,1006.87,613.3,16.07,30.31,alto,normal,normal,CALOR_HUMEDO|PRESION_BAJANDO
2026-10-03T06:39:00Z,59940,1000,30.30,42.3,30.86,1000.11,1006.88,610.0,16.06,30.33,alto,normal,normal,CALOR_HUMEDO|PRESION_BAJANDO
2026-10-03T06:40:00Z,60000,1001,30.27,42.4,30.86,1000.05,1006.83,608.3,16.07,30.30,alto,normal,normal,CALOR_HUMEDO|PRESION_BAJANDO
2026-10-03T06:41:00Z,60060,1002,30.27,42.3,30.83,1000.12,1006.90,603.3,16.06,30.30,alto,normal,normal,CALOR_HUMEDO|PRESION_BAJANDO
2026-10-03T06:42:00Z,60120,1003,30.23,42.4,30.85,1000.07,1006.84,612.5,16.06,30.27,alto,normal,normal,CALOR_HUMEDO|PRESION_BAJANDO
2026-10-03T06:43:00Z,60180,1004,30.25,42.3,30.84,1000.02,1006.80,608.3,16.04,30.28,alto,normal,normal,CALOR_HUMEDO|PRESION_BAJANDO
2026-10-03T06:44:00Z,60240,1005,30.27,42.3,30.84,1000.02,1006.80,608.3,16.04,30.30,alto,normal,normal,CALOR_HUMEDO|PRESION_BAJANDO
2026-10-03T06:45:00Z,60300,1006,30.26,42.3,30.83,1000.01,1006.78,609.2,16.05,30.29,alto,normal,normal,CALOR_HUMEDO|PRESION_BAJANDO
2026-10-03T06:46:00Z,60360,1007,30.24,42.4,30.84,1000.02,1006.80,605.8,16.05,30.28,alto,normal,normal,CALOR_HUMEDO|PRESION_BAJANDO
2026-10-03T06:47:00Z,60420,1008,30.23,42.4,30.82,999.99,1006.77,604.2,16.05,30.26,alto,normal,normal,CALOR_HUMEDO|PRESION_BAJANDO
2026-10-03T06:48:00Z,60480,1009,30.24,42.4,30.81,1000.03,1006.81,606.7,16.04,30.27,alto,normal,normal,CALOR_HUMEDO|PRESION_BAJANDO
2026-10-03T06:49:00Z,60540,1010,30.22,42.4,30.82,1000.10,1006.88,602.5,16.04,30.26,alto,normal,normal,CALOR_HUMEDO|PRESION_BAJANDO
2026-10-03T06:50:00Z,60600,1011,30.22,42.4,30.81,999.98,1006.75,604.2,16.04,30.25,alto,normal,normal,CALOR_HUMEDO|PRESION_BAJANDO
2026-10-03T06:51:00Z,60660,1012,30.24,42.4,30.80,1000.02,1006.79,602.5,16.04,30.26,alto,normal,normal,CALOR_HUMEDO|PRESION_BAJANDO
2026-10-03T06:52:00Z,60720,1013,30.21,42.4,30.80,999.99,1006.77,598.3,16.04,30.24,alto,normal,normal,CALOR_HUMEDO|PRESION_BAJANDO
2026-10-03T06:53:00Z,60780,1014,30.21,42.4,30.80,1000.05,1006.82,599.2,16.04,30.24,alto,normal,normal,CALOR_HUMEDO|PRESION_BAJANDO
2026-10-03T06:54:00Z,60840,1015,30.19,42.5,30.79,1000.00,1006.78,603.3,16.04,30.23,alto,normal,normal,CALOR_HUMEDO|PRESION_BAJANDO
2026-10-03T06:55:00Z,60900,1016,30.22,42.4,30.79,1000.03,1006.81,600.0,16.03,30.25,alto,normal,normal,CALOR_HUMEDO|PRESION_BAJANDO
2026-10-03T06:56:00Z,60960,1017,30.19,42.4,30.79,1000.03,1006.81,595.0,16.03,30.22,alto,normal,normal,CALOR_HUMEDO|PRESION_BAJANDO
2026-10-03T06:57:00Z,61020,1018,30.19,42.5,30.77,1000.06,1006.83,597.5,16.04,30.22,alto,normal,normal,CALOR_HUMEDO|PRESION_BAJANDO
2026-10-03T06:58:00Z,61080,1019,30.18,42.4,30.77,1000.03,1006.81,593.3,16.02,30.21,alto,normal,normal,CALOR_HUMEDO|PRESION_BAJANDO
2026-10-03T06:59:00Z,61140,1020,30.18,42.5,30.76,1000.07,1006.85,595.0,16.03,30.21,alto,normal,normal,CALOR_HUMEDO|PRESION_BAJANDO
2026-10-03T07:00:00Z,61200,1021,30.18,42.5,30.76,999.98,1006.76,586.7,16.04,30.21,alto,normal,normal,CALOR_HUMEDO|PRESION_BAJANDO
2026-10-03T07:01:00Z,61260,1022,30.14,42.5,30.74,999.95,1006.73,597.5,16.01,30.16,alto,normal,normal,CALOR_HUMEDO|PRESION_BAJANDO
2026-10-03T07:02:00Z,61320,1023,30.08,42.5,30.67,1000.04,1006.82,595.0,15.93,30.08,alto,normal,normal,CALOR_HUMEDO|PRESION_BAJANDO
2026-10-03T07:03:00Z,61380,1024,29.97,42.5,30.56,1000.07,1006.85,588.3,15.85,29.96,alto,normal,normal,CALOR_HUMEDO|PRESION_BAJANDO
2026-10-03T07:04:00Z,61440,1025,29.85,42.3,30.42,1000.02,1006.81,595.0,15.66,29.78,alto,normal,normal,CALOR_HUMEDO|PRESION_BAJANDO
2026-10-03T07:05:00Z,61500,1026,29.66,42.3,30.25,999.96,1006.75,591.7,15.49,29.56,alto,normal,normal,CALOR_HUMEDO|PRESION_BAJANDO
2026-10-03T07:06:00Z,61560,1027,29.45,42.1,30.04,1000.08,1006.87,589.2,15.23,29.29,alto,normal,normal,CALOR_HUMEDO|PRESION_BAJANDO
2026-10-03T07:07:00Z,61620,1028,29.20,42.0,29.80,1000.02,1006.82,590.8,14.98,29.01,alto,normal,normal,CALOR_HUMEDO|PRESION_BAJANDO
2026-10-03T07:08:00Z,61680,1029,28.94,41.8,29.54,999.96,1006.76,586.7,14.68,28.71,alto,normal,normal,CALOR_HUMEDO|PRESION_BAJANDO
2026-10-03T07:09:00Z,61740,1030,28.65,41.6,29.25,999.99,1006.80,581.7,14.33,28.39,alto,normal,normal,CALOR_HUMEDO|PRESION_BAJANDO
2026-10-03T07:10:00Z,61800,1031,28.35,41.4,28.94,1000.04,1006.86,589.2,14.00,28.09,alto,normal,normal,CALOR_HUMEDO|PRESION_BAJANDO
2026-10-03T07:11:00Z,61860,1032,28.01,41.3,28.62,1000.03,1006.85,580.0,13.64,27.76,alto,normal,normal,CALOR_HUMEDO|PRESION_BAJANDO
2026-10-03T07:12:00Z,61920,1033,27.70,41.0,28.28,999.97,1006.80,584.2,13.27,27.47,alto,normal,normal,CALOR_HUMEDO|PRESION_BAJANDO
2026-10-03T07:13:00Z,61980,1034,27.34,40.8,27.93,999.99,1006.83,580.0,12.85,27.16,alto,normal,normal,CALOR_HUMEDO|PRESION_BAJANDO
2026-10-03T07:14:00Z,62040,1035,27.00,40.6,27.58,1000.01,1006.86,581.7,12.47,26.89,alto,normal,normal,PRESION_BAJANDO
2026-10-03T07:15:00Z,62100,1036,26.64,40.4,27.25,999.94,1006.80,580.0,12.07,26.41,alto,normal,normal,PRESION_BAJANDO
2026-10-03T07:16:00Z,62160,1037,26.29,40.2,26.88,1000.01,1006.88,583.3,11.67,26.02,alto,normal,normal,PRESION_BAJANDO
2026-10-03T07:17:00Z,62220,1038,25.93,40.0,26.53,1000.00,1006.88,581.7,11.28,25.62,alto,normal,normal,PRESION_BAJANDO
2026-10-03T07:18:00Z,62280,1039,25.59,39.8,26.18,1000.05,1006.93,578.3,10.91,25.24,normal,normal,normal,PRESION_BAJANDO
2026-10-03T07:19:00Z,62340,1040,25.25,39.6,25.82,1000.06,1006.95,579.2,10.53,24.86,normal,normal,normal,PRESION_BAJANDO
2026-10-03T07:20:00Z,62400,1041,24.91,39.4,25.51,1000.00,1006.90,573.3,10.14,24.49,normal,normal,normal,PRESION_BAJANDO
2026-10-03T07:21:00Z,62460,1042,24.60,39.1,25.20,1000.00,1006.90,575.8,9.78,24.13,normal,normal,normal,PRESION_BAJANDO
2026-10-03T07:22:00Z,62520,1043,24.32,39.0,24.90,1000.06,1006.97,574.2,9.46,23.82,normal,normal,normal,PRESION_BAJANDO
2026-10-03T07:23:00Z,62580,1044,24.04,38.8,24.63,1000.00,1006.92,571.7,9.15,23.52,normal,normal,normal,PRESION_BAJANDO
2026-10-03T07:24:00Z,62640,1045,23.80,38.7,24.39,1000.02,1006.94,578.3,8.88,23.24,normal,normal,normal,PRESION_BAJANDO
2026-10-03T07:25:00Z,62700,1046,23.56,38.6,24.16,999.98,1006.91,580.0,8.65,22.98,normal,normal,normal,PRESION_BAJANDO
2026-10-03T07:26:00Z,62760,1047,23.40,38.4,23.97,999.94,1006.87,572.5,8.43,22.80,normal,normal,normal,PRESION_BAJANDO
2026-10-03T07:27:00Z,62820,1048,23.23,38.4,23.81,1000.00,1006.93,570.8,8.27,22.61,normal,normal,normal,PRESION_BAJANDO
2026-10-03T07:28:00Z,62880,1049,23.10,38.4,23.69,1000.03,1006.97,570.8,8.15,22.47,normal,normal,normal,PRESION_BAJANDO
2026-10-03T07:29:00Z,62940,1050,23.02,38.3,23.62,999.98,1006.92,564.2,8.07,22.38,normal,normal,normal,PRESION_BAJANDO
2026-10-03T07:30:00Z,63000,1051,22.98,38.3,23.58,1000.00,1006.95,570.0,8.01,22.33,normal,normal,normal,
2026-10-03T07:31:00Z,63060,1052,22.97,38.3,23.57,1000.07,1007.01,557.5,8.00,22.33,normal,normal,normal,
2026-10-03T07:32:00Z,63120,1053,22.98,38.3,23.56,999.97,1006.91,570.0,8.01,22.34,normal,normal,normal,
2026-10-03T07:33:00Z,63180,1054,22.98,38.3,23.55,1000.01,1006.96,562.5,8.00,22.33,normal,normal,normal,
2026-10-03T07:34:00Z,63240,1055,22.97,38.3,23.54,1000.02,1006.97,563.3,8.01,22.32,normal,normal,normal,
2026-10-03T07:35:00Z,63300,1056,22.95,38.3,23.54,1000.02,1006.97,566.7,8.01,22.31,normal,normal,normal,
2026-10-03T07:36:00Z,63360,1057,22.97,38.4,23.53,1000.04,1006.98,565.0,8.02,22.32,normal,normal,normal,
2026-10-03T07:37:00Z,63420,1058,22.94,38.3,23.52,999.97,1006.91,566.7,8.00,22.29,normal,normal,normal,
2026-10-03T07:38:00Z,63480,1059,22.93,38.4,23.53,999.98,1006.93,560.0,8.01,22.28,normal,normal,normal,
2026-10-03T07:39:00Z,63540,1060,22.93,38.4,23.51,1000.01,1006.95,560.8,8.01,22.28,normal,normal,normal,
2026-10-03T07:40:00Z,63600,1061,22.93,38.4,23.51,1000.03,1006.98,555.8,8.01,22.28,normal,normal,normal,
2026-10-03T07:41:00Z,63660,1062,22.94,38.4,23.50,999.96,1006.91,561.7,8.00,22.29,normal,normal,normal,
2026-10-03T07:42:00Z,63720,1063,22.91,38.4,23.50,1000.02,1006.96,561.7,8.01,22.26,normal,normal,normal,
2026-10-03T07:43:00Z,63780,1064,22.88,38.5,23.48,1000.04,1006.99,560.8,7.99,22.22,normal,normal,normal,
2026-10-03T07:44:00Z,63840,1065,22.88,38.5,23.48,999.99,1006.93,556.7,8.02,22.23,normal,normal,normal,
2026-10-03T07:45:00Z,63900,1066,22.89,38.5,23.46,999.98,1006.93,553.3,8.00,22.24,normal,normal,normal,
2026-10-03T07:46:00Z,63960,1067,22.88,38.5,23.46,1000.04,1006.98,556.7,8.01,22.23,normal,normal,normal,
2026-10-03T07:47:00Z,64020,1068,22.88,38.5,23.46,1000.01,1006.96,551.7,7.99,22.22,normal,normal,normal,
2026-10-03T07:48:00Z,64080,1069,22.87,38.6,23.46,1000.01,1006.96,554.2,8.02,22.22,normal,normal,normal,
2026-10-03T07:49:00Z,64140,1070,22.87,38.5,23.44,999.98,1006.93,551.7,7.99,22.22,normal,normal,normal,
2026-10-03T07:50:00Z,64200,1071,22.84,38.6,23.43,1000.02,1006.97,551.7,8.00,22.18,normal,normal,normal,
2026-10-03T07:51:00Z,64260,1072,22.84,38.6,23.43,999.97,1006.91,550.0,8.00,22.19,normal,normal,normal,
2026-10-03T07:52:00Z,64320,1073,22.83,38.6,23.42,1000.03,1006.98,545.8,8.00,22.18,normal,normal,normal,
2026-10-03T07:53:00Z,64380,1074,22.84,38.6,23.42,1000.03,1006.98,542.5,8.02,22.19,normal,normal,normal,
2026-10-03T07:54:00Z,64440,1075,22.81,38.7,23.41,1000.04,1006.99,545.0,8.01,22.16,normal,normal,normal,
2026-10-03T07:55:00Z,64500,1076,22.80,38.7,23.40,1000.00,1006.95,553.3,8.01,22.15,normal,normal,normal,
2026-10-03T07:56:00Z,64560,1077,22.81,38.7,23.39,999.99,1006.93,544.2,8.01,22.16,normal,normal,normal,
2026-10-03T07:57:00Z,64620,1078,22.82,38.6,23.39,999.96,1006.91,540.8,8.00,22.16,normal,normal,normal,
2026-10-03T07:58:00Z,64680,1079,22.80,38.7,23.37,1000.01,1006.96,542.5,8.00,22.14,normal,normal,normal,
2026-10-03T07:59:00Z,64740,1080,22.78,38.7,23.36,999.97,1006.92,545.0,7.98,22.13,normal,normal,normal,
2026-10-03T08:00:00Z,64800,1081,22.77,38.7,23.37,999.98,1006.93,538.3,7.99,22.12,normal,normal,normal,
2026-10-03T08:01:00Z,64860,1082,22.76,38.8,23.36,1000.02,1006.96,517.5,8.01,22.11,normal,normal,normal,
2026-10-03T08:02:00Z,64920,1083,22.76,38.7,23.35,1000.00,1006.95,436.7,7.98,22.10,normal,normal,normal,
2026-10-03T08:03:00Z,64980,1084,22.76,38.8,23.35,999.95,1006.89,330.0,8.01,22.10,normal,normal,normal,
2026-10-03T08:04:00Z,65040,1085,22.74,38.7,23.33,999.97,1006.92,220.0,7.98,22.08,normal,normal,bajo,
2026-10-03T08:05:00Z,65100,1086,22.73,38.8,23.33,1000.00,1006.95,130.0,8.00,22.07,normal,normal,bajo,
2026-10-03T08:06:00Z,65160,1087,22.73,38.9,23.32,999.98,1006.93,86.7,8.01,22.07,normal,normal,bajo,
2026-10-03T08:07:00Z,65220,1088,22.73,38.9,23.32,1000.06,1007.01,84.2,8.01,22.07,normal,normal,bajo,
2026-10-03T08:08:00Z,65280,1089,22.71,38.9,23.31,1000.02,1006.97,83.3,7.99,22.05,normal,normal,bajo,
2026-10-03T08:09:00Z,65340,1090,22.70,38.9,23.30,1000.01,1006.96,83.3,8.01,22.05,normal,normal,bajo,
2026-10-03T08:10:00Z,65400,1091,22.70,38.9,23.29,1000.02,1006.97,81.7,7.99,22.04,normal,normal,bajo,
2026-10-03T08:11:00Z,65460,1092,22.69,38.9,23.28,1000.03,1006.98,80.0,7.98,22.03,normal,normal,bajo,
2026-10-03T08:12:00Z,65520,1093,22.68,38.9,23.27,999.99,1006.94,79.2,7.98,22.02,normal,normal,bajo,
2026-10-03T08:13:00Z,65580,1094,22.67,39.0,23.26,1000.03,1006.98,78.3,8.00,22.01,normal,normal,bajo,
2026-10-03T08:14:00Z,65640,1095,22.67,39.0,23.25,1000.07,1007.02,77.5,8.00,22.01,normal,normal,bajo,
2026-10-03T08:15:00Z,65700,1096,22.65,39.0,23.25,999.98,1006.93,76.7,8.00,21.99,normal,normal,bajo,
2026-10-03T08:16:00Z,65760,1097,22.62,39.1,23.24,1000.02,1006.98,75.0,8.00,21.96,normal,normal,bajo,
2026-10-03T08:17:00Z,65820,1098,22.65,39.0,23.24,1000.02,1006.97,74.2,7.99,21.99,normal,normal,bajo,
2026-10-03T08:18:00Z,65880,1099,22.62,39.1,23.22,1000.05,1007.00,74.2,8.00,21.96,normal,normal,bajo,
2026-10-03T08:19:00Z,65940,1100,22.61,39.1,23.22,999.99,1006.94,72.5,7.99,21.95,normal,normal,bajo,
2026-10-03T08:20:00Z,66000,1101,22.62,39.1,23.21,1000.01,1006.96,71.7,7.98,21.96,normal,normal,bajo,
2026-10-03T08:21:00Z,66060,1102,22.61,39.1,23.20,999.99,1006.94,70.8,7.99,21.94,normal,normal,bajo,
2026-10-03T08:22:00Z,66120,1103,22.58,39.3,23.19,1000.00,1006.95,69.2,8.02,21.92,normal,normal,bajo,
2026-10-03T08:23:00Z,66180,1104,22.57,39.3,23.19,1000.00,1006.95,69.2,8.03,21.91,normal,normal,bajo,
2026-10-03T08:24:00Z,66240,1105,22.56,39.2,23.17,999.97,1006.92,67.5,8.00,21.90,normal,normal,bajo,
2026-10-03T08:25:00Z,66300,1106,22.58,39.2,23.17,1000.00,1006.95,66.7,8.01,21.92,normal,normal,bajo,
2026-10-03T08:26:00Z,66360,1107,22.57,39.2,23.15,1000.05,1007.00,65.8,8.00,21.90,normal,normal,bajo,
2026-10-03T08:27:00Z,66420,1108,22.54,39.3,23.15,1000.02,1006.98,65.0,8.01,21.88,normal,normal,bajo,
2026-10-03T08:28:00Z,66480,1109,22.53,39.4,23.15,1000.00,1006.95,64.2,8.01,21.86,normal,normal,bajo,
2026-10-03T08:29:00Z,66540,1110,22.53,39.3,23.13,1000.02,1006.97,63.3,7.99,21.87,normal,normal,bajo,
2026-10-03T08:30:00Z,66600,1111,22.51,39.4,23.13,1000.02,1006.97,61.7,8.02,21.84,normal,normal,bajo,
2026-10-03T08:31:00Z,66660,1112,22.54,39.3,23.12,1000.00,1006.96,60.8,8.01,21.87,normal,normal,bajo,
2026-10-03T08:32:00Z,66720,1113,22.52,39.3,23.11,999.99,1006.94,60.0,8.00,21.86,normal,normal,bajo,
2026-10-03T08:33:00Z,66780,1114,22.48,39.5,23.09,1000.01,1006.97,59.2,8.01,21.82,normal,normal,bajo,
2026-10-03T08:34:00Z,66840,1115,22.50,39.4,23.09,1000.07,1007.02,57.5,8.00,21.83,normal,normal,bajo,
2026-10-03T08:35:00Z,66900,1116,22.50,39.5,23.09,999.99,1006.94,57.5,8.03,21.83,normal,normal,bajo,
2026-10-03T08:36:00Z,66960,1117,22.48,39.5,23.08,999.94,1006.90,56.7,8.01,21.81,normal,normal,bajo,
2026-10-03T08:37:00Z,67020,1118,22.47,39.5,23.07,1000.04,1006.99,55.0,8.02,21.81,normal,normal,bajo,
2026-10-03T08:38:00Z,67080,1119,22.47,39.4,23.05,1000.03,1006.99,55.0,7.99,21.80,normal,normal,bajo,
2026-10-03T08:39:00Z,67140,1120,22.46,39.5,23.05,1000.01,1006.96,53.3,8.00,21.79,normal,normal,bajo,
2026-10-03T08:40:00Z,67200,1121,22.45,39.5,23.04,999.99,1006.95,51.7,8.02,21.79,normal,normal,bajo,
2026-10-03T08:41:00Z,67260,1122,22.43,39.6,23.02,1000.07,1007.03,51.7,8.03,21.76,normal,normal,bajo,
2026-10-03T08:42:00Z,67320,1123,22.41,39.6,23.02,999.99,1006.94,50.0,8.02,21.75,normal,normal,bajo,
2026-10-03T08:43:00Z,67380,1124,22.41,39.7,23.01,1000.03,1006.98,49.2,8.02,21.74,normal,normal,bajo,
2026-10-03T08:44:00Z,67440,1125,22.40,39.7,22.99,1000.00,1006.95,48.3,8.03,21.73,normal,normal,bajo,
2026-10-03T08:45:00Z,67500,1126,22.40,39.7,22.99,1000.02,1006.98,46.7,8.02,21.73,normal,normal,bajo,
2026-10-03T08:46:00Z,67560,1127,22.38,39.8,22.98,999.95,1006.91,45.8,8.04,21.71,normal,normal,bajo,
2026-10-03T08:47:00Z,67620,1128,22.39,39.7,22.96,1000.03,1006.99,45.8,8.01,21.73,normal,normal,bajo,
2026-10-03T08:48:00Z,67680,1129,22.36,39.8,22.97,1000.02,1006.98,44.2,8.02,21.69,normal,normal,bajo,
2026-10-03T08:49:00Z,67740,1130,22.35,39.8,22.95,1000.07,1007.03,42.5,8.00,21.68,normal,normal,bajo,
2026-10-03T08:50:00Z,67800,1131,22.34,39.8,22.95,1000.02,1006.98,41.7,8.01,21.67,normal,normal,bajo,
2026-10-03T08:51:00Z,67860,1132,22.32,39.9,22.93,1000.02,1006.97,41.7,8.02,21.65,normal,normal,bajo,
2026-10-03T08:52:00Z,67920,1133,22.34,39.9,22.94,999.98,1006.93,40.0,8.04,21.67,normal,normal,bajo,
2026-10-03T08:53:00Z,67980,1134,22.33,39.9,22.92,1000.00,1006.96,40.0,8.02,21.65,normal,normal,bajo,
2026-10-03T08:54:00Z,68040,1135,22.31,40.0,22.91,1000.04,1007.00,38.3,8.05,21.64,normal,normal,bajo,
2026-10-03T08:55:00Z,68100,1136,22.30,39.9,22.90,1000.02,1006.98,37.5,8.02,21.63,normal,normal,bajo,
2026-10-03T08:56:00Z,68160,1137,22.27,40.0,22.89,1000.04,1007.00,36.7,8.02,21.60,normal,normal,bajo,
2026-10-03T08:57:00Z,68220,1138,22.29,40.0,22.88,1000.02,1006.98,35.0,8.04,21.62,normal,normal,bajo,
2026-10-03T08:58:00Z,68280,1139,22.27,40.0,22.87,1000.01,1006.97,34.2,8.03,21.59,normal,normal,bajo,
2026-10-03T08:59:00Z,68340,1140,22.26,40.0,22.86,1000.05,1007.01,33.3,8.01,21.59,normal,normal,bajo,
2026-10-03T09:00:00Z,68400,1141,22.27,40.0,22.84,999.99,1006.95,32.5,8.03,21.60,normal,normal,bajo,
2026-10-03T09:01:00Z,68460,1142,22.24,40.1,22.84,1000.07,1007.03,30.8,8.03,21.57,normal,normal,bajo,
2026-10-03T09:02:00Z,68520,1143,22.25,40.1,22.83,1000.03,1006.99,30.0,8.03,21.58,normal,normal,bajo,
2026-10-03T09:03:00Z,68580,1144,22.23,40.1,22.82,1000.04,1007.00,29.2,8.04,21.56,normal,normal,bajo,
2026-10-03T09:04:00Z,68640,1145,22.22,40.2,22.81,1000.02,1006.98,28.3,8.05,21.54,normal,normal,bajo,
2026-10-03T09:05:00Z,68700,1146,22.19,40.2,22.80,1000.04,1007.00,27.5,8.03,21.52,normal,normal,bajo,
2026-10-03T09:06:00Z,68760,1147,22.20,40.2,22.79,1000.02,1006.98,25.8,8.05,21.53,normal,normal,bajo,
2026-10-03T09:07:00Z,68820,1148,22.20,40.3,22.78,1000.06,1007.02,25.0,8.06,21.53,normal,normal,bajo,
2026-10-03T09:08:00Z,68880,1149,22.19,40.3,22.78,1000.03,1006.99,24.2,8.04,21.51,normal,normal,bajo,
2026-10-03T09:09:00Z,68940,1150,22.16,40.3,22.76,1000.00,1006.96,23.3,8.03,21.49,normal,normal,bajo,
2026-10-03T09:10:00Z,69000,1151,22.16,40.4,22.75,1000.04,1007.00,22.5,8.06,21.49,normal,normal,bajo,
2026-10-03T09:11:00Z,69060,1152,22.16,40.4,22.74,1000.00,1006.96,21.7,8.06,21.48,normal,normal,bajo,
2026-10-03T09:12:00Z,69120,1153,22.14,40.4,22.74,1000.03,1006.99,20.0,8.04,21.46,normal,normal,bajo,
2026-10-03T09:13:00Z,69180,1154,22.13,40.4,22.72,1000.02,1006.99,19.2,8.04,21.45,normal,normal,bajo,
2026-10-03T09:14:00Z,69240,1155,22.12,40.5,22.71,1000.03,1007.00,18.3,8.06,21.44,normal,normal,bajo,
2026-10-03T09:15:00Z,69300,1156,22.10,40.5,22.71,999.98,1006.94,17.5,8.05,21.43,normal,normal,bajo,
2026-10-03T09:16:00Z,69360,1157,22.11,40.5,22.70,999.99,1006.96,15.8,8.05,21.43,normal,normal,bajo,
2026-10-03T09:17:00Z,69420,1158,22.10,40.5,22.70,1000.05,1007.01,15.0,8.06,21.42,normal,normal,bajo,
2026-10-03T09:18:00Z,69480,1159,22.08,40.6,22.68,999.99,1006.95,14.2,8.07,21.40,normal,normal,bajo,
2026-10-03T09:19:00Z,69540,1160,22.08,40.6,22.66,1000.01,1006.98,13.3,8.05,21.40,normal,normal,bajo,
2026-10-03T09:20:00Z,69600,1161,22.06,40.6,22.67,1000.03,1006.99,12.5,8.07,21.39,normal,normal,bajo,
2026-10-03T09:21:00Z,69660,1162,22.06,40.6,22.64,1000.04,1007.00,10.8,8.06,21.38,normal,normal,bajo,
2026-10-03T09:22:00Z,69720,1163,22.03,40.7,22.63,1000.08,1007.04,10.0,8.06,21.35,normal,normal,bajo,
2026-10-03T09:23:00Z,69780,1164,22.03,40.8,22.63,999.99,1006.96,9.2,8.08,21.35,normal,normal,bajo,OSCURO
2026-10-03T09:24:00Z,69840,1165,22.01,40.8,22.63,1000.02,1006.99,8.3,8.07,21.33,normal,normal,bajo,OSCURO
2026-10-03T09:25:00Z,69900,1166,22.01,40.8,22.61,999.99,1006.96,7.5,8.08,21.33,normal,normal,bajo,OSCURO
2026-10-03T09:26:00Z,69960,1167,22.00,40.8,22.60,1000.00,1006.97,5.8,8.06,21.32,normal,normal,bajo,OSCURO
2026-10-03T09:27:00Z,70020,1168,22.00,40.8,22.59,999.99,1006.95,5.0,8.07,21.32,normal,normal,bajo,OSCURO
2026-10-03T09:28:00Z,70080,1169,21.98,40.8,22.58,1000.00,1006.97,4.2,8.07,21.30,normal,normal,bajo,OSCURO
2026-10-03T09:29:00Z,70140,1170,21.96,40.9,22.56,999.97,1006.94,3.3,8.08,21.28,normal,normal,bajo,OSCURO
2026-10-03T09:30:00Z,70200,1171,21.96,40.9,22.56,1000.02,1006.99,2.5,8.07,21.28,normal,normal,bajo,OSCURO
2026-10-03T09:31:00Z,70260,1172,21.95,40.9,22.56,999.94,1006.91,1.7,8.06,21.27,normal,normal,bajo,OSCURO
2026-10-03T09:32:00Z,70320,1173,21.94,40.9,22.53,1000.02,1006.99,1.7,8.07,21.26,normal,normal,bajo,OSCURO
2026-10-03T09:33:00Z,70380,1174,21.94,41.0,22.53,999.99,1006.96,1.7,8.09,21.27,normal,normal,bajo,OSCURO
2026-10-03T09:34:00Z,70440,1175,21.93,41.0,22.50,1000.06,1007.03,1.7,8.09,21.25,normal,normal,bajo,OSCURO
2026-10-03T09:35:00Z,70500,1176,21.91,41.0,22.50,999.97,1006.94,1.7,8.07,21.23,normal,normal,bajo,OSCURO
2026-10-03T09:36:00Z,70560,1177,21.90,41.1,22.49,999.96,1006.93,1.7,8.09,21.22,normal,normal,bajo,OSCURO
2026-10-03T09:37:00Z,70620,1178,21.90,41.1,22.48,999.97,1006.94,1.7,8.10,21.22,normal,normal,bajo,OSCURO
2026-10-03T09:38:00Z,70680,1179,21.87,41.2,22.46,1000.08,1007.05,1.7,8.09,21.18,normal,normal,bajo,OSCURO
2026-10-03T09:39:00Z,70740,1180,21.86,41.2,22.46,999.97,1006.94,1.7,8.09,21.18,normal,normal,bajo,OSCURO
2026-10-03T09:40:00Z,70800,1181,21.85,41.2,22.44,999.96,1006.93,1.7,8.08,21.17,normal,normal,bajo,OSCURO
2026-10-03T09:41:00Z,70860,1182,21.86,41.2,22.43,999.98,1006.95,1.7,8.09,21.17,normal,normal,bajo,OSCURO
2026-10-03T09:42:00Z,70920,1183,21.82,41.3,22.44,999.99,1006.96,1.7,8.11,21.14,normal,normal,bajo,OSCURO
2026-10-03T09:43:00Z,70980,1184,21.79,41.4,22.41,1000.03,1007.00,1.7,8.09,21.11,normal,normal,bajo,OSCURO
2026-10-03T09:44:00Z,71040,1185,21.83,41.3,22.40,1000.01,1006.98,1.7,8.11,21.14,normal,normal,bajo,OSCURO
2026-10-03T09:45:00Z,71100,1186,21.81,41.4,22.39,999.97,1006.94,1.7,8.12,21.12,normal,normal,bajo,OSCURO
2026-10-03T09:46:00Z,71160,1187,21.80,41.4,22.39,1000.03,1007.00,1.7,8.11,21.11,normal,normal,bajo,OSCURO
2026-10-03T09:47:00Z,71220,1188,21.78,41.5,22.38,999.98,1006.95,1.7,8.11,21.09,normal,normal,bajo,OSCURO
2026-10-03T09:48:00Z,71280,1189,21.78,41.5,22.37,1000.10,1007.08,1.7,8.11,21.10,normal,normal,bajo,OSCURO
2026-10-03T09:49:00Z,71340,1190,21.76,41.5,22.35,999.91,1006.88,1.7,8.12,21.08,normal,normal,bajo,OSCURO
2026-10-03T09:50:00Z,71400,1191,21.77,41.5,22.34,1000.00,1006.97,1.7,8.13,21.09,normal,normal,bajo,OSCURO
2026-10-03T09:51:00Z,71460,1192,21.75,41.6,22.33,999.99,1006.96,1.7,8.13,21.07,normal,normal,bajo,OSCURO
2026-10-03T09:52:00Z,71520,1193,21.74,41.7,22.32,1000.00,1006.97,1.7,8.15,21.06,normal,normal,bajo,OSCURO
2026-10-03T09:53:00Z,71580,1194,21.74,41.6,22.32,1000.05,1007.03,1.7,8.14,21.06,normal,normal,bajo,OSCURO
2026-10-03T09:54:00Z,71640,1195,21.72,41.6,22.29,999.98,1006.95,1.7,8.10,21.04,normal,normal,bajo,OSCURO
2026-10-03T09:55:00Z,71700,1196,21.68,41.8,22.29,1000.04,1007.01,1.7,8.13,20.99,normal,normal,bajo,OSCURO
2026-10-03T09:56:00Z,71760,1197,21.68,41.8,22.27,1000.01,1006.98,1.7,8.13,21.00,normal,normal,bajo,OSCURO
2026-10-03T09:57:00Z,71820,1198,21.65,41.9,22.27,1000.06,1007.04,1.7,8.13,20.96,normal,normal,bajo,OSCURO
2026-10-03T09:58:00Z,71880,1199,21.67,41.8,22.25,1000.03,1007.00,1.7,8.11,20.98,normal,normal,bajo,OSCURO
2026-10-03T09:59:00Z,71940,1200,21.67,41.8,22.25,999.95,1006.92,1.7,8.13,20.98,normal,normal,bajo,OSCURO
2026-10-03T10:00:00Z,72000,1201,21.64,41.9,22.23,1000.00,1006.97,1.7,8.14,20.96,normal,normal,bajo,OSCURO
2026-10-03T10:01:00Z,72060,1202,21.64,41.9,22.22,999.98,1006.96,1.7,8.13,20.95,normal,normal,bajo,OSCURO
2026-10-03T10:02:00Z,72120,1203,21.65,41.9,22.23,1000.03,1007.00,1.7,8.15,20.96,normal,normal,bajo,OSCURO
2026-10-03T10:03:00Z,72180,1204,21.63,41.9,22.21,1000.05,1007.03,1.7,8.13,20.94,normal,normal,bajo,OSCURO
2026-10-03T10:04:00Z,72240,1205,21.63,41.9,22.20,1000.01,1006.98,1.7,8.13,20.94,normal,normal,bajo,OSCURO
2026-10-03T10:05:00Z,72300,1206,21.58,42.0,22.18,1000.03,1007.01,1.7,8.13,20.89,normal,normal,bajo,OSCURO
2026-10-03T10:06:00Z,72360,1207,21.58,42.1,22.17,1000.02,1006.99,1.7,8.15,20.89,normal,normal,bajo,OSCURO
2026-10-03T10:07:00Z,72420,1208,21.58,42.2,22.17,999.99,1006.97,1.7,8.17,20.89,normal,normal,bajo,OSCURO
2026-10-03T10:08:00Z,72480,1209,21.57,42.1,22.15,1000.07,1007.04,1.7,8.14,20.88,normal,normal,bajo,OSCURO
2026-10-03T10:09:00Z,72540,1210,21.57,42.1,22.15,1000.01,1006.99,1.7,8.16,20.88,normal,normal,bajo,OSCURO
2026-10-03T10:10:00Z,72600,1211,21.54,42.2,22.13,1000.01,1006.99,1.7,8.16,20.85,normal,normal,bajo,OSCURO
2026-10-03T10:11:00Z,72660,1212,21.52,42.2,22.13,1000.04,1007.01,1.7,8.14,20.83,normal,normal,bajo,OSCURO
2026-10-03T10:12:00Z,72720,1213,21.53,42.3,22.11,1000.01,1006.98,1.7,8.19,20.85,normal,normal,bajo,OSCURO
2026-10-03T10:13:00Z,72780,1214,21.51,42.3,22.11,1000.06,1007.04,1.7,8.16,20.83,normal,normal,bajo,OSCURO
2026-10-03T10:14:00Z,72840,1215,21.51,42.3,22.09,1000.03,1007.01,1.7,8.16,20.82,normal,normal,bajo,OSCURO
2026-10-03T10:15:00Z,72900,1216,21.50,42.3,22.08,1000.07,1007.05,1.7,8.16,20.81,normal,normal,bajo,OSCURO
2026-10-03T10:16:00Z,72960,1217,21.49,42.4,22.07,1000.06,1007.03,1.7,8.17,20.80,normal,normal,bajo,OSCURO
2026-10-03T10:17:00Z,73020,1218,21.46,42.5,22.05,1000.08,1007.06,1.7,8.19,20.77,normal,normal,bajo,OSCURO
2026-10-03T10:18:00Z,73080,1219,21.46,42.4,22.05,1000.13,1007.11,1.7,8.17,20.77,normal,normal,bajo,OSCURO
2026-10-03T10:19:00Z,73140,1220,21.45,42.5,22.04,1000.04,1007.02,1.7,8.18,20.76,normal,normal,bajo,OSCURO
2026-10-03T10:20:00Z,73200,1221,21.44,42.5,22.02,1000.09,1007.07,1.7,8.18,20.75,normal,normal,bajo,OSCURO
2026-10-03T10:21:00Z,73260,1222,21.41,42.7,22.01,1000.10,1007.08,1.7,8.20,20.72,normal,normal,bajo,OSCURO
2026-10-03T10:22:00Z,73320,1223,21.41,42.6,22.01,1000.13,1007.11,1.7,8.19,20.72,normal,normal,bajo,OSCURO
2026-10-03T10:23:00Z,73380,1224,21.42,42.6,21.99,1000.10,1007.08,1.7,8.18,20.73,normal,normal,bajo,OSCURO
2026-10-03T10:24:00Z,73440,1225,21.41,42.6,21.98,1000.05,1007.03,1.7,8.18,20.72,normal,normal,bajo,OSCURO
2026-10-03T10:25:00Z,73500,1226,21.38,42.7,21.97,1000.15,1007.13,1.7,8.20,20.69,normal,normal,bajo,OSCURO
2026-10-03T10:26:00Z,73560,1227,21.38,42.7,21.97,1000.12,1007.10,1.7,8.19,20.69,normal,normal,bajo,OSCURO
2026-10-03T10:27:00Z,73620,1228,21.36,42.8,21.95,1000.20,1007.18,1.7,8.20,20.67,normal,normal,bajo,OSCURO
2026-10-03T10:28:00Z,73680,1229,21.36,42.8,21.94,1000.16,1007.14,1.7,8.21,20.67,normal,normal,bajo,OSCURO
2026-10-03T10:29:00Z,73740,1230,21.35,42.8,21.93,1000.14,1007.12,1.7,8.19,20.66,normal,normal,bajo,OSCURO
2026-10-03T10:30:00Z,73800,1231,21.33,42.9,21.93,1000.20,1007.18,1.7,8.21,20.64,normal,normal,bajo,OSCURO
2026-10-03T10:31:00Z,73860,1232,21.31,42.9,21.91,1000.14,1007.12,1.7,8.20,20.62,normal,normal,bajo,OSCURO
2026-10-03T10:32:00Z,73920,1233,21.30,43.0,21.90,1000.23,1007.22,1.7,8.21,20.61,normal,normal,bajo,OSCURO
2026-10-03T10:33:00Z,73980,1234,21.30,43.1,21.88,1000.20,1007.19,1.7,8.23,20.61,normal,normal,bajo,OSCURO
2026-10-03T10:34:00Z,74040,1235,21.30,43.0,21.88,1000.20,1007.19,1.7,8.21,20.61,normal,normal,bajo,OSCURO
2026-10-03T10:35:00Z,74100,1236,21.29,43.1,21.86,1000.25,1007.24,1.7,8.23,20.60,normal,normal,bajo,OSCURO
2026-10-03T10:36:00Z,74160,1237,21.26,43.1,21.86,1000.28,1007.27,1.7,8.23,20.57,normal,normal,bajo,OSCURO
2026-10-03T10:37:00Z,74220,1238,21.25,43.1,21.85,1000.27,1007.25,1.7,8.22,20.56,normal,normal,bajo,OSCURO
2026-10-03T10:38:00Z,74280,1239,21.24,43.2,21.83,1000.29,1007.28,1.7,8.22,20.55,normal,normal,bajo,OSCURO
2026-10-03T10:39:00Z,74340,1240,21.25,43.2,21.82,1000.22,1007.21,1.7,8.22,20.55,normal,normal,bajo,OSCURO
2026-10-03T10:40:00Z,74400,1241,21.21,43.3,21.81,1000.26,1007.25,1.7,8.24,20.51,normal,normal,bajo,OSCURO
2026-10-03T10:41:00Z,74460,1242,21.21,43.4,21.80,1000.33,1007.31,1.7,8.26,20.52,normal,normal,bajo,OSCURO
2026-10-03T10:42:00Z,74520,1243,21.19,43.3,21.79,1000.37,1007.35,1.7,8.22,20.50,normal,normal,bajo,OSCURO
2026-10-03T10:43:00Z,74580,1244,21.19,43.4,21.79,1000.39,1007.37,1.7,8.25,20.49,normal,normal,bajo,OSCURO
2026-10-03T10:44:00Z,74640,1245,21.18,43.4,21.78,1000.37,1007.36,1.7,8.24,20.49,normal,normal,bajo,OSCURO
2026-10-03T10:45:00Z,74700,1246,21.17,43.5,21.76,1000.37,1007.36,1.7,8.26,20.48,normal,normal,bajo,OSCURO
2026-10-03T10:46:00Z,74760,1247,21.15,43.5,21.76,1000.42,1007.41,1.7,8.25,20.46,normal,normal,bajo,OSCURO
2026-10-03T10:47:00Z,74820,1248,21.13,43.6,21.74,1000.36,1007.35,1.7,8.25,20.44,normal,normal,bajo,OSCURO
2026-10-03T10:48:00Z,74880,1249,21.12,43.6,21.73,1000.43,1007.42,1.7,8.25,20.43,normal,normal,bajo,OSCURO
2026-10-03T10:49:00Z,74940,1250,21.12,43.6,21.73,1000.46,1007.45,1.7,8.25,20.43,normal,normal,bajo,OSCURO
2026-10-03T10:50:00Z,75000,1251,21.11,43.6,21.71,1000.48,1007.47,1.7,8.25,20.42,normal,normal,bajo,OSCURO
2026-10-03T10:51:00Z,75060,1252,21.10,43.7,21.71,1000.54,1007.53,1.7,8.28,20.40,normal,normal,bajo,OSCURO
2026-10-03T10:52:00Z,75120,1253,21.10,43.6,21.69,1000.45,1007.44,1.7,8.25,20.40,normal,normal,bajo,OSCURO
2026-10-03T10:53:00Z,75180,1254,21.08,43.7,21.68,1000.52,1007.51,1.7,8.26,20.39,normal,normal,bajo,OSCURO
2026-10-03T10:54:00Z,75240,1255,21.07,43.8,21.66,1000.57,1007.56,1.7,8.27,20.38,normal,normal,bajo,OSCURO
2026-10-03T10:55:00Z,75300,1256,21.07,43.8,21.65,1000.58,1007.57,1.7,8.27,20.38,normal,normal,bajo,OSCURO
2026-10-03T10:56:00Z,75360,1257,21.05,43.8,21.65,1000.61,1007.60,1.7,8.27,20.35,normal,normal,bajo,OSCURO
2026-10-03T10:57:00Z,75420,1258,21.03,43.9,21.64,1000.59,1007.59,1.7,8.29,20.34,normal,normal,bajo,OSCURO
2026-10-03T10:58:00Z,75480,1259,21.04,43.9,21.64,1000.65,1007.64,1.7,8.30,20.34,normal,normal,bajo,OSCURO
2026-10-03T10:59:00Z,75540,1260,21.02,44.0,21.61,1000.63,1007.62,1.7,8.29,20.32,normal,normal,bajo,OSCURO
2026-10-03T11:00:00Z,75600,1261,21.02,44.0,21.60,1000.67,1007.66,1.7,8.30,20.32,normal,normal,bajo,OSCURO
2026-10-03T11:01:00Z,75660,1262,20.99,44.1,21.60,1000.64,1007.64,1.7,8.31,20.29,normal,normal,bajo,OSCURO
2026-10-03T11:02:00Z,75720,1263,20.97,44.1,21.58,1000.69,1007.69,1.7,8.30,20.28,normal,normal,bajo,OSCURO
2026-10-03T11:03:00Z,75780,1264,20.99,44.1,21.57,1000.65,1007.65,1.7,8.30,20.29,normal,normal,bajo,OSCURO
2026-10-03T11:04:00Z,75840,1265,20.97,44.1,21.55,1000.73,1007.73,1.7,8.30,20.28,normal,normal,bajo,OSCURO
2026-10-03T11:05:00Z,75900,1266,20.94,44.3,21.55,1000.78,1007.78,1.7,8.31,20.24,normal,normal,bajo,OSCURO
2026-10-03T11:06:00Z,75960,1267,20.94,44.3,21.54,1000.80,1007.79,1.7,8.32,20.25,normal,normal,bajo,OSCURO
2026-10-03T11:07:00Z,76020,1268,20.93,44.3,21.52,1000.77,1007.76,1.7,8.31,20.23,normal,normal,bajo,OSCURO
2026-10-03T11:08:00Z,76080,1269,20.91,44.4,21.51,1000.83,1007.83,1.7,8.33,20.22,normal,normal,bajo,OSCURO
2026-10-03T11:09:00Z,76140,1270,20.90,44.4,21.50,1000.84,1007.84,1.7,8.31,20.20,normal,normal,bajo,OSCURO
2026-10-03T11:10:00Z,76200,1271,20.90,44.4,21.50,1000.79,1007.79,1.7,8.32,20.20,normal,normal,bajo,OSCURO
2026-10-03T11:11:00Z,76260,1272,20.88,44.5,21.48,1000.81,1007.81,1.7,8.33,20.19,normal,normal,bajo,OSCURO
2026-10-03T11:12:00Z,76320,1273,20.86,44.6,21.48,1000.95,1007.95,1.7,8.34,20.16,normal,normal,bajo,OSCURO
2026-10-03T11:13:00Z,76380,1274,20.87,44.5,21.46,1000.95,1007.95,1.7,8.32,20.17,normal,normal,bajo,OSCURO
2026-10-03T11:14:00Z,76440,1275,20.86,44.6,21.45,1000.93,1007.93,1.7,8.35,20.16,normal,normal,bajo,OSCURO
2026-10-03T11:15:00Z,76500,1276,20.83,44.6,21.44,1000.97,1007.97,1.7,8.34,20.14,normal,normal,bajo,OSCURO
2026-10-03T11:16:00Z,76560,1277,20.82,44.7,21.43,1000.98,1007.98,1.7,8.35,20.13,normal,normal,bajo,OSCURO
2026-10-03T11:17:00Z,76620,1278,20.81,44.7,21.42,1001.05,1008.05,1.7,8.35,20.12,normal,normal,bajo,OSCURO
2026-10-03T11:18:00Z,76680,1279,20.82,44.7,21.41,1001.06,1008.06,1.7,8.34,20.12,normal,normal,bajo,OSCURO
2026-10-03T11:19:00Z,76740,1280,20.80,44.7,21.39,1001.00,1008.01,1.7,8.34,20.11,normal,normal,bajo,OSCURO
2026-10-03T11:20:00Z,76800,1281,20.77,44.8,21.39,1001.17,1008.17,1.7,8.35,20.08,normal,normal,bajo,OSCURO
2026-10-03T11:21:00Z,76860,1282,20.77,44.8,21.38,1001.15,1008.16,1.7,8.35,20.08,normal,normal,bajo,OSCURO
2026-10-03T11:22:00Z,76920,1283,20.76,44.9,21.37,1001.11,1008.11,1.7,8.35,20.07,normal,normal,bajo,OSCURO
2026-10-03T11:23:00Z,76980,1284,20.74,44.9,21.36,1001.15,1008.15,1.7,8.36,20.04,normal,normal,bajo,OSCURO
2026-10-03T11:24:00Z,77040,1285,20.75,44.9,21.35,1001.16,1008.17,1.7,8.37,20.05,normal,normal,bajo,OSCURO
2026-10-03T11:25:00Z,77100,1286,20.75,44.9,21.34,1001.20,1008.21,1.7,8.37,20.05,normal,normal,bajo,OSCURO
2026-10-03T11:26:00Z,77160,1287,20.72,45.1,21.32,1001.23,1008.23,1.7,8.40,20.02,normal,normal,bajo,OSCURO
2026-10-03T11:27:00Z,77220,1288,20.71,45.1,21.31,1001.21,1008.22,1.7,8.36,20.01,normal,normal,bajo,OSCURO
2026-10-03T11:28:00Z,77280,1289,20.68,45.2,21.30,1001.30,1008.31,1.7,8.39,19.98,normal,normal,bajo,OSCURO
2026-10-03T11:29:00Z,77340,1290,20.69,45.1,21.29,1001.29,1008.30,1.7,8.38,20.00,normal,normal,bajo,OSCURO
2026-10-03T11:30:00Z,77400,1291,20.68,45.2,21.27,1001.37,1008.38,1.7,8.39,19.98,normal,normal,bajo,OSCURO
2026-10-03T11:31:00Z,77460,1292,20.67,45.2,21.27,1001.37,1008.38,1.7,8.39,19.98,normal,normal,bajo,OSCURO
2026-10-03T11:32:00Z,77520,1293,20.66,45.3,21.25,1001.39,1008.40,1.7,8.41,19.97,normal,normal,bajo,OSCURO
2026-10-03T11:33:00Z,77580,1294,20.65,45.4,21.23,1001.42,1008.42,1.7,8.41,19.96,normal,normal,bajo,OSCURO
2026-10-03T11:34:00Z,77640,1295,20.62,45.4,21.24,1001.43,1008.44,1.7,8.40,19.93,normal,normal,bajo,OSCURO
2026-10-03T11:35:00Z,77700,1296,20.63,45.4,21.23,1001.50,1008.51,1.7,8.39,19.93,normal,normal,bajo,OSCURO
2026-10-03T11:36:00Z,77760,1297,20.61,45.5,21.21,1001.47,1008.48,1.7,8.44,19.92,normal,normal,bajo,OSCURO
2026-10-03T11:37:00Z,77820,1298,20.61,45.5,21.20,1001.45,1008.46,1.7,8.42,19.91,normal,normal,bajo,OSCURO
2026-10-03T11:38:00Z,77880,1299,20.58,45.6,21.19,1001.55,1008.56,1.7,8.43,19.88,normal,normal,bajo,OSCURO
2026-10-03T11:39:00Z,77940,1300,20.59,45.6,21.18,1001.59,1008.60,1.7,8.42,19.89,normal,normal,bajo,OSCURO
2026-10-03T11:40:00Z,78000,1301,20.59,45.6,21.17,1001.57,1008.58,1.7,8.44,19.90,normal,normal,bajo,OSCURO
2026-10-03T11:41:00Z,78060,1302,20.56,45.7,21.16,1001.64,1008.65,1.7,8.43,19.86,normal,normal,bajo,OSCURO
2026-10-03T11:42:00Z,78120,1303,20.55,45.7,21.16,1001.67,1008.68,1.7,8.43,19.85,normal,normal,bajo,OSCURO
2026-10-03T11:43:00Z,78180,1304,20.54,45.7,21.13,1001.65,1008.66,1.7,8.43,19.85,normal,normal,bajo,OSCURO
2026-10-03T11:44:00Z,78240,1305,20.53,45.7,21.12,1001.71,1008.73,1.7,8.43,19.83,normal,normal,bajo,OSCURO
2026-10-03T11:45:00Z,78300,1306,20.52,45.8,21.09,1001.76,1008.78,1.7,8.45,19.82,normal,normal,bajo,OSCURO
2026-10-03T11:46:00Z,78360,1307,20.51,45.9,21.09,1001.74,1008.75,1.7,8.45,19.81,normal,normal,bajo,OSCURO
2026-10-03T11:47:00Z,78420,1308,20.50,45.9,21.09,1001.75,1008.76,1.7,8.45,19.81,normal,normal,bajo,OSCURO
2026-10-03T11:48:00Z,78480,1309,20.49,46.0,21.09,1001.78,1008.79,1.7,8.47,19.79,normal,normal,bajo,OSCURO
2026-10-03T11:49:00Z,78540,1310,20.47,46.1,21.05,1001.79,1008.80,1.7,8.47,19.77,normal,normal,bajo,OSCURO
2026-10-03T11:50:00Z,78600,1311,20.49,46.0,21.04,1001.82,1008.84,1.7,8.47,19.80,normal,normal,bajo,OSCURO
2026-10-03T11:51:00Z,78660,1312,20.46,46.1,21.04,1001.91,1008.92,1.7,8.47,19.76,normal,normal,bajo,OSCURO
2026-10-03T11:52:00Z,78720,1313,20.46,46.1,21.04,1001.85,1008.87,1.7,8.47,19.76,normal,normal,bajo,OSCURO
2026-10-03T11:53:00Z,78780,1314,20.42,46.2,21.01,1001.92,1008.93,1.7,8.48,19.72,normal,normal,bajo,OSCURO
2026-10-03T11:54:00Z,78840,1315,20.42,46.2,21.01,1001.92,1008.93,1.7,8.48,19.73,normal,normal,bajo,OSCURO
2026-10-03T11:55:00Z,78900,1316,20.42,46.2,21.00,1001.96,1008.97,1.7,8.48,19.73,normal,normal,bajo,OSCURO
2026-10-03T11:56:00Z,78960,1317,20.42,46.3,20.99,1001.94,1008.96,1.7,8.49,19.73,normal,normal,bajo,OSCURO
2026-10-03T11:57:00Z,79020,1318,20.40,46.3,20.98,1002.01,1009.02,1.7,8.48,19.71,normal,normal,bajo,OSCURO
2026-10-03T11:58:00Z,79080,1319,20.38,46.4,20.96,1002.03,1009.05,1.7,8.49,19.68,normal,normal,bajo,OSCURO
2026-10-03T11:59:00Z,79140,1320,20.39,46.3,20.95,1002.07,1009.09,1.7,8.49,19.70,normal,normal,bajo,OSCURO
2026-10-03T12:00:00Z,79200,1321,20.36,46.4,20.94,1002.05,1009.07,1.7,8.49,19.67,normal,normal,bajo,OSCURO
2026-10-03T12:01:00Z,79260,1322,20.35,46.4,20.94,1002.11,1009.13,1.7,8.49,19.65,normal,normal,bajo,OSCURO
2026-10-03T12:02:00Z,79320,1323,20.33,46.5,20.92,1002.13,1009.15,1.7,8.50,19.63,normal,normal,bajo,OSCURO
2026-10-03T12:03:00Z,79380,1324,20.31,46.6,20.90,1002.16,1009.18,1.7,8.50,19.61,normal,normal,bajo,OSCURO
2026-10-03T12:04:00Z,79440,1325,20.32,46.6,20.90,1002.16,1009.18,1.7,8.51,19.63,normal,normal,bajo,OSCURO
2026-10-03T12:05:00Z,79500,1326,20.31,46.7,20.90,1002.21,1009.23,1.7,8.53,19.61,normal,normal,bajo,OSCURO
2026-10-03T12:06:00Z,79560,1327,20.30,46.7,20.88,1002.26,1009.29,1.7,8.52,19.60,normal,normal,bajo,OSCURO
2026-10-03T12:07:00Z,79620,1328,20.27,46.8,20.87,1002.25,1009.27,1.7,8.53,19.58,normal,normal,bajo,OSCURO
2026-10-03T12:08:00Z,79680,1329,20.27,46.8,20.86,1002.31,1009.34,1.7,8.54,19.57,normal,normal,bajo,OSCURO
2026-10-03T12:09:00Z,79740,1330,20.27,46.8,20.85,1002.35,1009.38,1.7,8.52,19.57,normal,normal,bajo,OSCURO
2026-10-03T12:10:00Z,79800,1331,20.24,46.8,20.85,1002.35,1009.38,1.7,8.52,19.55,normal,normal,bajo,OSCURO
2026-10-03T12:11:00Z,79860,1332,20.26,46.9,20.83,1002.32,1009.35,1.7,8.55,19.57,normal,normal,bajo,OSCURO
2026-10-03T12:12:00Z,79920,1333,20.23,47.0,20.82,1002.42,1009.44,1.7,8.55,19.53,normal,normal,bajo,OSCURO
2026-10-03T12:13:00Z,79980,1334,20.22,47.0,20.81,1002.40,1009.43,1.7,8.55,19.53,normal,normal,bajo,OSCURO
2026-10-03T12:14:00Z,80040,1335,20.21,47.0,20.80,1002.44,1009.47,1.7,8.54,19.51,normal,normal,bajo,OSCURO
2026-10-03T12:15:00Z,80100,1336,20.19,47.1,20.79,1002.43,1009.45,1.7,8.55,19.49,normal,normal,bajo,OSCURO
2026-10-03T12:16:00Z,80160,1337,20.18,47.2,20.78,1002.49,1009.52,1.7,8.56,19.49,normal,normal,bajo,OSCURO
2026-10-03T12:17:00Z,80220,1338,20.19,47.1,20.77,1002.45,1009.48,1.7,8.55,19.50,normal,normal,bajo,OSCURO
2026-10-03T12:18:00Z,80280,1339,20.16,47.3,20.75,1002.53,1009.56,1.7,8.58,19.47,normal,normal,bajo,OSCURO
2026-10-03T12:19:00Z,80340,1340,20.15,47.3,20.75,1002.56,1009.58,1.7,8.58,19.46,normal,normal,bajo,OSCURO
2026-10-03T12:20:00Z,80400,1341,20.16,47.2,20.74,1002.62,1009.65,1.7,8.56,19.47,normal,normal,bajo,OSCURO
2026-10-03T12:21:00Z,80460,1342,20.13,47.4,20.73,1002.61,1009.64,1.7,8.58,19.44,normal,normal,bajo,OSCURO
2026-10-03T12:22:00Z,80520,1343,20.14,47.3,20.71,1002.60,1009.63,1.7,8.57,19.44,normal,normal,bajo,OSCURO
2026-10-03T12:23:00Z,80580,1344,20.12,47.4,20.71,1002.63,1009.66,1.7,8.58,19.42,normal,normal,bajo,OSCURO
2026-10-03T12:24:00Z,80640,1345,20.10,47.5,20.69,1002.63,1009.66,1.7,8.59,19.40,normal,normal,bajo,OSCURO
2026-10-03T12:25:00Z,80700,1346,20.08,47.5,20.68,1002.70,1009.73,1.7,8.59,19.39,normal,normal,bajo,OSCURO
2026-10-03T12:26:00Z,80760,1347,20.11,47.5,20.69,1002.77,1009.80,1.7,8.60,19.42,normal,normal,bajo,OSCURO
2026-10-03T12:27:00Z,80820,1348,20.08,47.6,20.67,1002.76,1009.79,1.7,8.60,19.38,normal,normal,bajo,OSCURO
2026-10-03T12:28:00Z,80880,1349,20.08,47.7,20.65,1002.76,1009.79,1.7,8.62,19.39,normal,normal,bajo,OSCURO
2026-10-03T12:29:00Z,80940,1350,20.07,47.7,20.63,1002.84,1009.87,1.7,8.62,19.38,normal,normal,bajo,OSCURO
2026-10-03T12:30:00Z,81000,1351,20.05,47.7,20.64,1002.77,1009.80,1.7,8.62,19.36,normal,normal,bajo,OSCURO
2026-10-03T12:31:00Z,81060,1352,20.03,47.7,20.62,1002.85,1009.88,1.7,8.61,19.34,normal,normal,bajo,OSCURO
2026-10-03T12:32:00Z,81120,1353,20.02,47.9,20.62,1002.88,1009.91,1.7,8.63,19.33,normal,normal,bajo,OSCURO
2026-10-03T12:33:00Z,81180,1354,20.01,47.9,20.61,1002.94,1009.98,1.7,8.63,19.32,normal,normal,bajo,OSCURO
2026-10-03T12:34:00Z,81240,1355,20.03,47.8,20.60,1002.96,1009.99,1.7,8.64,19.34,normal,normal,bajo,OSCURO
2026-10-03T12:35:00Z,81300,1356,20.01,48.0,20.59,1002.99,1010.03,1.7,8.65,19.32,normal,normal,bajo,OSCURO
2026-10-03T12:36:00Z,81360,1357,19.99,47.9,20.57,1002.96,1010.00,1.7,8.62,19.29,normal,normal,bajo,OSCURO
2026-10-03T12:37:00Z,81420,1358,19.97,48.0,20.57,1002.94,1009.97,1.7,8.62,19.27,normal,normal,bajo,OSCURO
2026-10-03T12:38:00Z,81480,1359,19.96,48.1,20.56,1003.03,1010.07,1.7,8.64,19.26,normal,normal,bajo,OSCURO
2026-10-03T12:39:00Z,81540,1360,19.97,48.1,20.54,1003.05,1010.09,1.7,8.65,19.28,normal,normal,bajo,OSCURO
2026-10-03T12:40:00Z,81600,1361,19.93,48.2,20.53,1003.09,1010.13,1.7,8.67,19.24,normal,normal,bajo,OSCURO
2026-10-03T12:41:00Z,81660,1362,19.94,48.3,20.52,1003.13,1010.17,1.7,8.68,19.25,normal,normal,bajo,OSCURO
2026-10-03T12:42:00Z,81720,1363,19.91,48.3,20.52,1003.13,1010.17,1.7,8.66,19.22,normal,normal,bajo,OSCURO
2026-10-03T12:43:00Z,81780,1364,19.92,48.3,20.51,1003.17,1010.21,1.7,8.68,19.22,normal,normal,bajo,OSCURO
2026-10-03T12:44:00Z,81840,1365,19.91,48.3,20.50,1003.07,1010.11,1.7,8.68,19.22,normal,normal,bajo,OSCURO
2026-10-03T12:45:00Z,81900,1366,19.90,48.4,20.48,1003.21,1010.25,1.7,8.70,19.22,normal,normal,bajo,OSCURO
2026-10-03T12:46:00Z,81960,1367,19.88,48.4,20.47,1003.19,1010.23,1.7,8.68,19.19,normal,normal,bajo,OSCURO
2026-10-03T12:47:00Z,82020,1368,19.89,48.4,20.46,1003.18,1010.22,1.7,8.69,19.20,normal,normal,bajo,OSCURO
2026-10-03T12:48:00Z,82080,1369,19.85,48.6,20.46,1003.20,1010.24,1.7,8.69,19.16,normal,normal,bajo,OSCURO
2026-10-03T12:49:00Z,82140,1370,19.86,48.6,20.45,1003.19,1010.23,1.7,8.70,19.17,normal,normal,bajo,OSCURO
2026-10-03T12:50:00Z,82200,1371,19.84,48.6,20.44,1003.31,1010.35,1.7,8.69,19.15,normal,normal,bajo,OSCURO
2026-10-03T12:51:00Z,82260,1372,19.85,48.7,20.43,1003.30,1010.34,1.7,8.72,19.16,normal,normal,bajo,OSCURO
2026-10-03T12:52:00Z,82320,1373,19.84,48.6,20.43,1003.40,1010.45,1.7,8.70,19.15,normal,normal,bajo,OSCURO
2026-10-03T12:53:00Z,82380,1374,19.83,48.7,20.40,1003.30,1010.34,1.7,8.71,19.14,normal,normal,bajo,OSCURO
2026-10-03T12:54:00Z,82440,1375,19.83,48.7,20.39,1003.34,1010.38,1.7,8.70,19.14,normal,normal,bajo,OSCURO
2026-10-03T12:55:00Z,82500,1376,19.81,48.8,20.39,1003.37,1010.41,1.7,8.73,19.12,normal,normal,bajo,OSCURO
2026-10-03T12:56:00Z,82560,1377,19.78,48.9,20.38,1003.33,1010.37,1.7,8.72,19.09,normal,normal,bajo,OSCURO
2026-10-03T12:57:00Z,82620,1378,19.79,48.9,20.37,1003.45,1010.49,1.7,8.72,19.10,normal,normal,bajo,OSCURO
2026-10-03T12:58:00Z,82680,1379,19.77,49.0,20.37,1003.41,1010.46,1.7,8.73,19.08,normal,normal,bajo,OSCURO
2026-10-03T12:59:00Z,82740,1380,19.77,48.9,20.35,1003.47,1010.51,1.7,8.73,19.08,normal,normal,bajo,OSCURO
2026-10-03T13:00:00Z,82800,1381,19.78,49.0,20.35,1003.55,1010.59,1.7,8.74,19.09,normal,normal,bajo,OSCURO
2026-10-03T13:01:00Z,82860,1382,19.73,49.1,20.34,1003.45,1010.49,1.7,8.74,19.05,normal,normal,bajo,OSCURO
2026-10-03T13:02:00Z,82920,1383,19.73,49.2,20.34,1003.50,1010.55,1.7,8.76,19.05,normal,normal,bajo,OSCURO
2026-10-03T13:03:00Z,82980,1384,19.73,49.1,20.33,1003.49,1010.53,1.7,8.75,19.04,normal,normal,bajo,OSCURO
2026-10-03T13:04:00Z,83040,1385,19.72,49.2,20.32,1003.47,1010.52,1.7,8.75,19.03,normal,normal,bajo,OSCURO
2026-10-03T13:05:00Z,83100,1386,19.74,49.2,20.30,1003.50,1010.54,1.7,8.77,19.05,normal,normal,bajo,OSCURO
2026-10-03T13:06:00Z,83160,1387,19.70,49.3,20.30,1003.58,1010.63,1.7,8.77,19.01,normal,normal,bajo,OSCURO
2026-10-03T13:07:00Z,83220,1388,19.69,49.4,20.28,1003.58,1010.62,1.7,8.78,19.00,normal,normal,bajo,OSCURO
2026-10-03T13:08:00Z,83280,1389,19.68,49.3,20.29,1003.65,1010.69,1.7,8.76,18.99,normal,normal,bajo,OSCURO
2026-10-03T13:09:00Z,83340,1390,19.68,49.4,20.26,1003.65,1010.70,1.7,8.78,18.99,normal,normal,bajo,OSCURO
2026-10-03T13:10:00Z,83400,1391,19.66,49.5,20.25,1003.61,1010.66,1.7,8.79,18.97,normal,normal,bajo,OSCURO
2026-10-03T13:11:00Z,83460,1392,19.66,49.5,20.24,1003.65,1010.70,1.7,8.79,18.97,normal,normal,bajo,OSCURO
2026-10-03T13:12:00Z,83520,1393,19.66,49.5,20.24,1003.65,1010.70,1.7,8.80,18.97,normal,normal,bajo,OSCURO
2026-10-03T13:13:00Z,83580,1394,19.63,49.6,20.24,1003.68,1010.73,1.7,8.79,18.94,normal,normal,bajo,OSCURO
2026-10-03T13:14:00Z,83640,1395,19.63,49.6,20.21,1003.69,1010.73,1.7,8.81,18.95,normal,normal,bajo,OSCURO
2026-10-03T13:15:00Z,83700,1396,19.62,49.7,20.21,1003.71,1010.76,1.7,8.81,18.93,normal,normal,bajo,OSCURO
2026-10-03T13:16:00Z,83760,1397,19.60,49.7,20.21,1003.71,1010.76,1.7,8.82,18.92,normal,normal,bajo,OSCURO
2026-10-03T13:17:00Z,83820,1398,19.60,49.7,20.19,1003.74,1010.79,1.7,8.81,18.91,normal,normal,bajo,OSCURO
2026-10-03T13:18:00Z,83880,1399,19.58,49.8,20.19,1003.68,1010.73,1.7,8.82,18.89,normal,normal,bajo,OSCURO
2026-10-03T13:19:00Z,83940,1400,19.59,49.8,20.18,1003.78,1010.83,1.7,8.82,18.90,normal,normal,bajo,OSCURO
2026-10-03T13:20:00Z,84000,1401,19.57,49.8,20.17,1003.84,1010.89,1.7,8.82,18.88,normal,normal,bajo,OSCURO
2026-10-03T13:21:00Z,84060,1402,19.56,49.9,20.16,1003.80,1010.85,1.7,8.83,18.87,normal,normal,bajo,OSCURO
2026-10-03T13:22:00Z,84120,1403,19.54,50.0,20.15,1003.84,1010.89,1.7,8.84,18.86,normal,normal,bajo,OSCURO
2026-10-03T13:23:00Z,84180,1404,19.54,50.0,20.14,1003.80,1010.85,1.7,8.83,18.85,normal,normal,bajo,OSCURO
2026-10-03T13:24:00Z,84240,1405,19.53,50.1,20.13,1003.86,1010.92,1.7,8.85,18.85,normal,normal,bajo,OSCURO
2026-10-03T13:25:00Z,84300,1406,19.52,50.1,20.12,1003.85,1010.90,1.7,8.84,18.84,normal,normal,bajo,OSCURO
2026-10-03T13:26:00Z,84360,1407,19.52,50.1,20.12,1003.88,1010.93,1.7,8.86,18.83,normal,normal,bajo,OSCURO
2026-10-03T13:27:00Z,84420,1408,19.52,50.1,20.11,1003.86,1010.91,1.7,8.85,18.83,normal,normal,bajo,OSCURO
2026-10-03T13:28:00Z,84480,1409,19.51,50.2,20.10,1003.93,1010.98,1.7,8.86,18.83,normal,normal,bajo,OSCURO
2026-10-03T13:29:00Z,84540,1410,19.50,50.2,20.09,1003.91,1010.96,1.7,8.87,18.82,normal,normal,bajo,OSCURO
2026-10-03T13:30:00Z,84600,1411,19.49,50.2,20.08,1003.87,1010.92,1.7,8.86,18.80,normal,normal,bajo,OSCURO
2026-10-03T13:31:00Z,84660,1412,19.48,50.3,20.07,1003.85,1010.91,1.7,8.88,18.79,normal,normal,bajo,OSCURO
2026-10-03T13:32:00Z,84720,1413,19.48,50.3,20.06,1003.92,1010.97,1.7,8.87,18.80,normal,normal,bajo,OSCURO
2026-10-03T13:33:00Z,84780,1414,19.45,50.4,20.05,1003.88,1010.93,1.7,8.88,18.77,normal,normal,bajo,OSCURO
2026-10-03T13:34:00Z,84840,1415,19.44,50.5,20.05,1003.93,1010.99,1.7,8.90,18.76,normal,normal,bajo,OSCURO
2026-10-03T13:35:00Z,84900,1416,19.45,50.5,20.04,1003.86,1010.92,1.7,8.90,18.77,normal,normal,bajo,OSCURO
2026-10-03T13:36:00Z,84960,1417,19.44,50.5,20.02,1003.97,1011.02,1.7,8.90,18.76,normal,normal,bajo,OSCURO
2026-10-03T13:37:00Z,85020,1418,19.42,50.6,20.02,1003.91,1010.97,1.7,8.90,18.74,normal,normal,bajo,OSCURO
2026-10-03T13:38:00Z,85080,1419,19.42,50.7,20.00,1004.05,1011.10,1.7,8.92,18.74,normal,normal,bajo,OSCURO
2026-10-03T13:39:00Z,85140,1420,19.41,50.7,20.01,1003.98,1011.04,1.7,8.91,18.73,normal,normal,bajo,OSCURO
2026-10-03T13:40:00Z,85200,1421,19.40,50.7,20.00,1003.96,1011.02,1.7,8.92,18.71,normal,normal,bajo,OSCURO
2026-10-03T13:41:00Z,85260,1422,19.38,50.8,19.99,1003.95,1011.00,1.7,8.92,18.69,normal,normal,bajo,OSCURO
2026-10-03T13:42:00Z,85320,1423,19.39,50.8,19.98,1003.99,1011.04,1.7,8.93,18.71,normal,normal,bajo,OSCURO
2026-10-03T13:43:00Z,85380,1424,19.37,50.8,19.97,1003.97,1011.03,1.7,8.91,18.69,normal,normal,bajo,OSCURO
2026-10-03T13:44:00Z,85440,1425,19.37,50.9,19.97,1003.97,1011.03,1.7,8.93,18.69,normal,normal,bajo,OSCURO
2026-10-03T13:45:00Z,85500,1426,19.36,50.9,19.96,1004.01,1011.07,1.7,8.94,18.68,normal,normal,bajo,OSCURO
2026-10-03T13:46:00Z,85560,1427,19.34,51.0,19.94,1004.01,1011.07,1.7,8.95,18.66,normal,normal,bajo,OSCURO
2026-10-03T13:47:00Z,85620,1428,19.33,51.0,19.94,1004.04,1011.09,1.7,8.93,18.65,normal,normal,bajo,OSCURO
2026-10-03T13:48:00Z,85680,1429,19.32,51.1,19.93,1003.97,1011.02,1.7,8.97,18.64,normal,normal,bajo,OSCURO
2026-10-03T13:49:00Z,85740,1430,19.34,51.0,19.92,1004.00,1011.06,1.7,8.95,18.66,normal,normal,bajo,OSCURO
2026-10-03T13:50:00Z,85800,1431,19.30,51.1,19.92,1003.98,1011.04,1.7,8.95,18.62,normal,normal,bajo,OSCURO
2026-10-03T13:51:00Z,85860,1432,19.31,51.2,19.91,1004.02,1011.07,1.7,8.97,18.64,normal,normal,bajo,OSCURO
2026-10-03T13:52:00Z,85920,1433,19.30,51.2,19.89,1003.93,1010.99,1.7,8.96,18.62,normal,normal,bajo,OSCURO
2026-10-03T13:53:00Z,85980,1434,19.30,51.2,19.88,1004.00,1011.06,1.7,8.97,18.62,normal,normal,bajo,OSCURO
2026-10-03T13:54:00Z,86040,1435,19.26,51.4,19.88,1003.97,1011.03,1.7,8.98,18.59,normal,normal,bajo,OSCURO
2026-10-03T13:55:00Z,86100,1436,19.28,51.3,19.87,1004.04,1011.10,1.7,8.97,18.60,normal,normal,bajo,OSCURO
2026-10-03T13:56:00Z,86160,1437,19.27,51.4,19.86,1004.02,1011.08,1.7,8.99,18.60,normal,normal,bajo,OSCURO
2026-10-03T13:57:00Z,86220,1438,19.26,51.4,19.86,1003.99,1011.05,1.7,8.98,18.59,normal,normal,bajo,OSCURO
2026-10-03T13:58:00Z,86280,1439,19.25,51.5,19.86,1004.02,1011.08,1.7,9.00,18.57,normal,normal,bajo,OSCURO
2026-10-03T13:59:00Z,86340,1440,19.26,51.4,19.84,1003.99,1011.05,1.7,9.00,18.58,normal,normal,bajo,OSCURO
