timestamp_utc,uptime_s,seq,t_aht_c,hr_pct,t_bmp_c,p_hpa,p_mar_hpa,lux,punto_rocio_c,indice_calor_c,clase_t,clase_hr,clase_luz,alertas
2026-10-03T14:00:00Z,86400,1441,19.24,51.5,19.84,1004.02,1011.08,1.7,9.00,18.57,normal,normal,bajo,OSCURO
2026-10-03T14:01:00Z,86460,1442,19.24,51.5,19.83,1004.03,1011.09,1.7,9.00,18.56,normal,normal,bajo,OSCURO
2026-10-03T14:02:00Z,86520,1443,19.23,51.6,19.82,1004.01,1011.07,1.7,9.00,18.55,normal,normal,bajo,OSCURO
2026-10-03T14:03:00Z,86580,1444,19.22,51.6,19.82,1004.01,1011.07,1.7,9.00,18.55,normal,normal,bajo,OSCURO
2026-10-03T14:04:00Z,86640,1445,19.21,51.6,19.80,1003.96,1011.02,1.7,9.01,18.54,normal,normal,bajo,OSCURO
2026-10-03T14:05:00Z,86700,1446,19.18,51.8,19.79,1004.05,1011.11,1.7,9.02,18.51,normal,normal,bajo,OSCURO
2026-10-03T14:06:00Z,86760,1447,19.19,51.8,19.79,1003.99,1011.06,1.7,9.03,18.51,normal,normal,bajo,OSCURO
2026-10-03T14:07:00Z,86820,1448,19.18,51.8,19.78,1004.01,1011.07,1.7,9.02,18.51,normal,normal,bajo,OSCURO
2026-10-03T14:08:00Z,86880,1449,19.17,51.8,19.78,1003.98,1011.04,1.7,9.04,18.50,normal,normal,bajo,OSCURO
2026-10-03T14:09:00Z,86940,1450,19.15,51.9,19.76,1004.00,1011.07,1.7,9.03,18.48,normal,normal,bajo,OSCURO
2026-10-03T14:10:00Z,87000,1451,19.18,51.8,19.76,1004.03,1011.09,1.7,9.04,18.50,normal,normal,bajo,OSCURO
2026-10-03T14:11:00Z,87060,1452,19.16,51.9,19.75,1004.01,1011.08,1.7,9.05,18.49,normal,normal,bajo,OSCURO
2026-10-03T14:12:00Z,87120,1453,19.15,52.0,19.75,1004.01,1011.08,1.7,9.05,18.48,normal,normal,bajo,OSCURO
2026-10-03T14:13:00Z,87180,1454,19.14,52.0,19.73,1003.96,1011.02,1.7,9.06,18.47,normal,normal,bajo,OSCURO
2026-10-03T14:14:00Z,87240,1455,19.13,52.1,19.73,1004.01,1011.07,1.7,9.06,18.46,normal,normal,bajo,OSCURO
2026-10-03T14:15:00Z,87300,1456,19.13,52.1,19.72,1004.00,1011.06,1.7,9.06,18.46,normal,normal,bajo,OSCURO
2026-10-03T14:16:00Z,87360,1457,19.11,52.1,19.71,1003.98,1011.04,1.7,9.06,18.44,normal,normal,bajo,OSCURO
2026-10-03T14:17:00Z,87420,1458,19.13,52.1,19.69,1004.02,1011.08,1.7,9.08,18.46,normal,normal,bajo,OSCURO
2026-10-03T14:18:00Z,87480,1459,19.10,52.3,19.71,1004.01,1011.07,1.7,9.09,18.43,normal,normal,bajo,OSCURO
2026-10-03T14:19:00Z,87540,1460,19.10,52.3,19.69,1003.99,1011.06,1.7,9.09,18.43,normal,normal,bajo,OSCURO
2026-10-03T14:20:00Z,87600,1461,19.10,52.2,19.68,1004.00,1011.07,1.7,9.09,18.44,normal,normal,bajo,OSCURO
2026-10-03T14:21:00Z,87660,1462,19.08,52.3,19.68,1004.00,1011.07,1.7,9.09,18.41,normal,normal,bajo,OSCURO
2026-10-03T14:22:00Z,87720,1463,19.07,52.4,19.65,1004.04,1011.10,1.7,9.09,18.40,normal,normal,bajo,OSCURO
2026-10-03T14:23:00Z,87780,1464,19.08,52.3,19.65,1003.98,1011.05,1.7,9.09,18.41,normal,normal,bajo,OSCURO
2026-10-03T14:24:00Z,87840,1465,19.08,52.4,19.64,1004.02,1011.09,1.7,9.10,18.41,normal,normal,bajo,OSCURO
2026-10-03T14:25:00Z,87900,1466,19.06,52.5,19.64,1004.02,1011.09,1.7,9.11,18.39,normal,normal,bajo,OSCURO
2026-10-03T14:26:00Z,87960,1467,19.03,52.5,19.63,1003.98,1011.05,1.7,9.10,18.36,normal,normal,bajo,OSCURO
2026-10-03T14:27:00Z,88020,1468,19.05,52.5,19.63,1004.01,1011.07,1.7,9.12,18.38,normal,normal,bajo,OSCURO
2026-10-03T14:28:00Z,88080,1469,19.04,52.5,19.62,1003.99,1011.06,1.7,9.10,18.37,normal,normal,bajo,OSCURO
2026-10-03T14:29:00Z,88140,1470,19.03,52.6,19.62,1004.08,1011.14,1.7,9.12,18.36,normal,normal,bajo,OSCURO
2026-10-03T14:30:00Z,88200,1471,19.01,52.7,19.61,1003.98,1011.04,1.7,9.12,18.35,normal,normal,bajo,OSCURO
2026-10-03T14:31:00Z,88260,1472,19.01,52.7,19.60,1003.96,1011.03,1.7,9.14,18.35,normal,normal,bajo,OSCURO
2026-10-03T14:32:00Z,88320,1473,19.00,52.7,19.60,1003.96,1011.03,1.7,9.13,18.33,normal,normal,bajo,OSCURO
2026-10-03T14:33:00Z,88380,1474,19.00,52.8,19.59,1003.95,1011.01,1.7,9.15,18.34,normal,normal,bajo,OSCURO
2026-10-03T14:34:00Z,88440,1475,19.00,52.8,19.59,1004.00,1011.07,1.7,9.14,18.33,normal,normal,bajo,OSCURO
2026-10-03T14:35:00Z,88500,1476,18.99,52.8,19.58,1004.01,1011.08,1.7,9.15,18.33,normal,normal,bajo,OSCURO
2026-10-03T14:36:00Z,88560,1477,18.97,52.9,19.57,1004.00,1011.06,1.7,9.16,18.31,normal,normal,bajo,OSCURO
2026-10-03T14:37:00Z,88620,1478,18.98,52.9,19.57,1004.00,1011.06,1.7,9.16,18.32,normal,normal,bajo,OSCURO
2026-10-03T14:38:00Z,88680,1479,18.98,52.9,19.55,1004.02,1011.09,1.7,9.16,18.32,normal,normal,bajo,OSCURO
2026-10-03T14:39:00Z,88740,1480,18.95,53.0,19.56,1003.98,1011.05,1.7,9.16,18.28,normal,normal,bajo,OSCURO
2026-10-03T14:40:00Z,88800,1481,18.95,53.1,19.55,1003.97,1011.03,1.7,9.17,18.29,normal,normal,bajo,OSCURO
2026-10-03T14:41:00Z,88860,1482,18.96,53.0,19.55,1004.02,1011.09,1.7,9.17,18.30,normal,normal,bajo,OSCURO
2026-10-03T14:42:00Z,88920,1483,18.94,53.1,19.53,1003.99,1011.06,1.7,9.18,18.27,normal,normal,bajo,OSCURO
2026-10-03T14:43:00Z,88980,1484,18.94,53.2,19.52,1004.00,1011.07,1.7,9.19,18.27,normal,normal,bajo,OSCURO
2026-10-03T14:44:00Z,89040,1485,18.93,53.2,19.51,1004.04,1011.11,1.7,9.19,18.26,normal,normal,bajo,OSCURO
2026-10-03T14:45:00Z,89100,1486,18.92,53.2,19.51,1003.99,1011.05,1.7,9.19,18.26,normal,normal,bajo,OSCURO
2026-10-03T14:46:00Z,89160,1487,18.92,53.2,19.51,1004.01,1011.08,1.7,9.20,18.26,normal,normal,bajo,OSCURO
2026-10-03T14:47:00Z,89220,1488,18.92,53.2,19.50,1004.00,1011.07,1.7,9.19,18.25,normal,normal,bajo,OSCURO
2026-10-03T14:48:00Z,89280,1489,18.91,53.3,19.50,1003.97,1011.04,1.7,9.20,18.25,normal,normal,bajo,OSCURO
2026-10-03T14:49:00Z,89340,1490,18.90,53.4,19.50,1003.92,1010.98,1.7,9.21,18.24,normal,normal,bajo,OSCURO
2026-10-03T14:50:00Z,89400,1491,18.89,53.5,19.48,1003.97,1011.04,1.7,9.23,18.23,normal,normal,bajo,OSCURO
2026-10-03T14:51:00Z,89460,1492,18.89,53.4,19.48,1004.02,1011.09,1.7,9.23,18.23,normal,normal,bajo,OSCURO
2026-10-03T14:52:00Z,89520,1493,18.87,53.4,19.47,1004.06,1011.13,1.7,9.21,18.21,normal,normal,bajo,OSCURO
2026-10-03T14:53:00Z,89580,1494,18.88,53.4,19.46,1004.02,1011.09,1.7,9.22,18.22,normal,normal,bajo,OSCURO
2026-10-03T14:54:00Z,89640,1495,18.86,53.5,19.46,1004.02,1011.09,1.7,9.23,18.20,normal,normal,bajo,OSCURO
2026-10-03T14:55:00Z,89700,1496,18.86,53.6,19.45,1004.03,1011.10,1.7,9.24,18.21,normal,normal,bajo,OSCURO
2026-10-03T14:56:00Z,89760,1497,18.87,53.6,19.44,1004.04,1011.11,1.7,9.24,18.21,normal,normal,bajo,OSCURO
2026-10-03T14:57:00Z,89820,1498,18.84,53.7,19.45,1004.06,1011.13,1.7,9.26,18.18,normal,normal,bajo,OSCURO
2026-10-03T14:58:00Z,89880,1499,18.86,53.7,19.44,1004.01,1011.08,1.7,9.25,18.20,normal,normal,bajo,OSCURO
2026-10-03T14:59:00Z,89940,1500,18.84,53.7,19.43,1004.05,1011.12,1.7,9.25,18.18,normal,normal,bajo,OSCURO
2026-10-03T15:00:00Z,90000,1501,18.84,53.8,19.43,1003.94,1011.01,1.7,9.27,18.18,normal,normal,bajo,OSCURO
2026-10-03T15:01:00Z,90060,1502,18.86,53.7,19.42,1004.01,1011.08,1.7,9.26,18.20,normal,normal,bajo,OSCURO
2026-10-03T15:02:00Z,90120,1503,18.82,53.8,19.42,1004.01,1011.08,1.7,9.27,18.17,normal,normal,bajo,OSCURO
2026-10-03T15:03:00Z,90180,1504,18.81,53.9,19.41,1004.05,1011.12,1.7,9.27,18.16,normal,normal,bajo,OSCURO
2026-10-03T15:04:00Z,90240,1505,18.81,53.9,19.41,1003.94,1011.01,1.7,9.27,18.15,normal,normal,bajo,OSCURO
2026-10-03T15:05:00Z,90300,1506,18.84,53.8,19.39,1004.05,1011.12,1.7,9.28,18.18,normal,normal,bajo,OSCURO
2026-10-03T15:06:00Z,90360,1507,18.81,53.9,19.39,1003.99,1011.06,1.7,9.29,18.16,normal,normal,bajo,OSCURO
2026-10-03T15:07:00Z,90420,1508,18.82,54.0,19.38,1004.03,1011.10,1.7,9.30,18.16,normal,normal,bajo,OSCURO
2026-10-03T15:08:00Z,90480,1509,18.79,54.0,19.39,1004.02,1011.09,1.7,9.29,18.13,normal,normal,bajo,OSCURO
2026-10-03T15:09:00Z,90540,1510,18.80,54.0,19.38,1004.00,1011.07,1.7,9.28,18.14,normal,normal,bajo,OSCURO
2026-10-03T15:10:00Z,90600,1511,18.79,54.0,19.38,1004.00,1011.07,1.7,9.30,18.13,normal,normal,bajo,OSCURO
2026-10-03T15:11:00Z,90660,1512,18.79,54.1,19.37,1004.02,1011.09,1.7,9.31,18.14,normal,normal,bajo,OSCURO
2026-10-03T15:12:00Z,90720,1513,18.80,54.0,19.36,1004.03,1011.10,1.7,9.30,18.14,normal,normal,bajo,OSCURO
2026-10-03T15:13:00Z,90780,1514,18.78,54.1,19.35,1004.04,1011.11,1.7,9.32,18.13,normal,normal,bajo,OSCURO
2026-10-03T15:14:00Z,90840,1515,18.77,54.1,19.36,1004.03,1011.10,1.7,9.30,18.12,normal,normal,bajo,OSCURO
2026-10-03T15:15:00Z,90900,1516,18.78,54.2,19.35,1004.01,1011.08,1.7,9.33,18.13,normal,normal,bajo,OSCURO
2026-10-03T15:16:00Z,90960,1517,18.77,54.3,19.35,1003.96,1011.03,1.7,9.34,18.12,normal,normal,bajo,OSCURO
2026-10-03T15:17:00Z,91020,1518,18.77,54.3,19.34,1003.97,1011.04,1.7,9.34,18.12,normal,normal,bajo,OSCURO
2026-10-03T15:18:00Z,91080,1519,18.73,54.4,19.34,1004.08,1011.15,1.7,9.33,18.08,normal,normal,bajo,OSCURO
2026-10-03T15:19:00Z,91140,1520,18.74,54.4,19.33,1004.04,1011.11,1.7,9.34,18.09,normal,normal,bajo,OSCURO
2026-10-03T15:20:00Z,91200,1521,18.76,54.3,19.33,1003.98,1011.05,1.7,9.34,18.11,normal,normal,bajo,OSCURO
2026-10-03T15:21:00Z,91260,1522,18.74,54.4,19.33,1004.01,1011.08,1.7,9.36,18.09,normal,normal,bajo,OSCURO
2026-10-03T15:22:00Z,91320,1523,18.71,54.5,19.31,1003.98,1011.05,1.7,9.36,18.06,normal,normal,bajo,OSCURO
2026-10-03T15:23:00Z,91380,1524,18.75,54.4,19.32,1004.02,1011.09,1.7,9.35,18.10,normal,normal,bajo,OSCURO
2026-10-03T15:24:00Z,91440,1525,18.72,54.5,19.31,1004.06,1011.13,1.7,9.36,18.07,normal,normal,bajo,OSCURO
2026-10-03T15:25:00Z,91500,1526,18.73,54.5,19.31,1004.06,1011.13,1.7,9.36,18.08,normal,normal,bajo,OSCURO
2026-10-03T15:26:00Z,91560,1527,18.72,54.5,19.29,1004.03,1011.10,1.7,9.37,18.08,normal,normal,bajo,OSCURO
2026-10-03T15:27:00Z,91620,1528,18.71,54.6,19.29,1004.03,1011.10,1.7,9.37,18.06,normal,normal,bajo,OSCURO
2026-10-03T15:28:00Z,91680,1529,18.71,54.6,19.29,1004.00,1011.07,1.7,9.37,18.06,normal,normal,bajo,OSCURO
2026-10-03T15:29:00Z,91740,1530,18.70,54.6,19.28,1003.99,1011.06,1.7,9.37,18.05,normal,normal,bajo,OSCURO
2026-10-03T15:30:00Z,91800,1531,18.70,54.6,19.29,1004.00,1011.07,1.7,9.37,18.05,normal,normal,bajo,OSCURO
2026-10-03T15:31:00Z,91860,1532,18.68,54.7,19.28,1003.96,1011.03,1.7,9.38,18.04,normal,normal,bajo,OSCURO
2026-10-03T15:32:00Z,91920,1533,18.69,54.8,19.28,1004.01,1011.09,1.7,9.41,18.04,normal,normal,bajo,OSCURO
2026-10-03T15:33:00Z,91980,1534,18.69,54.7,19.26,1004.01,1011.08,1.7,9.40,18.04,normal,normal,bajo,OSCURO
2026-10-03T15:34:00Z,92040,1535,18.69,54.7,19.27,1004.05,1011.13,1.7,9.40,18.04,normal,normal,bajo,OSCURO
2026-10-03T15:35:00Z,92100,1536,18.69,54.8,19.26,1004.04,1011.11,1.7,9.41,18.04,normal,normal,bajo,OSCURO
2026-10-03T15:36:00Z,92160,1537,18.68,54.8,19.26,1003.95,1011.03,1.7,9.41,18.04,normal,normal,bajo,OSCURO
2026-10-03T15:37:00Z,92220,1538,18.68,54.8,19.25,1004.05,1011.12,1.7,9.41,18.03,normal,normal,bajo,OSCURO
2026-10-03T15:38:00Z,92280,1539,18.67,54.9,19.25,1004.05,1011.12,1.7,9.42,18.02,normal,normal,bajo,OSCURO
2026-10-03T15:39:00Z,92340,1540,18.66,54.9,19.25,1003.94,1011.01,1.7,9.41,18.02,normal,normal,bajo,OSCURO
2026-10-03T15:40:00Z,92400,1541,18.67,54.9,19.24,1003.95,1011.02,1.7,9.41,18.02,normal,normal,bajo,OSCURO
2026-10-03T15:41:00Z,92460,1542,18.64,55.0,19.24,1004.01,1011.08,1.7,9.41,17.99,normal,normal,bajo,OSCURO
2026-10-03T15:42:00Z,92520,1543,18.66,55.0,19.24,1004.06,1011.14,1.7,9.42,18.01,normal,normal,bajo,OSCURO
2026-10-03T15:43:00Z,92580,1544,18.63,55.1,19.23,1003.96,1011.04,1.7,9.43,17.99,normal,normal,bajo,OSCURO
2026-10-03T15:44:00Z,92640,1545,18.64,55.0,19.22,1004.00,1011.08,1.7,9.42,17.99,normal,normal,bajo,OSCURO
2026-10-03T15:45:00Z,92700,1546,18.62,55.2,19.23,1004.02,1011.09,1.7,9.46,17.98,normal,normal,bajo,OSCURO
2026-10-03T15:46:00Z,92760,1547,18.62,55.1,19.23,1004.04,1011.12,1.7,9.44,17.98,normal,normal,bajo,OSCURO
2026-10-03T15:47:00Z,92820,1548,18.63,55.1,19.22,1003.97,1011.05,1.7,9.44,17.99,normal,normal,bajo,OSCURO
2026-10-03T15:48:00Z,92880,1549,18.63,55.2,19.22,1004.06,1011.13,1.7,9.46,17.99,normal,normal,bajo,OSCURO
2026-10-03T15:49:00Z,92940,1550,18.62,55.2,19.21,1004.04,1011.12,1.7,9.45,17.98,normal,normal,bajo,OSCURO
2026-10-03T15:50:00Z,93000,1551,18.62,55.2,19.20,1004.03,1011.10,1.7,9.46,17.97,normal,normal,bajo,OSCURO
2026-10-03T15:51:00Z,93060,1552,18.61,55.2,19.19,1004.04,1011.11,1.7,9.46,17.97,normal,normal,bajo,OSCURO
2026-10-03T15:52:00Z,93120,1553,18.62,55.3,19.20,1004.00,1011.07,1.7,9.48,17.98,normal,normal,bajo,OSCURO
2026-10-03T15:53:00Z,93180,1554,18.62,55.3,19.19,1004.04,1011.11,1.7,9.48,17.98,normal,normal,bajo,OSCURO
2026-10-03T15:54:00Z,93240,1555,18.59,55.4,19.19,1004.06,1011.14,1.7,9.47,17.95,normal,normal,bajo,OSCURO
2026-10-03T15:55:00Z,93300,1556,18.59,55.4,19.20,1004.03,1011.10,1.7,9.48,17.95,normal,normal,bajo,OSCURO
2026-10-03T15:56:00Z,93360,1557,18.60,55.4,19.19,1004.01,1011.09,1.7,9.48,17.96,normal,normal,bajo,OSCURO
2026-10-03T15:57:00Z,93420,1558,18.61,55.3,19.19,1004.01,1011.09,1.7,9.49,17.97,normal,normal,bajo,OSCURO
2026-10-03T15:58:00Z,93480,1559,18.60,55.4,19.18,1004.05,1011.13,1.7,9.49,17.96,normal,normal,bajo,OSCURO
2026-10-03T15:59:00Z,93540,1560,18.59,55.4,19.17,1004.03,1011.11,1.7,9.49,17.95,normal,normal,bajo,OSCURO
2026-10-03T16:00:00Z,93600,1561,18.58,55.6,19.16,1004.05,1011.12,1.7,9.51,17.94,normal,normal,bajo,OSCURO
2026-10-03T16:01:00Z,93660,1562,18.59,55.5,19.17,1004.01,1011.08,1.7,9.50,17.95,normal,normal,bajo,OSCURO
2026-10-03T16:02:00Z,93720,1563,18.58,55.5,19.17,1003.98,1011.05,1.7,9.50,17.94,normal,normal,bajo,OSCURO
2026-10-03T16:03:00Z,93780,1564,18.59,55.5,19.16,1004.05,1011.12,1.7,9.51,17.95,normal,normal,bajo,OSCURO
2026-10-03T16:04:00Z,93840,1565,18.59,55.5,19.16,1003.96,1011.04,1.7,9.51,17.96,normal,normal,bajo,OSCURO
2026-10-03T16:05:00Z,93900,1566,18.58,55.6,19.16,1004.02,1011.09,1.7,9.52,17.94,normal,normal,bajo,OSCURO
2026-10-03T16:06:00Z,93960,1567,18.58,55.6,19.16,1004.02,1011.09,1.7,9.53,17.95,normal,normal,bajo,OSCURO
2026-10-03T16:07:00Z,94020,1568,18.56,55.6,19.16,1004.05,1011.12,1.7,9.52,17.93,normal,normal,bajo,OSCURO
2026-10-03T16:08:00Z,94080,1569,18.56,55.7,19.16,1004.05,1011.12,1.7,9.53,17.92,normal,normal,bajo,OSCURO
2026-10-03T16:09:00Z,94140,1570,18.57,55.7,19.16,1004.05,1011.12,1.7,9.55,17.93,normal,normal,bajo,OSCURO
2026-10-03T16:10:00Z,94200,1571,18.57,55.7,19.15,1004.06,1011.13,1.7,9.54,17.94,normal,normal,bajo,OSCURO
2026-10-03T16:11:00Z,94260,1572,18.56,55.8,19.15,1004.03,1011.11,1.7,9.55,17.92,normal,normal,bajo,OSCURO
2026-10-03T16:12:00Z,94320,1573,18.55,55.8,19.15,1003.95,1011.02,1.7,9.55,17.92,normal,normal,bajo,OSCURO
2026-10-03T16:13:00Z,94380,1574,18.55,55.7,19.14,1004.01,1011.09,1.7,9.54,17.92,normal,normal,bajo,OSCURO
2026-10-03T16:14:00Z,94440,1575,18.54,55.9,19.14,1003.99,1011.06,1.7,9.57,17.91,normal,normal,bajo,OSCURO
2026-10-03T16:15:00Z,94500,1576,18.55,55.8,19.15,1004.03,1011.11,1.7,9.56,17.92,normal,normal,bajo,OSCURO
2026-10-03T16:16:00Z,94560,1577,18.56,55.8,19.13,1003.97,1011.05,1.7,9.56,17.93,normal,normal,bajo,OSCURO
2026-10-03T16:17:00Z,94620,1578,18.54,55.8,19.13,1004.05,1011.13,1.7,9.55,17.91,normal,normal,bajo,OSCURO
2026-10-03T16:18:00Z,94680,1579,18.56,55.9,19.13,1004.03,1011.10,1.7,9.58,17.93,normal,normal,bajo,OSCURO
2026-10-03T16:19:00Z,94740,1580,18.54,55.9,19.13,1004.00,1011.08,1.7,9.57,17.91,normal,normal,bajo,OSCURO
2026-10-03T16:20:00Z,94800,1581,18.53,55.9,19.13,1004.03,1011.10,1.7,9.57,17.90,normal,normal,bajo,OSCURO
2026-10-03T16:21:00Z,94860,1582,18.54,55.9,19.13,1004.03,1011.10,1.7,9.58,17.91,normal,normal,bajo,OSCURO
2026-10-03T16:22:00Z,94920,1583,18.55,55.9,19.12,1004.04,1011.12,1.7,9.58,17.92,normal,normal,bajo,OSCURO
2026-10-03T16:23:00Z,94980,1584,18.53,56.0,19.12,1003.98,1011.06,1.7,9.58,17.90,normal,normal,bajo,OSCURO
2026-10-03T16:24:00Z,95040,1585,18.52,56.0,19.12,1004.07,1011.14,1.7,9.58,17.89,normal,normal,bajo,OSCURO
2026-10-03T16:25:00Z,95100,1586,18.53,56.0,19.12,1003.98,1011.06,1.7,9.60,17.90,normal,normal,bajo,OSCURO
2026-10-03T16:26:00Z,95160,1587,18.54,56.0,19.11,1004.02,1011.10,1.7,9.60,17.91,normal,normal,bajo,OSCURO
2026-10-03T16:27:00Z,95220,1588,18.51,56.1,19.12,1004.01,1011.09,1.7,9.59,17.88,normal,normal,bajo,OSCURO
2026-10-03T16:28:00Z,95280,1589,18.53,56.0,19.12,1003.98,1011.06,1.7,9.60,17.90,normal,normal,bajo,OSCURO
2026-10-03T16:29:00Z,95340,1590,18.54,56.1,19.11,1004.05,1011.13,1.7,9.61,17.91,normal,normal,bajo,OSCURO
2026-10-03T16:30:00Z,95400,1591,18.52,56.2,19.11,1004.02,1011.10,1.7,9.61,17.89,normal,normal,bajo,OSCURO
2026-10-03T16:31:00Z,95460,1592,18.53,56.0,19.11,1004.02,1011.10,1.7,9.59,17.90,normal,normal,bajo,OSCURO
2026-10-03T16:32:00Z,95520,1593,18.51,56.2,19.11,1003.97,1011.05,1.7,9.62,17.88,normal,normal,bajo,OSCURO
2026-10-03T16:33:00Z,95580,1594,18.53,56.1,19.10,1004.01,1011.08,1.7,9.62,17.91,normal,normal,bajo,OSCURO
2026-10-03T16:34:00Z,95640,1595,18.53,56.1,19.11,1004.05,1011.13,1.7,9.62,17.91,normal,normal,bajo,OSCURO
2026-10-03T16:35:00Z,95700,1596,18.52,56.2,19.10,1004.03,1011.11,1.7,9.63,17.90,normal,normal,bajo,OSCURO
2026-10-03T16:36:00Z,95760,1597,18.51,56.2,19.10,1003.98,1011.06,1.7,9.63,17.88,normal,normal,bajo,OSCURO
2026-10-03T16:37:00Z,95820,1598,18.52,56.2,19.09,1004.05,1011.12,1.7,9.63,17.90,normal,normal,bajo,OSCURO
2026-10-03T16:38:00Z,95880,1599,18.51,56.2,19.10,1003.98,1011.06,1.7,9.63,17.88,normal,normal,bajo,OSCURO
2026-10-03T16:39:00Z,95940,1600,18.50,56.3,19.10,1003.98,1011.06,1.7,9.64,17.87,normal,normal,bajo,OSCURO
2026-10-03T16:40:00Z,96000,1601,18.52,56.2,19.10,1004.03,1011.11,1.7,9.63,17.90,normal,normal,bajo,OSCURO
2026-10-03T16:41:00Z,96060,1602,18.51,56.3,19.10,1004.01,1011.09,1.7,9.65,17.89,normal,normal,bajo,OSCURO
2026-10-03T16:42:00Z,96120,1603,18.51,56.3,19.10,1004.03,1011.11,1.7,9.64,17.89,normal,normal,bajo,OSCURO
2026-10-03T16:43:00Z,96180,1604,18.50,56.4,19.10,1004.01,1011.09,1.7,9.65,17.88,normal,normal,bajo,OSCURO
2026-10-03T16:44:00Z,96240,1605,18.51,56.3,19.09,1004.02,1011.10,1.7,9.65,17.88,normal,normal,bajo,OSCURO
2026-10-03T16:45:00Z,96300,1606,18.49,56.4,19.10,1003.98,1011.06,1.7,9.65,17.87,normal,normal,bajo,OSCURO
2026-10-03T16:46:00Z,96360,1607,18.50,56.4,19.09,1004.02,1011.10,1.7,9.66,17.88,normal,normal,bajo,OSCURO
2026-10-03T16:47:00Z,96420,1608,18.50,56.4,19.10,1004.03,1011.11,1.7,9.67,17.88,normal,normal,bajo,OSCURO
2026-10-03T16:48:00Z,96480,1609,18.50,56.4,19.09,1004.02,1011.10,1.7,9.67,17.87,normal,normal,bajo,OSCURO
2026-10-03T16:49:00Z,96540,1610,18.51,56.4,19.09,1003.96,1011.04,1.7,9.67,17.88,normal,normal,bajo,OSCURO
2026-10-03T16:50:00Z,96600,1611,18.49,56.5,19.09,1003.99,1011.07,1.7,9.67,17.87,normal,normal,bajo,OSCURO
2026-10-03T16:51:00Z,96660,1612,18.49,56.5,19.09,1004.07,1011.15,1.7,9.69,17.88,normal,normal,bajo,OSCURO
2026-10-03T16:52:00Z,96720,1613,18.49,56.5,19.09,1004.02,1011.10,1.7,9.67,17.87,normal,normal,bajo,OSCURO
2026-10-03T16:53:00Z,96780,1614,18.52,56.4,19.09,1004.01,1011.09,1.7,9.68,17.90,normal,normal,bajo,OSCURO
2026-10-03T16:54:00Z,96840,1615,18.51,56.4,19.10,1004.01,1011.09,1.7,9.68,17.89,normal,normal,bajo,OSCURO
2026-10-03T16:55:00Z,96900,1616,18.50,56.5,19.09,1004.02,1011.10,1.7,9.70,17.88,normal,normal,bajo,OSCURO
2026-10-03T16:56:00Z,96960,1617,18.50,56.5,19.09,1004.02,1011.10,1.7,9.68,17.88,normal,normal,bajo,OSCURO
2026-10-03T16:57:00Z,97020,1618,18.52,56.5,19.09,1004.04,1011.12,1.7,9.70,17.90,normal,normal,bajo,OSCURO
2026-10-03T16:58:00Z,97080,1619,18.50,56.5,19.09,1003.99,1011.07,1.7,9.70,17.89,normal,normal,bajo,OSCURO
2026-10-03T16:59:00Z,97140,1620,18.51,56.5,19.10,1004.01,1011.09,1.7,9.69,17.89,normal,normal,bajo,OSCURO
2026-10-03T17:00:00Z,97200,1621,18.51,56.5,19.09,1004.02,1011.10,1.7,9.71,17.90,normal,normal,bajo,OSCURO
2026-10-03T17:01:00Z,97260,1622,18.51,56.5,19.09,1003.99,1011.07,1.7,9.71,17.90,normal,normal,bajo,OSCURO
2026-10-03T17:02:00Z,97320,1623,18.50,56.6,19.09,1003.99,1011.07,1.7,9.72,17.89,normal,normal,bajo,OSCURO
2026-10-03T17:03:00Z,97380,1624,18.51,56.6,19.09,1004.05,1011.12,1.7,9.72,17.89,normal,normal,bajo,OSCURO
2026-10-03T17:04:00Z,97440,1625,18.52,56.6,19.10,1003.98,1011.06,1.7,9.73,17.90,normal,normal,bajo,OSCURO
2026-10-03T17:05:00Z,97500,1626,18.49,56.7,19.09,1004.02,1011.10,1.7,9.73,17.88,normal,normal,bajo,OSCURO
2026-10-03T17:06:00Z,97560,1627,18.51,56.6,19.09,1003.99,1011.07,1.7,9.73,17.89,normal,normal,bajo,OSCURO
2026-10-03T17:07:00Z,97620,1628,18.51,56.5,19.09,1004.02,1011.10,1.7,9.71,17.89,normal,normal,bajo,OSCURO
2026-10-03T17:08:00Z,97680,1629,18.50,56.7,19.09,1003.96,1011.04,1.7,9.74,17.88,normal,normal,bajo,OSCURO
2026-10-03T17:09:00Z,97740,1630,18.50,56.6,19.09,1004.01,1011.09,1.7,9.73,17.89,normal,normal,bajo,OSCURO
2026-10-03T17:10:00Z,97800,1631,18.51,56.6,19.09,1003.99,1011.07,1.7,9.73,17.89,normal,normal,bajo,OSCURO
2026-10-03T17:11:00Z,97860,1632,18.50,56.7,19.10,1004.01,1011.09,1.7,9.74,17.88,normal,normal,bajo,OSCURO
2026-10-03T17:12:00Z,97920,1633,18.49,56.7,19.09,1003.96,1011.04,1.7,9.74,17.88,normal,normal,bajo,OSCURO
2026-10-03T17:13:00Z,97980,1634,18.52,56.6,19.09,1004.02,1011.10,1.7,9.75,17.91,normal,normal,bajo,OSCURO
2026-10-03T17:14:00Z,98040,1635,18.50,56.7,19.09,1004.02,1011.10,1.7,9.75,17.88,normal,normal,bajo,OSCURO
2026-10-03T17:15:00Z,98100,1636,18.51,56.7,19.09,1003.99,1011.07,1.7,9.75,17.89,normal,normal,bajo,OSCURO
2026-10-03T17:16:00Z,98160,1637,18.50,56.8,19.09,1004.05,1011.12,1.7,9.76,17.89,normal,normal,bajo,OSCURO
2026-10-03T17:17:00Z,98220,1638,18.52,56.7,19.09,1003.99,1011.07,1.7,9.76,17.91,normal,normal,bajo,OSCURO
2026-10-03T17:18:00Z,98280,1639,18.50,56.8,19.09,1003.94,1011.01,1.7,9.77,17.89,normal,normal,bajo,OSCURO
2026-10-03T17:19:00Z,98340,1640,18.51,56.7,19.10,1004.03,1011.11,1.7,9.76,17.90,normal,normal,bajo,OSCURO
2026-10-03T17:20:00Z,98400,1641,18.50,56.8,19.10,1004.01,1011.09,1.7,9.77,17.89,normal,normal,bajo,OSCURO
2026-10-03T17:21:00Z,98460,1642,18.54,56.7,19.11,1004.05,1011.13,1.7,9.77,17.93,normal,normal,bajo,OSCURO
2026-10-03T17:22:00Z,98520,1643,18.51,56.8,19.11,1003.97,1011.05,1.7,9.77,17.90,normal,normal,bajo,OSCURO
2026-10-03T17:23:00Z,98580,1644,18.51,56.8,19.10,1003.95,1011.03,1.7,9.78,17.90,normal,normal,bajo,OSCURO
2026-10-03T17:24:00Z,98640,1645,18.52,56.8,19.10,1004.01,1011.08,1.7,9.78,17.91,normal,normal,bajo,OSCURO
2026-10-03T17:25:00Z,98700,1646,18.52,56.8,19.11,1003.97,1011.04,1.7,9.78,17.91,normal,normal,bajo,OSCURO
2026-10-03T17:26:00Z,98760,1647,18.53,56.8,19.11,1004.02,1011.10,1.7,9.79,17.92,normal,normal,bajo,OSCURO
2026-10-03T17:27:00Z,98820,1648,18.52,56.8,19.10,1004.03,1011.11,1.7,9.78,17.91,normal,normal,bajo,OSCURO
2026-10-03T17:28:00Z,98880,1649,18.53,56.8,19.12,1003.96,1011.03,1.7,9.80,17.92,normal,normal,bajo,OSCURO
2026-10-03T17:29:00Z,98940,1650,18.54,56.7,19.10,1004.03,1011.11,1.7,9.78,17.93,normal,normal,bajo,OSCURO
2026-10-03T17:30:00Z,99000,1651,18.53,56.7,19.11,1004.02,1011.10,1.7,9.79,17.92,normal,normal,bajo,OSCURO
2026-10-03T17:31:00Z,99060,1652,18.54,56.7,19.11,1004.05,1011.13,1.7,9.79,17.93,normal,normal,bajo,OSCURO
2026-10-03T17:32:00Z,99120,1653,18.51,56.8,19.11,1003.97,1011.05,1.7,9.79,17.90,normal,normal,bajo,OSCURO
2026-10-03T17:33:00Z,99180,1654,18.53,56.8,19.12,1004.09,1011.17,1.7,9.80,17.92,normal,normal,bajo,OSCURO
2026-10-03T17:34:00Z,99240,1655,18.53,56.8,19.12,1004.04,1011.12,1.7,9.80,17.92,normal,normal,bajo,OSCURO
2026-10-03T17:35:00Z,99300,1656,18.54,56.8,19.12,1003.96,1011.03,1.7,9.81,17.93,normal,normal,bajo,OSCURO
2026-10-03T17:36:00Z,99360,1657,18.54,56.8,19.12,1003.98,1011.06,1.7,9.82,17.93,normal,normal,bajo,OSCURO
2026-10-03T17:37:00Z,99420,1658,18.54,56.8,19.12,1003.96,1011.03,1.7,9.81,17.93,normal,normal,bajo,OSCURO
2026-10-03T17:38:00Z,99480,1659,18.53,56.8,19.13,1004.03,1011.10,1.7,9.81,17.93,normal,normal,bajo,OSCURO
2026-10-03T17:39:00Z,99540,1660,18.55,56.8,19.13,1004.03,1011.10,1.7,9.81,17.94,normal,normal,bajo,OSCURO
2026-10-03T17:40:00Z,99600,1661,18.54,56.8,19.13,1004.03,1011.10,1.7,9.82,17.94,normal,normal,bajo,OSCURO
2026-10-03T17:41:00Z,99660,1662,18.55,56.8,19.13,1004.03,1011.10,1.7,9.83,17.95,normal,normal,bajo,OSCURO
2026-10-03T17:42:00Z,99720,1663,18.54,56.9,19.13,1004.00,1011.08,1.7,9.83,17.93,normal,normal,bajo,OSCURO
2026-10-03T17:43:00Z,99780,1664,18.55,56.9,19.12,1004.01,1011.09,1.7,9.83,17.95,normal,normal,bajo,OSCURO
2026-10-03T17:44:00Z,99840,1665,18.55,56.9,19.15,1004.06,1011.13,1.7,9.84,17.95,normal,normal,bajo,OSCURO
2026-10-03T17:45:00Z,99900,1666,18.53,56.9,19.15,1004.00,1011.08,1.7,9.83,17.92,normal,normal,bajo,OSCURO
2026-10-03T17:46:00Z,99960,1667,18.55,56.8,19.14,1004.04,1011.12,1.7,9.82,17.95,normal,normal,bajo,OSCURO
2026-10-03T17:47:00Z,100020,1668,18.56,56.8,19.14,1004.04,1011.12,1.7,9.83,17.95,normal,normal,bajo,OSCURO
2026-10-03T17:48:00Z,100080,1669,18.57,56.8,19.14,1004.04,1011.12,1.7,9.85,17.97,normal,normal,bajo,OSCURO
2026-10-03T17:49:00Z,100140,1670,18.57,56.8,19.15,1004.00,1011.08,1.7,9.84,17.96,normal,normal,bajo,OSCURO
2026-10-03T17:50:00Z,100200,1671,18.54,56.9,19.15,1004.00,1011.08,1.7,9.85,17.94,normal,normal,bajo,OSCURO
2026-10-03T17:51:00Z,100260,1672,18.56,56.9,19.15,1004.03,1011.11,1.7,9.84,17.96,normal,normal,bajo,OSCURO
2026-10-03T17:52:00Z,100320,1673,18.57,56.8,19.16,1004.02,1011.09,1.7,9.84,17.97,normal,normal,bajo,OSCURO
2026-10-03T17:53:00Z,100380,1674,18.56,56.8,19.15,1004.03,1011.11,1.7,9.84,17.96,normal,normal,bajo,OSCURO
2026-10-03T17:54:00Z,100440,1675,18.56,56.9,19.16,1003.99,1011.07,1.7,9.86,17.96,normal,normal,bajo,OSCURO
2026-10-03T17:55:00Z,100500,1676,18.59,56.8,19.16,1004.05,1011.12,1.7,9.84,17.98,normal,normal,bajo,OSCURO
2026-10-03T17:56:00Z,100560,1677,18.57,56.8,19.16,1003.96,1011.04,1.7,9.84,17.97,normal,normal,bajo,OSCURO
2026-10-03T17:57:00Z,100620,1678,18.58,56.9,19.17,1003.98,1011.05,1.7,9.87,17.98,normal,normal,bajo,OSCURO
2026-10-03T17:58:00Z,100680,1679,18.58,56.9,19.17,1004.01,1011.08,1.7,9.86,17.98,normal,normal,bajo,OSCURO
2026-10-03T17:59:00Z,100740,1680,18.59,56.9,19.18,1004.02,1011.10,1.7,9.88,17.99,normal,normal,bajo,OSCURO
2026-10-03T18:00:00Z,100800,1681,18.57,56.9,19.17,1004.01,1011.08,1.7,9.85,17.97,normal,normal,bajo,OSCURO
2026-10-03T18:01:00Z,100860,1682,18.60,56.9,19.17,1003.95,1011.03,1.7,9.88,18.00,normal,normal,bajo,OSCURO
2026-10-03T18:02:00Z,100920,1683,18.59,56.8,19.18,1003.97,1011.04,1.7,9.86,17.99,normal,normal,bajo,OSCURO
2026-10-03T18:03:00Z,100980,1684,18.61,56.8,19.18,1003.97,1011.04,1.7,9.87,18.01,normal,normal,bajo,OSCURO
2026-10-03T18:04:00Z,101040,1685,18.60,56.9,19.19,1003.98,1011.06,1.7,9.89,18.00,normal,normal,bajo,OSCURO
2026-10-03T18:05:00Z,101100,1686,18.61,56.8,19.19,1004.04,1011.11,1.7,9.87,18.01,normal,normal,bajo,OSCURO
2026-10-03T18:06:00Z,101160,1687,18.61,56.8,19.19,1004.06,1011.14,1.7,9.89,18.02,normal,normal,bajo,OSCURO
2026-10-03T18:07:00Z,101220,1688,18.61,56.9,19.20,1004.03,1011.10,1.7,9.89,18.01,normal,normal,bajo,OSCURO
2026-10-03T18:08:00Z,101280,1689,18.61,56.7,19.20,1004.03,1011.10,1.7,9.86,18.01,normal,normal,bajo,OSCURO
2026-10-03T18:09:00Z,101340,1690,18.62,56.8,19.19,1003.98,1011.06,1.7,9.89,18.02,normal,normal,bajo,OSCURO
2026-10-03T18:10:00Z,101400,1691,18.61,56.8,19.20,1004.03,1011.10,1.7,9.88,18.01,normal,normal,bajo,OSCURO
2026-10-03T18:11:00Z,101460,1692,18.63,56.8,19.21,1003.99,1011.06,1.7,9.89,18.03,normal,normal,bajo,OSCURO
2026-10-03T18:12:00Z,101520,1693,18.62,56.8,19.22,1003.97,1011.05,1.7,9.89,18.02,normal,normal,bajo,OSCURO
2026-10-03T18:13:00Z,101580,1694,18.64,56.8,19.22,1003.97,1011.05,1.7,9.89,18.04,normal,normal,bajo,OSCURO
2026-10-03T18:14:00Z,101640,1695,18.65,56.8,19.22,1004.00,1011.08,1.7,9.90,18.05,normal,normal,bajo,OSCURO
2026-10-03T18:15:00Z,101700,1696,18.63,56.8,19.22,1003.95,1011.02,1.7,9.89,18.03,normal,normal,bajo,OSCURO
2026-10-03T18:16:00Z,101760,1697,18.64,56.7,19.21,1003.96,1011.03,1.7,9.89,18.04,normal,normal,bajo,OSCURO
2026-10-03T18:17:00Z,101820,1698,18.62,56.9,19.22,1004.03,1011.10,1.7,9.90,18.02,normal,normal,bajo,OSCURO
2026-10-03T18:18:00Z,101880,1699,18.64,56.8,19.24,1003.98,1011.05,1.7,9.90,18.05,normal,normal,bajo,OSCURO
2026-10-03T18:19:00Z,101940,1700,18.64,56.8,19.24,1004.03,1011.11,1.7,9.91,18.04,normal,normal,bajo,OSCURO
2026-10-03T18:20:00Z,102000,1701,18.66,56.8,19.23,1003.96,1011.04,1.7,9.90,18.06,normal,normal,bajo,OSCURO
2026-10-03T18:21:00Z,102060,1702,18.67,56.7,19.24,1004.01,1011.08,1.7,9.91,18.07,normal,normal,bajo,OSCURO
2026-10-03T18:22:00Z,102120,1703,18.67,56.7,19.24,1004.03,1011.11,1.7,9.90,18.07,normal,normal,bajo,OSCURO
2026-10-03T18:23:00Z,102180,1704,18.68,56.7,19.25,1004.02,1011.09,1.7,9.90,18.08,normal,normal,bajo,OSCURO
2026-10-03T18:24:00Z,102240,1705,18.66,56.8,19.26,1004.01,1011.08,1.7,9.92,18.07,normal,normal,bajo,OSCURO
2026-10-03T18:25:00Z,102300,1706,18.69,56.7,19.26,1003.98,1011.06,1.7,9.92,18.09,normal,normal,bajo,OSCURO
2026-10-03T18:26:00Z,102360,1707,18.67,56.8,19.26,1003.98,1011.06,1.7,9.92,18.08,normal,normal,bajo,OSCURO
2026-10-03T18:27:00Z,102420,1708,18.68,56.7,19.27,1004.00,1011.07,1.7,9.92,18.08,normal,normal,bajo,OSCURO
2026-10-03T18:28:00Z,102480,1709,18.67,56.8,19.27,1004.05,1011.13,1.7,9.92,18.07,normal,normal,bajo,OSCURO
2026-10-03T18:29:00Z,102540,1710,18.67,56.8,19.27,1004.00,1011.07,1.7,9.93,18.08,normal,normal,bajo,OSCURO
2026-10-03T18:30:00Z,102600,1711,18.70,56.7,19.28,1004.01,1011.09,1.7,9.93,18.11,normal,normal,bajo,OSCURO
2026-10-03T18:31:00Z,102660,1712,18.70,56.7,19.28,1003.90,1010.98,1.7,9.92,18.10,normal,normal,bajo,OSCURO
2026-10-03T18:32:00Z,102720,1713,18.71,56.7,19.29,1003.97,1011.05,1.7,9.93,18.11,normal,normal,bajo,OSCURO
2026-10-03T18:33:00Z,102780,1714,18.70,56.7,19.29,1004.03,1011.10,1.7,9.93,18.11,normal,normal,bajo,OSCURO
2026-10-03T18:34:00Z,102840,1715,18.71,56.7,19.30,1003.99,1011.06,1.7,9.93,18.12,normal,normal,bajo,OSCURO
2026-10-03T18:35:00Z,102900,1716,18.71,56.7,19.31,1004.03,1011.11,1.7,9.93,18.11,normal,normal,bajo,OSCURO
2026-10-03T18:36:00Z,102960,1717,18.72,56.7,19.31,1004.03,1011.10,1.7,9.95,18.13,normal,normal,bajo,OSCURO
2026-10-03T18:37:00Z,103020,1718,18.74,56.6,19.31,1004.00,1011.08,1.7,9.93,18.14,normal,normal,bajo,OSCURO
2026-10-03T18:38:00Z,103080,1719,18.73,56.6,19.31,1004.03,1011.10,1.7,9.93,18.13,normal,normal,bajo,OSCURO
2026-10-03T18:39:00Z,103140,1720,18.74,56.6,19.32,1003.99,1011.07,1.7,9.94,18.15,normal,normal,bajo,OSCURO
2026-10-03T18:40:00Z,103200,1721,18.73,56.6,19.32,1003.99,1011.07,1.7,9.94,18.14,normal,normal,bajo,OSCURO
2026-10-03T18:41:00Z,103260,1722,18.72,56.7,19.33,1004.01,1011.08,1.7,9.94,18.13,normal,normal,bajo,OSCURO
2026-10-03T18:42:00Z,103320,1723,18.74,56.6,19.34,1003.97,1011.04,1.7,9.94,18.15,normal,normal,bajo,OSCURO
2026-10-03T18:43:00Z,103380,1724,18.74,56.6,19.34,1004.05,1011.12,1.7,9.94,18.15,normal,normal,bajo,OSCURO
2026-10-03T18:44:00Z,103440,1725,18.77,56.5,19.35,1003.98,1011.06,1.7,9.94,18.18,normal,normal,bajo,OSCURO
2026-10-03T18:45:00Z,103500,1726,18.77,56.6,19.36,1004.00,1011.07,1.7,9.96,18.18,normal,normal,bajo,OSCURO
2026-10-03T18:46:00Z,103560,1727,18.76,56.5,19.35,1003.98,1011.06,1.7,9.94,18.17,normal,normal,bajo,OSCURO
2026-10-03T18:47:00Z,103620,1728,18.75,56.5,19.36,1004.05,1011.13,1.7,9.94,18.16,normal,normal,bajo,OSCURO
2026-10-03T18:48:00Z,103680,1729,18.80,56.4,19.36,1004.00,1011.07,1.7,9.94,18.21,normal,normal,bajo,OSCURO
2026-10-03T18:49:00Z,103740,1730,18.76,56.5,19.37,1003.96,1011.03,1.7,9.95,18.17,normal,normal,bajo,OSCURO
2026-10-03T18:50:00Z,103800,1731,18.78,56.6,19.38,1004.00,1011.08,1.7,9.97,18.19,normal,normal,bajo,OSCURO
2026-10-03T18:51:00Z,103860,1732,18.79,56.5,19.37,1004.02,1011.09,1.7,9.96,18.20,normal,normal,bajo,OSCURO
2026-10-03T18:52:00Z,103920,1733,18.79,56.5,19.39,1003.99,1011.06,1.7,9.95,18.20,normal,normal,bajo,OSCURO
2026-10-03T18:53:00Z,103980,1734,18.79,56.5,19.38,1004.00,1011.07,1.7,9.96,18.20,normal,normal,bajo,OSCURO
2026-10-03T18:54:00Z,104040,1735,18.82,56.4,19.39,1004.02,1011.09,1.7,9.95,18.23,normal,normal,bajo,OSCURO
2026-10-03T18:55:00Z,104100,1736,18.82,56.4,19.39,1003.94,1011.01,1.7,9.96,18.23,normal,normal,bajo,OSCURO
2026-10-03T18:56:00Z,104160,1737,18.81,56.5,19.40,1004.01,1011.08,1.7,9.98,18.22,normal,normal,bajo,OSCURO
2026-10-03T18:57:00Z,104220,1738,18.81,56.4,19.41,1003.97,1011.04,1.7,9.97,18.22,normal,normal,bajo,OSCURO
2026-10-03T18:58:00Z,104280,1739,18.84,56.4,19.41,1004.02,1011.09,1.7,9.97,18.25,normal,normal,bajo,OSCURO
2026-10-03T18:59:00Z,104340,1740,18.85,56.3,19.42,1004.04,1011.11,1.7,9.97,18.26,normal,normal,bajo,OSCURO
2026-10-03T19:00:00Z,104400,1741,18.84,56.3,19.43,1003.97,1011.04,1.7,9.97,18.25,normal,normal,bajo,OSCURO
2026-10-03T19:01:00Z,104460,1742,18.86,56.2,19.43,1004.05,1011.12,1.7,9.96,18.27,normal,normal,bajo,OSCURO
2026-10-03T19:02:00Z,104520,1743,18.85,56.3,19.44,1004.07,1011.14,1.7,9.97,18.26,normal,normal,bajo,OSCURO
2026-10-03T19:03:00Z,104580,1744,18.84,56.4,19.44,1003.96,1011.03,1.7,9.97,18.25,normal,normal,bajo,OSCURO
2026-10-03T19:04:00Z,104640,1745,18.86,56.3,19.45,1003.98,1011.04,1.7,9.98,18.27,normal,normal,bajo,OSCURO
2026-10-03T19:05:00Z,104700,1746,18.86,56.3,19.45,1003.98,1011.04,1.7,9.98,18.27,normal,normal,bajo,OSCURO
2026-10-03T19:06:00Z,104760,1747,18.87,56.3,19.47,1003.95,1011.02,1.7,9.98,18.28,normal,normal,bajo,OSCURO
2026-10-03T19:07:00Z,104820,1748,18.86,56.3,19.46,1004.02,1011.09,1.7,9.98,18.28,normal,normal,bajo,OSCURO
2026-10-03T19:08:00Z,104880,1749,18.90,56.1,19.47,1004.01,1011.08,1.7,9.96,18.31,normal,normal,bajo,OSCURO
2026-10-03T19:09:00Z,104940,1750,18.88,56.3,19.47,1004.01,1011.08,1.7,9.99,18.29,normal,normal,bajo,OSCURO
2026-10-03T19:10:00Z,105000,1751,18.87,56.2,19.48,1004.05,1011.12,1.7,9.97,18.29,normal,normal,bajo,OSCURO
2026-10-03T19:11:00Z,105060,1752,18.90,56.2,19.49,1004.01,1011.08,1.7,9.98,18.31,normal,normal,bajo,OSCURO
2026-10-03T19:12:00Z,105120,1753,18.91,56.1,19.49,1004.04,1011.11,1.7,9.98,18.33,normal,normal,bajo,OSCURO
2026-10-03T19:13:00Z,105180,1754,18.93,56.1,19.51,1003.99,1011.05,1.7,9.99,18.35,normal,normal,bajo,OSCURO
2026-10-03T19:14:00Z,105240,1755,18.91,56.2,19.51,1004.01,1011.08,1.7,9.98,18.32,normal,normal,bajo,OSCURO
2026-10-03T19:15:00Z,105300,1756,18.92,56.0,19.51,1004.01,1011.08,1.7,9.96,18.33,normal,normal,bajo,OSCURO
2026-10-03T19:16:00Z,105360,1757,18.91,56.2,19.52,1004.03,1011.10,1.7,9.99,18.33,normal,normal,bajo,OSCURO
2026-10-03T19:17:00Z,105420,1758,18.93,56.1,19.52,1003.95,1011.01,1.7,9.97,18.34,normal,normal,bajo,OSCURO
2026-10-03T19:18:00Z,105480,1759,18.95,56.1,19.53,1003.99,1011.06,1.7,9.99,18.36,normal,normal,bajo,OSCURO
2026-10-03T19:19:00Z,105540,1760,18.96,56.0,19.54,1004.03,1011.10,1.7,9.99,18.38,normal,normal,bajo,OSCURO
2026-10-03T19:20:00Z,105600,1761,18.97,56.0,19.54,1003.98,1011.04,1.7,9.99,18.38,normal,normal,bajo,OSCURO
2026-10-03T19:21:00Z,105660,1762,18.98,56.0,19.55,1003.99,1011.06,1.7,9.99,18.39,normal,normal,bajo,OSCURO
2026-10-03T19:22:00Z,105720,1763,18.96,56.0,19.56,1003.93,1010.99,1.7,9.99,18.38,normal,normal,bajo,OSCURO
2026-10-03T19:23:00Z,105780,1764,18.98,56.0,19.56,1004.01,1011.08,1.7,9.99,18.39,normal,normal,bajo,OSCURO
2026-10-03T19:24:00Z,105840,1765,18.98,56.0,19.56,1003.98,1011.05,1.7,10.00,18.39,normal,normal,bajo,OSCURO
2026-10-03T19:25:00Z,105900,1766,19.00,55.9,19.57,1004.05,1011.12,1.7,9.99,18.42,normal,normal,bajo,OSCURO
2026-10-03T19:26:00Z,105960,1767,18.97,56.0,19.57,1004.00,1011.06,1.7,9.99,18.39,normal,normal,bajo,OSCURO
2026-10-03T19:27:00Z,106020,1768,19.02,55.8,19.58,1003.99,1011.05,1.7,9.99,18.44,normal,normal,bajo,OSCURO
2026-10-03T19:28:00Z,106080,1769,18.99,55.9,19.59,1004.06,1011.12,1.7,10.00,18.41,normal,normal,bajo,OSCURO
2026-10-03T19:29:00Z,106140,1770,19.02,55.8,19.61,1004.00,1011.07,1.7,9.99,18.44,normal,normal,bajo,OSCURO
2026-10-03T19:30:00Z,106200,1771,19.01,55.8,19.60,1004.04,1011.11,1.7,9.99,18.43,normal,normal,bajo,OSCURO
2026-10-03T19:31:00Z,106260,1772,19.03,55.8,19.61,1003.98,1011.04,1.7,9.99,18.44,normal,normal,bajo,OSCURO
2026-10-03T19:32:00Z,106320,1773,19.04,55.7,19.62,1004.02,1011.09,1.7,9.98,18.46,normal,normal,bajo,OSCURO
2026-10-03T19:33:00Z,106380,1774,19.05,55.7,19.62,1003.99,1011.06,1.7,10.00,18.47,normal,normal,bajo,OSCURO
2026-10-03T19:34:00Z,106440,1775,19.05,55.7,19.63,1003.98,1011.05,1.7,9.99,18.46,normal,normal,bajo,OSCURO
2026-10-03T19:35:00Z,106500,1776,19.04,55.7,19.64,1003.97,1011.03,1.7,9.99,18.46,normal,normal,bajo,OSCURO
2026-10-03T19:36:00Z,106560,1777,19.04,55.8,19.64,1004.05,1011.12,1.7,10.00,18.45,normal,normal,bajo,OSCURO
2026-10-03T19:37:00Z,106620,1778,19.07,55.6,19.65,1004.04,1011.10,1.7,9.99,18.49,normal,normal,bajo,OSCURO
2026-10-03T19:38:00Z,106680,1779,19.09,55.6,19.66,1004.03,1011.09,1.7,10.00,18.51,normal,normal,bajo,OSCURO
2026-10-03T19:39:00Z,106740,1780,19.08,55.6,19.66,1004.08,1011.15,1.7,9.99,18.50,normal,normal,bajo,OSCURO
2026-10-03T19:40:00Z,106800,1781,19.08,55.6,19.68,1004.02,1011.08,1.7,10.00,18.50,normal,normal,bajo,OSCURO
2026-10-03T19:41:00Z,106860,1782,19.11,55.5,19.68,1004.04,1011.11,1.7,9.97,18.52,normal,normal,bajo,OSCURO
2026-10-03T19:42:00Z,106920,1783,19.10,55.6,19.69,1004.02,1011.08,1.7,10.01,18.52,normal,normal,bajo,OSCURO
2026-10-03T19:43:00Z,106980,1784,19.12,55.5,19.71,1004.03,1011.10,1.7,10.00,18.54,normal,normal,bajo,OSCURO
2026-10-03T19:44:00Z,107040,1785,19.11,55.5,19.72,1004.05,1011.11,1.7,10.00,18.52,normal,normal,bajo,OSCURO
2026-10-03T19:45:00Z,107100,1786,19.11,55.5,19.72,1004.02,1011.09,1.7,10.01,18.53,normal,normal,bajo,OSCURO
2026-10-03T19:46:00Z,107160,1787,19.13,55.5,19.73,1004.01,1011.07,1.7,10.00,18.55,normal,normal,bajo,OSCURO
2026-10-03T19:47:00Z,107220,1788,19.14,55.5,19.73,1003.98,1011.05,1.7,10.01,18.55,normal,normal,bajo,OSCURO
2026-10-03T19:48:00Z,107280,1789,19.15,55.4,19.75,1004.01,1011.08,1.7,10.01,18.57,normal,normal,bajo,OSCURO
2026-10-03T19:49:00Z,107340,1790,19.16,55.3,19.73,1004.03,1011.09,1.7,10.00,18.58,normal,normal,bajo,OSCURO
2026-10-03T19:50:00Z,107400,1791,19.15,55.4,19.76,1004.03,1011.09,1.7,9.99,18.57,normal,normal,bajo,OSCURO
2026-10-03T19:51:00Z,107460,1792,19.15,55.4,19.77,1004.02,1011.08,1.7,10.01,18.57,normal,normal,bajo,OSCURO
2026-10-03T19:52:00Z,107520,1793,19.18,55.3,19.77,1004.02,1011.08,1.7,10.02,18.60,normal,normal,bajo,OSCURO
2026-10-03T19:53:00Z,107580,1794,19.18,55.4,19.78,1004.01,1011.07,1.7,10.02,18.59,normal,normal,bajo,OSCURO
2026-10-03T19:54:00Z,107640,1795,19.21,55.2,19.78,1004.01,1011.07,1.7,10.00,18.62,normal,normal,bajo,OSCURO
2026-10-03T19:55:00Z,107700,1796,19.19,55.2,19.80,1003.93,1010.99,1.7,9.99,18.60,normal,normal,bajo,OSCURO
2026-10-03T19:56:00Z,107760,1797,19.22,55.1,19.80,1004.01,1011.07,1.7,10.00,18.64,normal,normal,bajo,OSCURO
2026-10-03T19:57:00Z,107820,1798,19.21,55.2,19.81,1004.05,1011.11,1.7,10.01,18.63,normal,normal,bajo,OSCURO
2026-10-03T19:58:00Z,107880,1799,19.24,55.1,19.82,1004.01,1011.07,1.7,10.01,18.65,normal,normal,bajo,OSCURO
2026-10-03T19:59:00Z,107940,1800,19.23,55.1,19.82,1003.93,1010.99,1.7,10.00,18.65,normal,normal,bajo,OSCURO
2026-10-03T20:00:00Z,108000,1801,19.25,55.1,19.84,1004.02,1011.08,1.7,10.01,18.67,normal,normal,bajo,OSCURO
2026-10-03T20:01:00Z,108060,1802,19.25,55.1,19.84,1004.04,1011.11,1.7,10.01,18.67,normal,normal,bajo,OSCURO
2026-10-03T20:02:00Z,108120,1803,19.27,55.0,19.84,1003.96,1011.02,1.7,10.00,18.69,normal,normal,bajo,OSCURO
2026-10-03T20:03:00Z,108180,1804,19.28,55.0,19.85,1004.01,1011.06,1.7,10.00,18.69,normal,normal,bajo,OSCURO
2026-10-03T20:04:00Z,108240,1805,19.27,55.0,19.86,1004.02,1011.08,1.7,10.01,18.69,normal,normal,bajo,OSCURO
2026-10-03T20:05:00Z,108300,1806,19.28,55.0,19.87,1004.06,1011.12,1.7,10.01,18.70,normal,normal,bajo,OSCURO
2026-10-03T20:06:00Z,108360,1807,19.28,54.9,19.89,1004.07,1011.13,1.7,10.00,18.69,normal,normal,bajo,OSCURO
2026-10-03T20:07:00Z,108420,1808,19.29,54.9,19.88,1004.02,1011.08,1.7,10.00,18.70,normal,normal,bajo,OSCURO
2026-10-03T20:08:00Z,108480,1809,19.29,54.9,19.91,1004.02,1011.08,1.7,10.00,18.71,normal,normal,bajo,OSCURO
2026-10-03T20:09:00Z,108540,1810,19.31,54.8,19.90,1004.03,1011.09,1.7,9.99,18.73,normal,normal,bajo,OSCURO
2026-10-03T20:10:00Z,108600,1811,19.32,54.8,19.91,1003.99,1011.05,1.7,10.00,18.74,normal,normal,bajo,OSCURO
2026-10-03T20:11:00Z,108660,1812,19.31,54.8,19.92,1004.00,1011.06,1.7,10.00,18.72,normal,normal,bajo,OSCURO
2026-10-03T20:12:00Z,108720,1813,19.34,54.8,19.93,1004.07,1011.13,1.7,10.01,18.76,normal,normal,bajo,OSCURO
2026-10-03T20:13:00Z,108780,1814,19.34,54.7,19.94,1003.98,1011.04,1.7,10.00,18.76,normal,normal,bajo,OSCURO
2026-10-03T20:14:00Z,108840,1815,19.35,54.7,19.95,1003.97,1011.03,1.7,10.00,18.77,normal,normal,bajo,OSCURO
2026-10-03T20:15:00Z,108900,1816,19.37,54.7,19.95,1003.97,1011.03,1.7,10.00,18.79,normal,normal,bajo,OSCURO
2026-10-03T20:16:00Z,108960,1817,19.37,54.6,19.96,1004.01,1011.07,1.7,10.00,18.78,normal,normal,bajo,OSCURO
2026-10-03T20:17:00Z,109020,1818,19.37,54.6,19.96,1004.01,1011.07,1.7,9.99,18.79,normal,normal,bajo,OSCURO
2026-10-03T20:18:00Z,109080,1819,19.37,54.6,19.97,1004.03,1011.08,1.7,9.98,18.78,normal,normal,bajo,OSCURO
2026-10-03T20:19:00Z,109140,1820,19.39,54.6,19.98,1003.99,1011.04,1.7,9.99,18.81,normal,normal,bajo,OSCURO
2026-10-03T20:20:00Z,109200,1821,19.40,54.6,19.99,1004.00,1011.06,1.7,10.00,18.82,normal,normal,bajo,OSCURO
2026-10-03T20:21:00Z,109260,1822,19.40,54.5,20.01,1004.03,1011.09,1.7,10.00,18.82,normal,normal,bajo,OSCURO
2026-10-03T20:22:00Z,109320,1823,19.42,54.5,20.00,1003.96,1011.02,1.7,10.00,18.84,normal,normal,bajo,OSCURO
2026-10-03T20:23:00Z,109380,1824,19.42,54.5,20.02,1004.02,1011.08,1.7,10.00,18.84,normal,normal,bajo,OSCURO
2026-10-03T20:24:00Z,109440,1825,19.43,54.4,20.02,1004.02,1011.08,1.7,9.99,18.85,normal,normal,bajo,OSCURO
2026-10-03T20:25:00Z,109500,1826,19.46,54.3,20.03,1004.01,1011.07,1.7,9.99,18.87,normal,normal,bajo,OSCURO
2026-10-03T20:26:00Z,109560,1827,19.42,54.4,20.04,1004.00,1011.05,1.7,10.00,18.84,normal,normal,bajo,OSCURO
2026-10-03T20:27:00Z,109620,1828,19.44,54.4,20.05,1004.01,1011.07,1.7,10.00,18.86,normal,normal,bajo,OSCURO
2026-10-03T20:28:00Z,109680,1829,19.46,54.3,20.06,1004.00,1011.06,1.7,10.00,18.88,normal,normal,bajo,OSCURO
2026-10-03T20:29:00Z,109740,1830,19.47,54.2,20.06,1003.98,1011.03,1.7,9.99,18.89,normal,normal,bajo,OSCURO
2026-10-03T20:30:00Z,109800,1831,19.48,54.2,20.08,1004.01,1011.06,1.7,9.98,18.90,normal,normal,bajo,OSCURO
2026-10-03T20:31:00Z,109860,1832,19.51,54.1,20.08,1004.03,1011.09,2.5,9.98,18.93,normal,normal,bajo,OSCURO
2026-10-03T20:32:00Z,109920,1833,19.49,54.2,20.09,1003.94,1010.99,3.3,9.99,18.91,normal,normal,bajo,OSCURO
2026-10-03T20:33:00Z,109980,1834,19.52,54.2,20.10,1004.04,1011.09,4.2,10.01,18.94,normal,normal,bajo,OSCURO
2026-10-03T20:34:00Z,110040,1835,19.52,54.1,20.11,1004.05,1011.11,5.0,10.00,18.94,normal,normal,bajo,OSCURO
2026-10-03T20:35:00Z,110100,1836,19.52,54.1,20.13,1004.00,1011.05,6.7,9.98,18.94,normal,normal,bajo,OSCURO
2026-10-03T20:36:00Z,110160,1837,19.52,54.0,20.13,1004.00,1011.05,7.5,9.98,18.94,normal,normal,bajo,OSCURO
2026-10-03T20:37:00Z,110220,1838,19.55,54.0,20.14,1004.02,1011.07,8.3,10.00,18.97,normal,normal,bajo,OSCURO
2026-10-03T20:38:00Z,110280,1839,19.55,54.0,20.15,1004.03,1011.08,9.2,9.99,18.97,normal,normal,bajo,OSCURO
2026-10-03T20:39:00Z,110340,1840,19.57,53.9,20.16,1004.05,1011.10,10.0,9.99,18.99,normal,normal,bajo,
2026-10-03T20:40:00Z,110400,1841,19.58,53.9,20.17,1004.06,1011.12,10.8,9.99,19.00,normal,normal,bajo,
2026-10-03T20:41:00Z,110460,1842,19.58,53.9,20.17,1004.01,1011.06,11.7,9.99,19.00,normal,normal,bajo,
2026-10-03T20:42:00Z,110520,1843,19.59,53.9,20.19,1004.01,1011.06,12.5,9.99,19.01,normal,normal,bajo,
2026-10-03T20:43:00Z,110580,1844,19.58,53.8,20.19,1004.09,1011.15,13.3,9.98,19.00,normal,normal,bajo,
2026-10-03T20:44:00Z,110640,1845,19.60,53.7,20.21,1004.02,1011.07,14.2,9.96,19.02,normal,normal,bajo,
2026-10-03T20:45:00Z,110700,1846,19.61,53.7,20.21,1004.04,1011.09,15.0,9.98,19.04,normal,normal,bajo,
2026-10-03T20:46:00Z,110760,1847,19.62,53.8,20.22,1003.98,1011.03,15.8,10.00,19.04,normal,normal,bajo,
2026-10-03T20:47:00Z,110820,1848,19.63,53.7,20.23,1003.96,1011.01,16.7,9.98,19.05,normal,normal,bajo,
2026-10-03T20:48:00Z,110880,1849,19.65,53.7,20.23,1004.05,1011.10,17.5,9.99,19.07,normal,normal,bajo,
2026-10-03T20:49:00Z,110940,1850,19.64,53.6,20.25,1003.94,1010.99,18.3,9.97,19.05,normal,normal,bajo,
2026-10-03T20:50:00Z,111000,1851,19.66,53.6,20.25,1004.02,1011.07,20.0,9.97,19.08,normal,normal,bajo,
2026-10-03T20:51:00Z,111060,1852,19.66,53.6,20.27,1004.05,1011.10,20.0,9.97,19.08,normal,normal,bajo,
2026-10-03T20:52:00Z,111120,1853,19.66,53.6,20.26,1004.07,1011.12,21.7,9.97,19.08,normal,normal,bajo,
2026-10-03T20:53:00Z,111180,1854,19.68,53.5,20.29,1004.03,1011.08,22.5,9.97,19.10,normal,normal,bajo,
2026-10-03T20:54:00Z,111240,1855,19.70,53.4,20.29,1004.00,1011.05,23.3,9.97,19.12,normal,normal,bajo,
2026-10-03T20:55:00Z,111300,1856,19.72,53.4,20.30,1004.02,1011.07,24.2,9.97,19.14,normal,normal,bajo,
2026-10-03T20:56:00Z,111360,1857,19.71,53.4,20.31,1004.01,1011.05,25.0,9.98,19.13,normal,normal,bajo,
2026-10-03T20:57:00Z,111420,1858,19.74,53.3,20.32,1003.97,1011.01,25.8,9.99,19.16,normal,normal,bajo,
2026-10-03T20:58:00Z,111480,1859,19.73,53.3,20.33,1004.04,1011.09,26.7,9.97,19.15,normal,normal,bajo,
2026-10-03T20:59:00Z,111540,1860,19.75,53.2,20.34,1004.00,1011.05,27.5,9.96,19.17,normal,normal,bajo,
2026-10-03T21:00:00Z,111600,1861,19.75,53.2,20.35,1004.04,1011.09,28.3,9.97,19.17,normal,normal,bajo,
2026-10-03T21:01:00Z,111660,1862,19.76,53.2,20.35,1003.99,1011.03,29.2,9.95,19.18,normal,normal,bajo,
2026-10-03T21:02:00Z,111720,1863,19.76,53.2,20.37,1003.99,1011.04,30.0,9.97,19.18,normal,normal,bajo,
2026-10-03T21:03:00Z,111780,1864,19.78,53.1,20.37,1004.07,1011.12,30.8,9.96,19.20,normal,normal,bajo,
2026-10-03T21:04:00Z,111840,1865,19.78,53.1,20.38,1003.93,1010.98,31.7,9.96,19.20,normal,normal,bajo,
2026-10-03T21:05:00Z,111900,1866,19.80,53.0,20.38,1004.01,1011.06,32.5,9.96,19.22,normal,normal,bajo,
2026-10-03T21:06:00Z,111960,1867,19.80,53.1,20.40,1004.04,1011.09,33.3,9.96,19.22,normal,normal,bajo,
2026-10-03T21:07:00Z,112020,1868,19.82,53.0,20.40,1004.07,1011.12,35.0,9.97,19.24,normal,normal,bajo,
2026-10-03T21:08:00Z,112080,1869,19.84,53.0,20.42,1003.96,1011.01,35.8,9.97,19.26,normal,normal,bajo,
2026-10-03T21:09:00Z,112140,1870,19.84,53.0,20.43,1004.06,1011.11,35.8,9.98,19.26,normal,normal,bajo,
2026-10-03T21:10:00Z,112200,1871,19.85,52.9,20.43,1004.06,1011.11,37.5,9.96,19.27,normal,normal,bajo,
2026-10-03T21:11:00Z,112260,1872,19.86,52.8,20.45,1004.04,1011.08,37.5,9.95,19.28,normal,normal,bajo,
2026-10-03T21:12:00Z,112320,1873,19.87,52.8,20.45,1004.04,1011.08,38.3,9.96,19.29,normal,normal,bajo,
2026-10-03T21:13:00Z,112380,1874,19.88,52.8,20.47,1004.04,1011.09,40.0,9.97,19.30,normal,normal,bajo,
2026-10-03T21:14:00Z,112440,1875,19.88,52.8,20.47,1004.04,1011.09,40.8,9.96,19.30,normal,normal,bajo,
2026-10-03T21:15:00Z,112500,1876,19.90,52.7,20.48,1004.06,1011.10,41.7,9.95,19.32,normal,normal,bajo,
2026-10-03T21:16:00Z,112560,1877,19.90,52.6,20.49,1003.99,1011.04,42.5,9.93,19.32,normal,normal,bajo,
2026-10-03T21:17:00Z,112620,1878,19.94,52.6,20.51,1004.08,1011.12,43.3,9.95,19.36,normal,normal,bajo,
2026-10-03T21:18:00Z,112680,1879,19.94,52.5,20.51,1004.05,1011.09,43.3,9.94,19.36,normal,normal,bajo,
2026-10-03T21:19:00Z,112740,1880,19.93,52.6,20.52,1004.01,1011.05,45.0,9.95,19.36,normal,normal,bajo,
2026-10-03T21:20:00Z,112800,1881,19.94,52.5,20.54,1004.04,1011.08,45.8,9.94,19.36,normal,normal,bajo,
2026-10-03T21:21:00Z,112860,1882,19.96,52.5,20.54,1003.99,1011.03,46.7,9.94,19.38,normal,normal,bajo,
2026-10-03T21:22:00Z,112920,1883,19.97,52.5,20.55,1004.06,1011.10,47.5,9.94,19.39,normal,normal,bajo,
2026-10-03T21:23:00Z,112980,1884,19.98,52.4,20.56,1004.04,1011.09,48.3,9.94,19.40,normal,normal,bajo,
2026-10-03T21:24:00Z,113040,1885,19.98,52.4,20.57,1004.06,1011.10,49.2,9.94,19.40,normal,normal,bajo,
2026-10-03T21:25:00Z,113100,1886,20.00,52.3,20.58,1004.02,1011.06,50.0,9.92,19.42,normal,normal,bajo,
2026-10-03T21:26:00Z,113160,1887,20.00,52.3,20.59,1003.98,1011.02,50.8,9.92,19.42,normal,normal,bajo,
2026-10-03T21:27:00Z,113220,1888,20.02,52.2,20.60,1003.97,1011.01,52.5,9.93,19.44,normal,normal,bajo,
2026-10-03T21:28:00Z,113280,1889,20.02,52.2,20.60,1004.08,1011.12,52.5,9.94,19.44,normal,normal,bajo,
2026-10-03T21:29:00Z,113340,1890,20.02,52.2,20.61,1004.01,1011.05,53.3,9.93,19.44,normal,normal,bajo,
2026-10-03T21:30:00Z,113400,1891,20.04,52.1,20.62,1004.03,1011.07,54.2,9.92,19.46,normal,normal,bajo,
2026-10-03T21:31:00Z,113460,1892,20.06,52.1,20.64,1003.98,1011.02,55.8,9.93,19.48,normal,normal,bajo,
2026-10-03T21:32:00Z,113520,1893,20.06,52.0,20.65,1003.99,1011.03,56.7,9.92,19.49,normal,normal,bajo,
2026-10-03T21:33:00Z,113580,1894,20.06,52.1,20.66,1004.01,1011.05,57.5,9.93,19.49,normal,normal,bajo,
2026-10-03T21:34:00Z,113640,1895,20.06,52.1,20.67,1004.02,1011.06,57.5,9.92,19.48,normal,normal,bajo,
2026-10-03T21:35:00Z,113700,1896,20.10,51.9,20.69,1003.97,1011.01,58.3,9.91,19.52,normal,normal,bajo,
2026-10-03T21:36:00Z,113760,1897,20.10,51.9,20.69,1004.03,1011.07,59.2,9.90,19.52,normal,normal,bajo,
2026-10-03T21:37:00Z,113820,1898,20.11,51.9,20.70,1004.01,1011.05,60.8,9.92,19.53,normal,normal,bajo,
2026-10-03T21:38:00Z,113880,1899,20.14,51.7,20.71,1004.06,1011.10,61.7,9.90,19.56,normal,normal,bajo,
2026-10-03T21:39:00Z,113940,1900,20.15,51.8,20.73,1004.03,1011.07,62.5,9.91,19.57,normal,normal,bajo,
2026-10-03T21:40:00Z,114000,1901,20.14,51.8,20.73,1004.01,1011.04,62.5,9.90,19.56,normal,normal,bajo,
2026-10-03T21:41:00Z,114060,1902,20.16,51.7,20.75,1004.01,1011.05,64.2,9.90,19.58,normal,normal,bajo,
2026-10-03T21:42:00Z,114120,1903,20.15,51.7,20.75,1003.96,1010.99,64.2,9.89,19.57,normal,normal,bajo,
2026-10-03T21:43:00Z,114180,1904,20.18,51.6,20.76,1004.00,1011.04,65.8,9.91,19.60,normal,normal,bajo,
2026-10-03T21:44:00Z,114240,1905,20.20,51.5,20.77,1004.01,1011.05,66.7,9.90,19.62,normal,normal,bajo,
2026-10-03T21:45:00Z,114300,1906,20.21,51.6,20.79,1004.04,1011.08,67.5,9.91,19.63,normal,normal,bajo,
2026-10-03T21:46:00Z,114360,1907,20.19,51.6,20.79,1003.99,1011.03,68.3,9.90,19.61,normal,normal,bajo,
2026-10-03T21:47:00Z,114420,1908,20.24,51.4,20.80,1003.98,1011.01,68.3,9.89,19.66,normal,normal,bajo,
2026-10-03T21:48:00Z,114480,1909,20.24,51.4,20.81,1003.97,1011.00,69.2,9.89,19.66,normal,normal,bajo,
2026-10-03T21:49:00Z,114540,1910,20.23,51.4,20.83,1003.97,1011.01,70.8,9.88,19.65,normal,normal,bajo,
2026-10-03T21:50:00Z,114600,1911,20.25,51.3,20.84,1004.04,1011.08,71.7,9.88,19.67,normal,normal,bajo,
2026-10-03T21:51:00Z,114660,1912,20.27,51.3,20.85,1004.00,1011.04,71.7,9.89,19.69,normal,normal,bajo,
2026-10-03T21:52:00Z,114720,1913,20.28,51.2,20.86,1004.02,1011.05,73.3,9.88,19.70,normal,normal,bajo,
2026-10-03T21:53:00Z,114780,1914,20.29,51.2,20.87,1003.98,1011.01,74.2,9.88,19.71,normal,normal,bajo,
2026-10-03T21:54:00Z,114840,1915,20.30,51.2,20.88,1004.07,1011.11,75.0,9.88,19.72,normal,normal,bajo,
2026-10-03T21:55:00Z,114900,1916,20.33,51.1,20.89,1004.01,1011.04,75.8,9.88,19.75,normal,normal,bajo,
2026-10-03T21:56:00Z,114960,1917,20.32,51.1,20.90,1004.00,1011.03,76.7,9.87,19.74,normal,normal,bajo,
2026-10-03T21:57:00Z,115020,1918,20.34,51.0,20.92,1003.94,1010.98,77.5,9.88,19.76,normal,normal,bajo,
2026-10-03T21:58:00Z,115080,1919,20.32,51.1,20.92,1004.03,1011.06,78.3,9.88,19.74,normal,normal,bajo,
2026-10-03T21:59:00Z,115140,1920,20.34,51.0,20.94,1004.00,1011.04,79.2,9.87,19.76,normal,normal,bajo,
2026-10-03T22:00:00Z,115200,1921,20.35,50.9,20.94,1004.00,1011.04,80.0,9.86,19.77,normal,normal,bajo,
2026-10-03T22:01:00Z,115260,1922,20.38,50.9,20.96,1004.01,1011.04,80.8,9.88,19.80,normal,normal,bajo,
2026-10-03T22:02:00Z,115320,1923,20.38,50.9,20.95,1003.96,1011.00,82.5,9.87,19.80,normal,normal,bajo,
2026-10-03T22:03:00Z,115380,1924,20.39,50.8,20.97,1004.02,1011.05,82.5,9.86,19.81,normal,normal,bajo,
2026-10-03T22:04:00Z,115440,1925,20.40,50.7,20.97,1004.08,1011.11,82.5,9.83,19.82,normal,normal,bajo,
2026-10-03T22:05:00Z,115500,1926,20.39,50.8,21.00,1004.04,1011.07,84.2,9.86,19.81,normal,normal,bajo,
2026-10-03T22:06:00Z,115560,1927,20.41,50.8,21.01,1004.00,1011.03,84.2,9.87,19.84,normal,normal,bajo,
2026-10-03T22:07:00Z,115620,1928,20.44,50.6,21.01,1004.00,1011.03,85.8,9.86,19.87,normal,normal,bajo,
2026-10-03T22:08:00Z,115680,1929,20.43,50.7,21.03,1004.00,1011.04,86.7,9.85,19.85,normal,normal,bajo,
2026-10-03T22:09:00Z,115740,1930,20.43,50.7,21.04,1003.97,1011.00,87.5,9.87,19.86,normal,normal,bajo,
2026-10-03T22:10:00Z,115800,1931,20.47,50.5,21.05,1004.01,1011.04,88.3,9.85,19.89,normal,normal,bajo,
2026-10-03T22:11:00Z,115860,1932,20.47,50.5,21.07,1004.02,1011.05,88.3,9.84,19.89,normal,normal,bajo,
2026-10-03T22:12:00Z,115920,1933,20.47,50.4,21.09,1004.00,1011.03,90.0,9.83,19.89,normal,normal,bajo,
2026-10-03T22:13:00Z,115980,1934,20.48,50.5,21.09,1004.00,1011.03,90.8,9.84,19.90,normal,normal,bajo,
2026-10-03T22:14:00Z,116040,1935,20.51,50.4,21.09,1003.96,1010.99,91.7,9.84,19.93,normal,normal,bajo,
2026-10-03T22:15:00Z,116100,1936,20.53,50.3,21.11,1003.95,1010.98,91.7,9.84,19.95,normal,normal,bajo,
2026-10-03T22:16:00Z,116160,1937,20.53,50.2,21.12,1003.99,1011.02,92.5,9.82,19.95,normal,normal,bajo,
2026-10-03T22:17:00Z,116220,1938,20.53,50.2,21.14,1003.97,1011.00,93.3,9.82,19.95,normal,normal,bajo,
2026-10-03T22:18:00Z,116280,1939,20.56,50.2,21.15,1003.93,1010.96,95.0,9.82,19.98,normal,normal,bajo,
2026-10-03T22:19:00Z,116340,1940,20.56,50.2,21.15,1004.01,1011.04,95.0,9.84,19.98,normal,normal,bajo,
2026-10-03T22:20:00Z,116400,1941,20.58,50.1,21.17,1003.96,1010.99,95.8,9.83,20.00,normal,normal,bajo,
2026-10-03T22:21:00Z,116460,1942,20.59,50.0,21.17,1003.99,1011.01,96.7,9.82,20.01,normal,normal,bajo,
2026-10-03T22:22:00Z,116520,1943,20.59,50.0,21.18,1003.95,1010.97,98.3,9.82,20.01,normal,normal,bajo,
2026-10-03T22:23:00Z,116580,1944,20.59,50.0,21.19,1003.96,1010.99,97.5,9.80,20.01,normal,normal,bajo,
2026-10-03T22:24:00Z,116640,1945,20.59,50.1,21.21,1004.05,1011.08,99.2,9.82,20.01,normal,normal,bajo,
2026-10-03T22:25:00Z,116700,1946,20.62,49.9,21.21,1003.99,1011.02,100.0,9.80,20.04,normal,normal,bajo,
2026-10-03T22:26:00Z,116760,1947,20.61,49.9,21.23,1003.97,1011.00,101.7,9.79,20.03,normal,normal,bajo,
2026-10-03T22:27:00Z,116820,1948,20.65,49.8,21.24,1003.96,1010.98,101.7,9.80,20.07,normal,normal,bajo,
2026-10-03T22:28:00Z,116880,1949,20.65,49.8,21.25,1003.92,1010.94,102.5,9.79,20.07,normal,normal,bajo,
2026-10-03T22:29:00Z,116940,1950,20.66,49.7,21.26,1003.93,1010.96,104.2,9.78,20.08,normal,normal,bajo,
2026-10-03T22:30:00Z,117000,1951,20.66,49.8,21.27,1003.98,1011.00,105.0,9.80,20.09,normal,normal,bajo,
2026-10-03T22:31:00Z,117060,1952,20.69,49.7,21.29,1003.90,1010.92,105.8,9.81,20.12,normal,normal,bajo,
2026-10-03T22:32:00Z,117120,1953,20.69,49.6,21.29,1003.90,1010.92,105.8,9.79,20.11,normal,normal,bajo,
2026-10-03T22:33:00Z,117180,1954,20.71,49.6,21.31,1003.93,1010.95,106.7,9.79,20.13,normal,normal,bajo,
2026-10-03T22:34:00Z,117240,1955,20.70,49.6,21.32,1003.94,1010.97,107.5,9.79,20.12,normal,normal,bajo,
2026-10-03T22:35:00Z,117300,1956,20.71,49.6,21.32,1003.94,1010.97,108.3,9.79,20.14,normal,normal,bajo,
2026-10-03T22:36:00Z,117360,1957,20.74,49.4,21.34,1003.95,1010.97,108.3,9.76,20.16,normal,normal,bajo,
2026-10-03T22:37:00Z,117420,1958,20.75,49.4,21.35,1003.85,1010.88,109.2,9.77,20.17,normal,normal,bajo,
2026-10-03T22:38:00Z,117480,1959,20.76,49.3,21.36,1003.84,1010.86,110.8,9.77,20.18,normal,normal,bajo,
2026-10-03T22:39:00Z,117540,1960,20.79,49.3,21.36,1003.87,1010.89,110.8,9.78,20.21,normal,normal,bajo,
2026-10-03T22:40:00Z,117600,1961,20.78,49.3,21.37,1003.86,1010.88,112.5,9.77,20.20,normal,normal,bajo,
2026-10-03T22:41:00Z,117660,1962,20.81,49.2,21.39,1003.86,1010.88,112.5,9.78,20.24,normal,normal,bajo,
2026-10-03T22:42:00Z,117720,1963,20.80,49.2,21.40,1003.88,1010.90,112.5,9.75,20.22,normal,normal,bajo,
2026-10-03T22:43:00Z,117780,1964,20.83,49.1,21.42,1003.82,1010.84,114.2,9.76,20.25,normal,normal,bajo,
2026-10-03T22:44:00Z,117840,1965,20.83,49.1,21.43,1003.84,1010.86,115.0,9.76,20.25,normal,normal,bajo,
2026-10-03T22:45:00Z,117900,1966,20.83,49.1,21.44,1003.83,1010.85,115.8,9.76,20.25,normal,normal,bajo,
2026-10-03T22:46:00Z,117960,1967,20.86,49.0,21.44,1003.91,1010.93,116.7,9.76,20.28,normal,normal,bajo,
2026-10-03T22:47:00Z,118020,1968,20.87,48.9,21.46,1003.83,1010.85,116.7,9.74,20.29,normal,normal,bajo,
2026-10-03T22:48:00Z,118080,1969,20.87,49.0,21.47,1003.82,1010.84,119.2,9.75,20.29,normal,normal,bajo,
2026-10-03T22:49:00Z,118140,1970,20.88,48.9,21.48,1003.83,1010.85,119.2,9.75,20.30,normal,normal,bajo,
2026-10-03T22:50:00Z,118200,1971,20.87,48.9,21.49,1003.82,1010.84,120.0,9.73,20.29,normal,normal,bajo,
2026-10-03T22:51:00Z,118260,1972,20.90,48.8,21.50,1003.76,1010.77,120.0,9.72,20.32,normal,normal,bajo,
2026-10-03T22:52:00Z,118320,1973,20.92,48.7,21.51,1003.80,1010.82,121.7,9.72,20.34,normal,normal,bajo,
2026-10-03T22:53:00Z,118380,1974,20.92,48.8,21.53,1003.77,1010.79,120.8,9.74,20.34,normal,normal,bajo,
2026-10-03T22:54:00Z,118440,1975,20.95,48.7,21.54,1003.76,1010.78,121.7,9.73,20.37,normal,normal,bajo,
2026-10-03T22:55:00Z,118500,1976,20.94,48.7,21.54,1003.82,1010.83,123.3,9.74,20.36,normal,normal,bajo,
2026-10-03T22:56:00Z,118560,1977,20.96,48.6,21.55,1003.75,1010.77,123.3,9.72,20.38,normal,normal,bajo,
2026-10-03T22:57:00Z,118620,1978,20.99,48.5,21.57,1003.70,1010.71,125.0,9.72,20.41,normal,normal,bajo,
2026-10-03T22:58:00Z,118680,1979,21.01,48.4,21.57,1003.75,1010.77,125.8,9.71,20.43,normal,normal,bajo,
2026-10-03T22:59:00Z,118740,1980,20.98,48.5,21.59,1003.70,1010.72,125.0,9.72,20.41,normal,normal,bajo,
2026-10-03T23:00:00Z,118800,1981,21.00,48.5,21.59,1003.76,1010.77,126.7,9.72,20.43,normal,normal,bajo,
2026-10-03T23:01:00Z,118860,1982,21.01,48.4,21.61,1003.71,1010.72,127.5,9.69,20.43,normal,normal,bajo,
2026-10-03T23:02:00Z,118920,1983,21.02,48.4,21.61,1003.68,1010.69,127.5,9.70,20.44,normal,normal,bajo,
2026-10-03T23:03:00Z,118980,1984,21.04,48.3,21.64,1003.72,1010.74,130.0,9.71,20.47,normal,normal,bajo,
2026-10-03T23:04:00Z,119040,1985,21.03,48.3,21.65,1003.69,1010.70,129.2,9.71,20.45,normal,normal,bajo,
2026-10-03T23:05:00Z,119100,1986,21.04,48.3,21.64,1003.67,1010.68,131.7,9.71,20.46,normal,normal,bajo,
2026-10-03T23:06:00Z,119160,1987,21.06,48.2,21.67,1003.63,1010.65,131.7,9.70,20.48,normal,normal,bajo,
2026-10-03T23:07:00Z,119220,1988,21.08,48.1,21.68,1003.70,1010.72,131.7,9.67,20.50,normal,normal,bajo,
2026-10-03T23:08:00Z,119280,1989,21.10,48.1,21.67,1003.69,1010.70,132.5,9.70,20.52,normal,normal,bajo,
2026-10-03T23:09:00Z,119340,1990,21.11,48.0,21.70,1003.63,1010.64,132.5,9.66,20.53,normal,normal,bajo,
2026-10-03T23:10:00Z,119400,1991,21.10,48.1,21.71,1003.61,1010.63,133.3,9.69,20.52,normal,normal,bajo,
2026-10-03T23:11:00Z,119460,1992,21.12,47.9,21.73,1003.59,1010.60,134.2,9.67,20.54,normal,normal,bajo,
2026-10-03T23:12:00Z,119520,1993,21.13,47.9,21.72,1003.57,1010.59,136.7,9.66,20.55,normal,normal,bajo,
2026-10-03T23:13:00Z,119580,1994,21.15,47.9,21.75,1003.54,1010.55,135.8,9.67,20.57,normal,normal,bajo,
2026-10-03T23:14:00Z,119640,1995,21.15,47.8,21.75,1003.59,1010.60,136.7,9.65,20.57,normal,normal,bajo,
2026-10-03T23:15:00Z,119700,1996,21.17,47.7,21.76,1003.53,1010.54,136.7,9.64,20.59,normal,normal,bajo,
2026-10-03T23:16:00Z,119760,1997,21.16,47.8,21.76,1003.53,1010.54,137.5,9.65,20.58,normal,normal,bajo,
2026-10-03T23:17:00Z,119820,1998,21.17,47.7,21.79,1003.49,1010.50,140.0,9.64,20.59,normal,normal,bajo,
2026-10-03T23:18:00Z,119880,1999,21.19,47.7,21.79,1003.55,1010.56,140.8,9.65,20.61,normal,normal,bajo,
2026-10-03T23:19:00Z,119940,2000,21.20,47.7,21.80,1003.51,1010.52,139.2,9.66,20.62,normal,normal,bajo,
2026-10-03T23:20:00Z,120000,2001,21.22,47.6,21.80,1003.49,1010.49,141.7,9.64,20.64,normal,normal,bajo,
2026-10-03T23:21:00Z,120060,2002,21.24,47.5,21.82,1003.52,1010.53,140.8,9.63,20.65,normal,normal,bajo,
2026-10-03T23:22:00Z,120120,2003,21.23,47.5,21.83,1003.48,1010.49,141.7,9.63,20.65,normal,normal,bajo,
2026-10-03T23:23:00Z,120180,2004,21.25,47.5,21.83,1003.45,1010.46,143.3,9.65,20.67,normal,normal,bajo,
2026-10-03T23:24:00Z,120240,2005,21.27,47.3,21.85,1003.45,1010.46,143.3,9.61,20.69,normal,normal,bajo,
2026-10-03T23:25:00Z,120300,2006,21.26,47.4,21.87,1003.46,1010.46,145.0,9.62,20.68,normal,normal,bajo,
2026-10-03T23:26:00Z,120360,2007,21.29,47.3,21.87,1003.40,1010.41,145.0,9.62,20.71,normal,normal,bajo,
2026-10-03T23:27:00Z,120420,2008,21.30,47.3,21.89,1003.38,1010.38,145.8,9.62,20.72,normal,normal,bajo,
2026-10-03T23:28:00Z,120480,2009,21.31,47.3,21.89,1003.38,1010.38,145.8,9.63,20.73,normal,normal,bajo,
2026-10-03T23:29:00Z,120540,2010,21.31,47.2,21.90,1003.34,1010.34,147.5,9.60,20.73,normal,normal,bajo,
2026-10-03T23:30:00Z,120600,2011,21.32,47.2,21.92,1003.40,1010.40,146.7,9.61,20.74,normal,normal,bajo,
2026-10-03T23:31:00Z,120660,2012,21.33,47.2,21.92,1003.37,1010.37,148.3,9.62,20.75,normal,normal,bajo,
2026-10-03T23:32:00Z,120720,2013,21.35,47.1,21.95,1003.31,1010.31,149.2,9.60,20.77,normal,normal,bajo,
2026-10-03T23:33:00Z,120780,2014,21.35,47.0,21.95,1003.36,1010.36,148.3,9.59,20.77,normal,normal,bajo,
2026-10-03T23:34:00Z,120840,2015,21.38,47.0,21.96,1003.32,1010.32,149.2,9.59,20.80,normal,normal,bajo,
2026-10-03T23:35:00Z,120900,2016,21.37,47.0,21.96,1003.24,1010.24,151.7,9.60,20.79,normal,normal,bajo,
2026-10-03T23:36:00Z,120960,2017,21.39,46.9,21.97,1003.28,1010.28,150.0,9.60,20.81,normal,normal,bajo,
2026-10-03T23:37:00Z,121020,2018,21.41,46.9,21.99,1003.23,1010.23,150.8,9.59,20.83,normal,normal,bajo,
2026-10-03T23:38:00Z,121080,2019,21.42,46.9,22.01,1003.26,1010.26,152.5,9.59,20.84,normal,normal,bajo,
2026-10-03T23:39:00Z,121140,2020,21.42,46.9,22.01,1003.26,1010.26,153.3,9.60,20.84,normal,normal,bajo,
2026-10-03T23:40:00Z,121200,2021,21.45,46.6,22.02,1003.17,1010.17,155.0,9.55,20.87,normal,normal,bajo,
2026-10-03T23:41:00Z,121260,2022,21.45,46.7,22.04,1003.20,1010.20,155.0,9.58,20.87,normal,normal,bajo,
2026-10-03T23:42:00Z,121320,2023,21.47,46.6,22.04,1003.20,1010.20,155.8,9.57,20.89,normal,normal,bajo,
2026-10-03T23:43:00Z,121380,2024,21.47,46.6,22.06,1003.17,1010.17,156.7,9.56,20.89,normal,normal,bajo,
2026-10-03T23:44:00Z,121440,2025,21.47,46.6,22.07,1003.11,1010.11,157.5,9.55,20.89,normal,normal,bajo,
2026-10-03T23:45:00Z,121500,2026,21.48,46.6,22.07,1003.11,1010.11,158.3,9.55,20.90,normal,normal,bajo,
2026-10-03T23:46:00Z,121560,2027,21.50,46.5,22.09,1003.16,1010.16,158.3,9.55,20.92,normal,normal,bajo,
2026-10-03T23:47:00Z,121620,2028,21.50,46.5,22.10,1003.07,1010.07,158.3,9.56,20.92,normal,normal,bajo,
2026-10-03T23:48:00Z,121680,2029,21.52,46.4,22.11,1003.08,1010.08,158.3,9.55,20.94,normal,normal,bajo,
2026-10-03T23:49:00Z,121740,2030,21.55,46.3,22.12,1003.07,1010.07,160.0,9.53,20.97,normal,normal,bajo,
2026-10-03T23:50:00Z,121800,2031,21.55,46.3,22.13,1003.14,1010.14,160.0,9.52,20.97,normal,normal,bajo,
2026-10-03T23:51:00Z,121860,2032,21.57,46.3,22.14,1003.08,1010.07,159.2,9.55,20.99,normal,normal,bajo,
2026-10-03T23:52:00Z,121920,2033,21.56,46.2,22.15,1002.98,1009.98,160.8,9.52,20.97,normal,normal,bajo,
2026-10-03T23:53:00Z,121980,2034,21.57,46.2,22.16,1003.02,1010.02,161.7,9.52,20.99,normal,normal,bajo,
2026-10-03T23:54:00Z,122040,2035,21.57,46.2,22.17,1002.99,1009.98,163.3,9.53,20.99,normal,normal,bajo,
2026-10-03T23:55:00Z,122100,2036,21.59,46.1,22.18,1003.03,1010.02,163.3,9.51,21.01,normal,normal,bajo,
2026-10-03T23:56:00Z,122160,2037,21.62,46.0,22.19,1002.96,1009.96,163.3,9.51,21.04,normal,normal,bajo,
2026-10-03T23:57:00Z,122220,2038,21.61,46.1,22.21,1002.94,1009.93,164.2,9.51,21.03,normal,normal,bajo,
2026-10-03T23:58:00Z,122280,2039,21.61,46.1,22.22,1002.93,1009.92,165.0,9.53,21.03,normal,normal,bajo,
2026-10-03T23:59:00Z,122340,2040,21.64,46.0,22.22,1002.93,1009.92,166.7,9.51,21.06,normal,normal,bajo,
2026-10-04T00:00:00Z,122400,2041,21.63,46.0,22.23,1002.89,1009.88,165.8,9.50,21.04,normal,normal,bajo,
2026-10-04T00:01:00Z,122460,2042,21.66,45.9,22.24,1002.85,1009.84,166.7,9.49,21.08,normal,normal,bajo,
2026-10-04T00:02:00Z,122520,2043,21.67,45.8,22.26,1002.90,1009.90,167.5,9.47,21.09,normal,normal,bajo,
2026-10-04T00:03:00Z,122580,2044,21.67,45.8,22.26,1002.93,1009.93,165.0,9.49,21.08,normal,normal,bajo,
2026-10-04T00:04:00Z,122640,2045,21.68,45.8,22.29,1002.87,1009.86,169.2,9.49,21.10,normal,normal,bajo,
2026-10-04T00:05:00Z,122700,2046,21.71,45.7,22.28,1002.83,1009.82,169.2,9.48,21.13,normal,normal,bajo,
2026-10-04T00:06:00Z,122760,2047,21.74,45.6,22.30,1002.80,1009.79,170.8,9.48,21.15,normal,normal,bajo,
2026-10-04T00:07:00Z,122820,2048,21.73,45.6,22.31,1002.82,1009.81,170.0,9.49,21.15,normal,normal,bajo,
2026-10-04T00:08:00Z,122880,2049,21.74,45.5,22.32,1002.83,1009.82,171.7,9.46,21.16,normal,normal,bajo,
2026-10-04T00:09:00Z,122940,2050,21.74,45.6,22.32,1002.78,1009.77,171.7,9.47,21.15,normal,normal,bajo,
2026-10-04T00:10:00Z,123000,2051,21.75,45.5,22.34,1002.78,1009.77,171.7,9.46,21.17,normal,normal,bajo,
2026-10-04T00:11:00Z,123060,2052,21.76,45.4,22.35,1002.69,1009.68,173.3,9.45,21.17,normal,normal,bajo,
2026-10-04T00:12:00Z,123120,2053,21.79,45.4,22.36,1002.70,1009.69,173.3,9.45,21.20,normal,normal,bajo,
2026-10-04T00:13:00Z,123180,2054,21.79,45.4,22.37,1002.72,1009.71,175.0,9.47,21.21,normal,normal,bajo,
2026-10-04T00:14:00Z,123240,2055,21.81,45.3,22.39,1002.66,1009.65,175.0,9.44,21.23,normal,normal,bajo,
2026-10-04T00:15:00Z,123300,2056,21.81,45.3,22.39,1002.66,1009.65,174.2,9.44,21.23,normal,normal,bajo,
2026-10-04T00:16:00Z,123360,2057,21.80,45.3,22.40,1002.63,1009.61,175.0,9.44,21.22,normal,normal,bajo,
2026-10-04T00:17:00Z,123420,2058,21.82,45.3,22.41,1002.64,1009.63,176.7,9.45,21.24,normal,normal,bajo,
2026-10-04T00:18:00Z,123480,2059,21.83,45.1,22.43,1002.62,1009.60,175.8,9.40,21.25,normal,normal,bajo,
2026-10-04T00:19:00Z,123540,2060,21.84,45.1,22.43,1002.59,1009.58,178.3,9.42,21.25,normal,normal,bajo,
2026-10-04T00:20:00Z,123600,2061,21.88,45.0,22.44,1002.52,1009.51,176.7,9.41,21.29,normal,normal,bajo,
2026-10-04T00:21:00Z,123660,2062,21.85,45.1,22.45,1002.54,1009.52,178.3,9.41,21.27,normal,normal,bajo,
2026-10-04T00:22:00Z,123720,2063,21.90,44.9,22.46,1002.50,1009.48,177.5,9.39,21.32,normal,normal,bajo,
2026-10-04T00:23:00Z,123780,2064,21.90,44.9,22.48,1002.53,1009.51,179.2,9.40,21.31,normal,normal,bajo,
2026-10-04T00:24:00Z,123840,2065,21.89,44.9,22.49,1002.49,1009.48,180.0,9.40,21.31,normal,normal,bajo,
2026-10-04T00:25:00Z,123900,2066,21.91,44.9,22.49,1002.46,1009.45,180.0,9.39,21.33,normal,normal,bajo,
2026-10-04T00:26:00Z,123960,2067,21.93,44.8,22.51,1002.52,1009.51,180.0,9.41,21.35,normal,normal,bajo,
2026-10-04T00:27:00Z,124020,2068,21.93,44.8,22.51,1002.47,1009.45,179.2,9.39,21.35,normal,normal,bajo,
2026-10-04T00:28:00Z,124080,2069,21.94,44.8,22.53,1002.43,1009.41,181.7,9.40,21.36,normal,normal,bajo,
2026-10-04T00:29:00Z,124140,2070,21.96,44.7,22.53,1002.44,1009.42,182.5,9.39,21.38,normal,normal,bajo,
2026-10-04T00:30:00Z,124200,2071,21.96,44.7,22.54,1002.40,1009.39,181.7,9.38,21.37,normal,normal,bajo,
2026-10-04T00:31:00Z,124260,2072,21.97,44.6,22.57,1002.35,1009.33,182.5,9.37,21.39,normal,normal,bajo,
2026-10-04T00:32:00Z,124320,2073,21.97,44.7,22.58,1002.34,1009.32,184.2,9.38,21.38,normal,normal,bajo,
2026-10-04T00:33:00Z,124380,2074,21.99,44.5,22.58,1002.36,1009.35,183.3,9.37,21.41,normal,normal,bajo,
2026-10-04T00:34:00Z,124440,2075,21.99,44.6,22.59,1002.30,1009.28,183.3,9.37,21.41,normal,normal,bajo,
2026-10-04T00:35:00Z,124500,2076,22.02,44.5,22.61,1002.30,1009.28,186.7,9.36,21.44,normal,normal,bajo,
2026-10-04T00:36:00Z,124560,2077,22.01,44.5,22.62,1002.26,1009.24,186.7,9.36,21.42,normal,normal,bajo,
2026-10-04T00:37:00Z,124620,2078,22.04,44.4,22.62,1002.32,1009.30,187.5,9.35,21.45,normal,normal,bajo,
2026-10-04T00:38:00Z,124680,2079,22.04,44.4,22.64,1002.24,1009.22,186.7,9.35,21.46,normal,normal,bajo,
2026-10-04T00:39:00Z,124740,2080,22.06,44.3,22.65,1002.25,1009.23,185.0,9.34,21.48,normal,normal,bajo,
2026-10-04T00:40:00Z,124800,2081,22.05,44.3,22.65,1002.12,1009.09,187.5,9.35,21.47,normal,normal,bajo,
2026-10-04T00:41:00Z,124860,2082,22.07,44.2,22.65,1002.20,1009.18,190.0,9.33,21.49,normal,normal,bajo,
2026-10-04T00:42:00Z,124920,2083,22.06,44.2,22.68,1002.13,1009.11,187.5,9.33,21.48,normal,normal,bajo,
2026-10-04T00:43:00Z,124980,2084,22.08,44.2,22.69,1002.18,1009.16,190.0,9.33,21.50,normal,normal,bajo,
2026-10-04T00:44:00Z,125040,2085,22.11,44.1,22.70,1002.14,1009.12,189.2,9.30,21.52,normal,normal,bajo,
2026-10-04T00:45:00Z,125100,2086,22.11,44.2,22.69,1002.07,1009.04,190.0,9.34,21.53,normal,normal,bajo,
2026-10-04T00:46:00Z,125160,2087,22.12,44.0,22.71,1002.10,1009.08,190.8,9.31,21.54,normal,normal,bajo,
2026-10-04T00:47:00Z,125220,2088,22.13,44.1,22.72,1002.09,1009.06,190.8,9.32,21.54,normal,normal,bajo,
2026-10-04T00:48:00Z,125280,2089,22.13,44.0,22.73,1002.10,1009.08,190.8,9.31,21.55,normal,normal,bajo,
2026-10-04T00:49:00Z,125340,2090,22.17,43.9,22.74,1002.06,1009.04,194.2,9.30,21.58,normal,normal,bajo,
2026-10-04T00:50:00Z,125400,2091,22.15,43.9,22.75,1001.99,1008.97,192.5,9.30,21.56,normal,normal,bajo,PRESION_BAJANDO
2026-10-04T00:51:00Z,125460,2092,22.18,43.8,22.76,1001.98,1008.96,194.2,9.29,21.60,normal,normal,bajo,PRESION_BAJANDO
2026-10-04T00:52:00Z,125520,2093,22.17,43.9,22.77,1001.94,1008.92,192.5,9.30,21.59,normal,normal,bajo,PRESION_BAJANDO
2026-10-04T00:53:00Z,125580,2094,22.20,43.8,22.78,1001.93,1008.91,194.2,9.30,21.62,normal,normal,bajo,PRESION_BAJANDO
2026-10-04T00:54:00Z,125640,2095,22.19,43.7,22.80,1001.91,1008.88,194.2,9.27,21.61,normal,normal,bajo,PRESION_BAJANDO
2026-10-04T00:55:00Z,125700,2096,22.20,43.7,22.80,1001.93,1008.91,195.0,9.28,21.62,normal,normal,bajo,PRESION_BAJANDO
2026-10-04T00:56:00Z,125760,2097,22.21,43.7,22.81,1001.87,1008.84,196.7,9.26,21.63,normal,normal,bajo,PRESION_BAJANDO
2026-10-04T00:57:00Z,125820,2098,22.24,43.7,22.81,1001.87,1008.84,194.2,9.30,21.66,normal,normal,bajo,PRESION_BAJANDO
2026-10-04T00:58:00Z,125880,2099,22.24,43.6,22.83,1001.84,1008.82,196.7,9.26,21.66,normal,normal,bajo,PRESION_BAJANDO
2026-10-04T00:59:00Z,125940,2100,22.23,43.6,22.83,1001.79,1008.76,196.7,9.25,21.65,normal,normal,bajo,PRESION_BAJANDO
2026-10-04T01:00:00Z,126000,2101,22.25,43.6,22.84,1001.83,1008.80,198.3,9.26,21.67,normal,normal,bajo,PRESION_BAJANDO
2026-10-04T01:01:00Z,126060,2102,22.26,43.5,22.86,1001.83,1008.81,199.2,9.25,21.68,normal,normal,bajo,PRESION_BAJANDO
2026-10-04T01:02:00Z,126120,2103,22.25,43.5,22.87,1001.77,1008.74,197.5,9.25,21.67,normal,normal,bajo,PRESION_BAJANDO
2026-10-04T01:03:00Z,126180,2104,22.28,43.5,22.87,1001.77,1008.74,197.5,9.25,21.70,normal,normal,bajo,PRESION_BAJANDO
2026-10-04T01:04:00Z,126240,2105,22.28,43.4,22.88,1001.70,1008.67,198.3,9.25,21.70,normal,normal,bajo,PRESION_BAJANDO
2026-10-04T01:05:00Z,126300,2106,22.29,43.4,22.89,1001.69,1008.66,200.0,9.24,21.71,normal,normal,bajo,PRESION_BAJANDO
2026-10-04T01:06:00Z,126360,2107,22.32,43.3,22.90,1001.68,1008.65,199.2,9.24,21.74,normal,normal,bajo,PRESION_BAJANDO
2026-10-04T01:07:00Z,126420,2108,22.31,43.3,22.92,1001.71,1008.68,200.8,9.22,21.73,normal,normal,bajo,PRESION_BAJANDO
2026-10-04T01:08:00Z,126480,2109,22.34,43.2,22.93,1001.64,1008.61,199.2,9.24,21.76,normal,normal,bajo,PRESION_BAJANDO
2026-10-04T01:09:00Z,126540,2110,22.34,43.2,22.95,1001.59,1008.56,198.3,9.21,21.75,normal,normal,bajo,PRESION_BAJANDO
2026-10-04T01:10:00Z,126600,2111,22.34,43.2,22.94,1001.54,1008.51,200.8,9.21,21.76,normal,normal,bajo,PRESION_BAJANDO
2026-10-04T01:11:00Z,126660,2112,22.36,43.2,22.96,1001.55,1008.52,202.5,9.23,21.78,normal,normal,bajo,PRESION_BAJANDO
2026-10-04T01:12:00Z,126720,2113,22.35,43.1,22.94,1001.60,1008.57,201.7,9.19,21.77,normal,normal,bajo,PRESION_BAJANDO
2026-10-04T01:13:00Z,126780,2114,22.38,43.1,22.97,1001.48,1008.45,201.7,9.22,21.80,normal,normal,bajo,PRESION_BAJANDO
2026-10-04T01:14:00Z,126840,2115,22.36,43.1,22.97,1001.48,1008.45,201.7,9.20,21.78,normal,normal,bajo,PRESION_BAJANDO
2026-10-04T01:15:00Z,126900,2116,22.39,43.0,22.99,1001.54,1008.51,202.5,9.20,21.81,normal,normal,bajo,PRESION_BAJANDO
2026-10-04T01:16:00Z,126960,2117,22.41,42.9,23.00,1001.47,1008.44,200.8,9.19,21.82,normal,normal,bajo,PRESION_BAJANDO
2026-10-04T01:17:00Z,127020,2118,22.39,43.0,23.00,1001.42,1008.38,202.5,9.20,21.81,normal,normal,bajo,PRESION_BAJANDO
2026-10-04T01:18:00Z,127080,2119,22.41,43.0,23.02,1001.42,1008.39,204.2,9.20,21.83,normal,normal,bajo,PRESION_BAJANDO
2026-10-04T01:19:00Z,127140,2120,22.44,42.8,23.04,1001.37,1008.33,204.2,9.17,21.86,normal,normal,bajo,PRESION_BAJANDO
2026-10-04T01:20:00Z,127200,2121,22.43,42.8,23.05,1001.36,1008.32,203.3,9.17,21.85,normal,normal,bajo,PRESION_BAJANDO
2026-10-04T01:21:00Z,127260,2122,22.46,42.7,23.04,1001.37,1008.33,207.5,9.17,21.87,normal,normal,bajo,PRESION_BAJANDO
2026-10-04T01:22:00Z,127320,2123,22.48,42.7,23.06,1001.32,1008.28,206.7,9.17,21.90,normal,normal,bajo,PRESION_BAJANDO
2026-10-04T01:23:00Z,127380,2124,22.48,42.6,23.05,1001.36,1008.32,205.8,9.16,21.90,normal,normal,bajo,PRESION_BAJANDO
2026-10-04T01:24:00Z,127440,2125,22.49,42.6,23.07,1001.36,1008.32,205.0,9.16,21.91,normal,normal,bajo,PRESION_BAJANDO
2026-10-04T01:25:00Z,127500,2126,22.49,42.6,23.07,1001.25,1008.21,205.0,9.14,21.90,normal,normal,bajo,PRESION_BAJANDO
2026-10-04T01:26:00Z,127560,2127,22.49,42.6,23.08,1001.26,1008.23,203.3,9.16,21.90,normal,normal,bajo,PRESION_BAJANDO
2026-10-04T01:27:00Z,127620,2128,22.49,42.6,23.10,1001.27,1008.23,208.3,9.14,21.91,normal,normal,bajo,PRESION_BAJANDO
2026-10-04T01:28:00Z,127680,2129,22.50,42.6,23.09,1001.22,1008.19,206.7,9.16,21.92,normal,normal,bajo,PRESION_BAJANDO
2026-10-04T01:29:00Z,127740,2130,22.52,42.4,23.11,1001.20,1008.16,208.3,9.13,21.94,normal,normal,bajo,PRESION_BAJANDO
2026-10-04T01:30:00Z,127800,2131,22.51,42.5,23.12,1001.19,1008.15,208.3,9.14,21.93,normal,normal,bajo,PRESION_BAJANDO
2026-10-04T01:31:00Z,127860,2132,22.52,42.5,23.13,1001.12,1008.08,210.0,9.13,21.94,normal,normal,bajo,PRESION_BAJANDO
2026-10-04T01:32:00Z,127920,2133,22.52,42.4,23.13,1001.15,1008.11,206.7,9.13,21.94,normal,normal,bajo,PRESION_BAJANDO
2026-10-04T01:33:00Z,127980,2134,22.57,42.3,23.14,1001.08,1008.04,208.3,9.12,21.98,normal,normal,bajo,PRESION_BAJANDO
2026-10-04T01:34:00Z,128040,2135,22.58,42.3,23.16,1001.08,1008.04,210.0,9.11,21.99,normal,normal,bajo,PRESION_BAJANDO
2026-10-04T01:35:00Z,128100,2136,22.58,42.2,23.16,1001.08,1008.04,208.3,9.10,22.00,normal,normal,bajo,PRESION_BAJANDO
2026-10-04T01:36:00Z,128160,2137,22.57,42.3,23.17,1001.02,1007.98,209.2,9.13,21.99,normal,normal,bajo,PRESION_BAJANDO
2026-10-04T01:37:00Z,128220,2138,22.58,42.3,23.19,1001.05,1008.01,210.8,9.12,22.00,normal,normal,bajo,PRESION_BAJANDO
2026-10-04T01:38:00Z,128280,2139,22.60,42.1,23.19,1001.02,1007.98,210.8,9.10,22.02,normal,normal,bajo,PRESION_BAJANDO
2026-10-04T01:39:00Z,128340,2140,22.58,42.2,23.19,1000.94,1007.90,210.0,9.10,22.00,normal,normal,bajo,PRESION_BAJANDO
2026-10-04T01:40:00Z,128400,2141,22.60,42.1,23.21,1000.94,1007.90,211.7,9.08,22.01,normal,normal,bajo,PRESION_BAJANDO
2026-10-04T01:41:00Z,128460,2142,22.62,42.1,23.21,1001.00,1007.95,209.2,9.08,22.03,normal,normal,bajo,PRESION_BAJANDO
2026-10-04T01:42:00Z,128520,2143,22.63,42.0,23.22,1000.90,1007.86,212.5,9.07,22.04,normal,normal,bajo,PRESION_BAJANDO
2026-10-04T01:43:00Z,128580,2144,22.62,42.1,23.24,1000.93,1007.89,213.3,9.08,22.04,normal,normal,bajo,PRESION_BAJANDO
2026-10-04T01:44:00Z,128640,2145,22.67,42.0,23.23,1000.89,1007.85,210.8,9.08,22.08,normal,normal,bajo,PRESION_BAJANDO
2026-10-04T01:45:00Z,128700,2146,22.64,41.9,23.25,1000.87,1007.82,212.5,9.06,22.06,normal,normal,bajo,PRESION_BAJANDO
2026-10-04T01:46:00Z,128760,2147,22.65,41.9,23.26,1000.83,1007.78,214.2,9.05,22.06,normal,normal,bajo,PRESION_BAJANDO
2026-10-04T01:47:00Z,128820,2148,22.66,41.9,23.27,1000.84,1007.80,213.3,9.06,22.08,normal,normal,bajo,PRESION_BAJANDO
2026-10-04T01:48:00Z,128880,2149,22.66,41.9,23.28,1000.75,1007.70,212.5,9.04,22.07,normal,normal,bajo,PRESION_BAJANDO
2026-10-04T01:49:00Z,128940,2150,22.70,41.8,23.28,1000.72,1007.67,212.5,9.06,22.11,normal,normal,bajo,PRESION_BAJANDO
2026-10-04T01:50:00Z,129000,2151,22.69,41.8,23.30,1000.75,1007.70,213.3,9.06,22.11,normal,normal,bajo,PRESION_BAJANDO
2026-10-04T01:51:00Z,129060,2152,22.69,41.8,23.30,1000.69,1007.65,214.2,9.04,22.10,normal,normal,bajo,PRESION_BAJANDO
2026-10-04T01:52:00Z,129120,2153,22.70,41.8,23.30,1000.75,1007.70,214.2,9.04,22.12,normal,normal,bajo,PRESION_BAJANDO
2026-10-04T01:53:00Z,129180,2154,22.72,41.7,23.31,1000.68,1007.64,215.0,9.05,22.14,normal,normal,bajo,PRESION_BAJANDO
2026-10-04T01:54:00Z,129240,2155,22.73,41.7,23.32,1000.64,1007.60,213.3,9.04,22.14,normal,normal,bajo,PRESION_BAJANDO
2026-10-04T01:55:00Z,129300,2156,22.73,41.6,23.33,1000.58,1007.53,215.0,9.02,22.14,normal,normal,bajo,PRESION_BAJANDO
2026-10-04T01:56:00Z,129360,2157,22.75,41.6,23.33,1000.58,1007.53,214.2,9.02,22.17,normal,normal,bajo,PRESION_BAJANDO
2026-10-04T01:57:00Z,129420,2158,22.76,41.5,23.35,1000.58,1007.53,215.8,9.00,22.18,normal,normal,bajo,PRESION_BAJANDO
2026-10-04T01:58:00Z,129480,2159,22.76,41.5,23.35,1000.61,1007.56,216.7,9.02,22.18,normal,normal,bajo,PRESION_BAJANDO
2026-10-04T01:59:00Z,129540,2160,22.76,41.4,23.36,1000.54,1007.49,215.8,8.97,22.17,normal,normal,bajo,PRESION_BAJANDO
2026-10-04T02:00:00Z,129600,2161,22.77,41.5,23.36,1000.55,1007.50,215.0,9.00,22.19,normal,normal,bajo,PRESION_BAJANDO
2026-10-04T02:01:00Z,129660,2162,22.79,41.4,23.36,1000.52,1007.47,,9.00,22.20,normal,normal,?,FALLA_SENSOR|PRESION_BAJANDO
2026-10-04T02:02:00Z,129720,2163,22.78,41.5,23.36,1000.44,1007.39,,9.01,22.19,normal,normal,?,FALLA_SENSOR|PRESION_BAJANDO
2026-10-04T02:03:00Z,129780,2164,22.80,41.4,23.39,1000.47,1007.43,,9.00,22.21,normal,normal,?,FALLA_SENSOR|PRESION_BAJANDO
2026-10-04T02:04:00Z,129840,2165,22.80,41.4,23.39,1000.40,1007.35,,9.00,22.22,normal,normal,?,FALLA_SENSOR|PRESION_BAJANDO
2026-10-04T02:05:00Z,129900,2166,22.80,41.3,23.39,1000.45,1007.40,,8.97,22.22,normal,normal,?,FALLA_SENSOR|PRESION_BAJANDO
2026-10-04T02:06:00Z,129960,2167,22.81,41.3,23.40,1000.44,1007.39,,8.99,22.23,normal,normal,?,FALLA_SENSOR|PRESION_BAJANDO
2026-10-04T02:07:00Z,130020,2168,22.84,41.2,23.40,1000.39,1007.34,,8.98,22.25,normal,normal,?,FALLA_SENSOR|PRESION_BAJANDO
2026-10-04T02:08:00Z,130080,2169,22.83,41.3,23.41,1000.27,1007.21,,8.99,22.25,normal,normal,?,FALLA_SENSOR|PRESION_BAJANDO
2026-10-04T02:09:00Z,130140,2170,22.83,41.3,23.41,1000.32,1007.27,,8.99,22.25,normal,normal,?,FALLA_SENSOR|PRESION_BAJANDO
2026-10-04T02:10:00Z,130200,2171,22.84,41.3,23.42,1000.28,1007.23,,8.98,22.25,normal,normal,?,FALLA_SENSOR|PRESION_BAJANDO
2026-10-04T02:11:00Z,130260,2172,22.84,41.3,23.43,1000.30,1007.24,,9.01,22.26,normal,normal,?,FALLA_SENSOR|PRESION_BAJANDO
2026-10-04T02:12:00Z,130320,2173,22.85,41.2,23.42,1000.25,1007.20,,8.98,22.27,normal,normal,?,FALLA_SENSOR|PRESION_BAJANDO
2026-10-04T02:13:00Z,130380,2174,22.86,41.2,23.43,1000.19,1007.13,,8.98,22.28,normal,normal,?,FALLA_SENSOR|PRESION_BAJANDO
2026-10-04T02:14:00Z,130440,2175,22.86,41.3,23.43,1000.24,1007.19,,9.01,22.27,normal,normal,?,FALLA_SENSOR|PRESION_BAJANDO
2026-10-04T02:15:00Z,130500,2176,22.85,41.3,23.44,1000.23,1007.18,,9.01,22.27,normal,normal,?,FALLA_SENSOR|PRESION_BAJANDO
2026-10-04T02:16:00Z,130560,2177,22.86,41.3,23.44,1000.17,1007.12,,9.03,22.28,normal,normal,?,FALLA_SENSOR|PRESION_BAJANDO
2026-10-04T02:17:00Z,130620,2178,22.86,41.3,23.45,1000.11,1007.05,,9.02,22.28,normal,normal,?,FALLA_SENSOR|PRESION_BAJANDO
2026-10-04T02:18:00Z,130680,2179,22.87,41.3,23.46,1000.12,1007.07,,9.02,22.29,normal,normal,?,FALLA_SENSOR|PRESION_BAJANDO
2026-10-04T02:19:00Z,130740,2180,22.86,41.3,23.45,1000.13,1007.08,,9.04,22.28,normal,normal,?,FALLA_SENSOR|PRESION_BAJANDO
2026-10-04T02:20:00Z,130800,2181,22.89,41.3,23.45,1000.08,1007.02,,9.03,22.31,normal,normal,?,FALLA_SENSOR|PRESION_BAJANDO
2026-10-04T02:21:00Z,130860,2182,22.87,41.4,23.46,1000.07,1007.01,215.0,9.05,22.29,normal,normal,bajo,PRESION_BAJANDO
2026-10-04T02:22:00Z,130920,2183,22.86,41.4,23.46,1000.04,1006.98,215.8,9.06,22.29,normal,normal,bajo,PRESION_BAJANDO
2026-10-04T02:23:00Z,130980,2184,22.88,41.4,23.45,999.94,1006.89,212.5,9.06,22.30,normal,normal,bajo,PRESION_BAJANDO
2026-10-04T02:24:00Z,131040,2185,22.89,41.4,23.46,999.96,1006.90,212.5,9.07,22.31,normal,normal,bajo,PRESION_BAJANDO
2026-10-04T02:25:00Z,131100,2186,22.88,41.4,23.46,1000.01,1006.96,212.5,9.10,22.31,normal,normal,bajo,PRESION_BAJANDO
2026-10-04T02:26:00Z,131160,2187,22.89,41.5,23.46,999.93,1006.87,212.5,9.12,22.31,normal,normal,bajo,PRESION_BAJANDO
2026-10-04T02:27:00Z,131220,2188,22.88,41.5,23.47,999.97,1006.92,210.8,9.12,22.31,normal,normal,bajo,PRESION_BAJANDO
2026-10-04T02:28:00Z,131280,2189,22.86,41.6,23.47,999.86,1006.81,211.7,9.14,22.29,normal,normal,bajo,PRESION_BAJANDO
2026-10-04T02:29:00Z,131340,2190,22.85,41.7,23.46,999.87,1006.82,211.7,9.14,22.28,normal,normal,bajo,PRESION_BAJANDO
2026-10-04T02:30:00Z,131400,2191,22.87,41.7,23.46,999.85,1006.79,211.7,9.17,22.30,normal,normal,bajo,PRESION_BAJANDO
2026-10-04T02:31:00Z,131460,2192,22.89,41.7,23.46,999.85,1006.79,210.0,9.19,22.32,normal,normal,bajo,PRESION_BAJANDO
2026-10-04T02:32:00Z,131520,2193,22.86,41.8,23.47,999.78,1006.72,210.8,9.20,22.30,normal,normal,bajo,PRESION_BAJANDO
2026-10-04T02:33:00Z,131580,2194,22.88,41.7,23.46,999.76,1006.71,210.0,9.20,22.31,normal,normal,bajo,PRESION_BAJANDO
2026-10-04T02:34:00Z,131640,2195,22.88,41.8,23.46,999.79,1006.73,208.3,9.23,22.32,normal,normal,bajo,PRESION_BAJANDO
2026-10-04T02:35:00Z,131700,2196,22.87,41.8,23.45,999.75,1006.69,208.3,9.23,22.30,normal,normal,bajo,PRESION_BAJANDO
2026-10-04T02:36:00Z,131760,2197,22.89,41.8,23.45,999.72,1006.66,205.0,9.24,22.32,normal,normal,bajo,PRESION_BAJANDO
2026-10-04T02:37:00Z,131820,2198,22.87,41.9,23.45,999.67,1006.61,207.5,9.26,22.31,normal,normal,bajo,PRESION_BAJANDO
2026-10-04T02:38:00Z,131880,2199,22.86,42.0,23.46,999.68,1006.62,207.5,9.28,22.29,normal,normal,bajo,PRESION_BAJANDO
2026-10-04T02:39:00Z,131940,2200,22.87,42.0,23.45,999.69,1006.64,204.2,9.30,22.31,normal,normal,bajo,PRESION_BAJANDO
2026-10-04T02:40:00Z,132000,2201,22.86,42.2,23.45,999.64,1006.58,205.0,9.34,22.30,normal,normal,bajo,PRESION_BAJANDO
2026-10-04T02:41:00Z,132060,2202,22.87,42.2,23.45,999.64,1006.58,202.5,9.35,22.31,normal,normal,bajo,PRESION_BAJANDO
2026-10-04T02:42:00Z,132120,2203,22.86,42.2,23.44,999.62,1006.57,202.5,9.35,22.30,normal,normal,bajo,PRESION_BAJANDO
2026-10-04T02:43:00Z,132180,2204,22.84,42.4,23.44,999.54,1006.48,202.5,9.38,22.29,normal,normal,bajo,PRESION_BAJANDO
2026-10-04T02:44:00Z,132240,2205,22.85,42.4,23.44,999.54,1006.48,201.7,9.41,22.30,normal,normal,bajo,PRESION_BAJANDO
2026-10-04T02:45:00Z,132300,2206,22.83,42.5,23.43,999.52,1006.47,200.8,9.42,22.28,normal,normal,bajo,PRESION_BAJANDO
2026-10-04T02:46:00Z,132360,2207,22.84,42.6,23.43,999.55,1006.50,200.0,9.45,22.29,normal,normal,bajo,PRESION_BAJANDO
2026-10-04T02:47:00Z,132420,2208,22.86,42.6,23.42,999.51,1006.45,196.7,9.47,22.31,normal,normal,bajo,PRESION_BAJANDO
2026-10-04T02:48:00Z,132480,2209,22.86,42.7,23.43,999.52,1006.47,197.5,9.51,22.31,normal,normal,bajo,PRESION_BAJANDO
2026-10-04T02:49:00Z,132540,2210,22.84,42.7,23.42,999.40,1006.34,200.0,9.51,22.30,normal,normal,bajo,PRESION_BAJANDO
2026-10-04T02:50:00Z,132600,2211,22.85,42.8,23.41,999.41,1006.35,197.5,9.53,22.31,normal,normal,bajo,PRESION_BAJANDO
2026-10-04T02:51:00Z,132660,2212,22.82,42.9,23.41,999.41,1006.35,197.5,9.56,22.28,normal,normal,bajo,PRESION_BAJANDO
2026-10-04T02:52:00Z,132720,2213,22.83,43.0,23.41,999.44,1006.38,195.0,9.59,22.29,normal,normal,bajo,PRESION_BAJANDO
2026-10-04T02:53:00Z,132780,2214,22.82,43.0,23.41,999.38,1006.33,194.2,9.60,22.28,normal,normal,bajo,PRESION_BAJANDO
2026-10-04T02:54:00Z,132840,2215,22.82,43.1,23.41,999.36,1006.30,192.5,9.63,22.28,normal,normal,bajo,PRESION_BAJANDO
2026-10-04T02:55:00Z,132900,2216,22.81,43.2,23.39,999.38,1006.32,193.3,9.64,22.27,normal,normal,bajo,PRESION_BAJANDO
2026-10-04T02:56:00Z,132960,2217,22.80,43.3,23.39,999.33,1006.27,191.7,9.68,22.27,normal,normal,bajo,PRESION_BAJANDO
2026-10-04T02:57:00Z,133020,2218,22.80,43.3,23.39,999.30,1006.24,190.8,9.69,22.27,normal,normal,bajo,PRESION_BAJANDO
2026-10-04T02:58:00Z,133080,2219,22.81,43.4,23.37,999.32,1006.26,190.0,9.72,22.27,normal,normal,bajo,PRESION_BAJANDO
2026-10-04T02:59:00Z,133140,2220,22.78,43.6,23.37,999.27,1006.21,187.5,9.75,22.25,normal,normal,bajo,PRESION_BAJANDO
2026-10-04T03:00:00Z,133200,2221,22.78,43.7,23.37,999.27,1006.21,186.7,9.79,22.25,normal,normal,bajo,PRESION_BAJANDO
2026-10-04T03:01:00Z,133260,2222,22.78,43.8,23.36,999.25,1006.19,187.5,9.82,22.26,normal,normal,bajo,PRESION_BAJANDO
2026-10-04T03:02:00Z,133320,2223,22.76,43.8,23.36,999.22,1006.16,185.0,9.81,22.24,normal,normal,bajo,PRESION_BAJANDO
2026-10-04T03:03:00Z,133380,2224,22.76,43.9,23.36,999.13,1006.08,185.0,9.85,22.24,normal,normal,bajo,PRESION_BAJANDO
2026-10-04T03:04:00Z,133440,2225,22.76,44.0,23.35,999.15,1006.09,185.0,9.87,22.24,normal,normal,bajo,PRESION_BAJANDO
2026-10-04T03:05:00Z,133500,2226,22.75,44.1,23.35,999.15,1006.09,182.5,9.90,22.23,normal,normal,bajo,PRESION_BAJANDO
2026-10-04T03:06:00Z,133560,2227,22.74,44.3,23.34,999.13,1006.07,183.3,9.95,22.22,normal,normal,bajo,PRESION_BAJANDO
2026-10-04T03:07:00Z,133620,2228,22.74,44.3,23.33,999.12,1006.06,182.5,9.96,22.23,normal,normal,bajo,PRESION_BAJANDO
2026-10-04T03:08:00Z,133680,2229,22.74,44.3,23.32,999.05,1005.99,180.0,9.97,22.23,normal,normal,bajo,PRESION_BAJANDO
2026-10-04T03:09:00Z,133740,2230,22.72,44.6,23.33,999.06,1006.00,178.3,10.03,22.21,normal,normal,bajo,PRESION_BAJANDO
2026-10-04T03:10:00Z,133800,2231,22.72,44.6,23.32,999.05,1005.99,178.3,10.03,22.21,normal,normal,bajo,PRESION_BAJANDO
2026-10-04T03:11:00Z,133860,2232,22.71,44.7,23.30,999.01,1005.96,175.8,10.06,22.20,normal,normal,bajo,PRESION_BAJANDO
2026-10-04T03:12:00Z,133920,2233,22.70,44.8,23.30,999.01,1005.96,173.3,10.09,22.20,normal,normal,bajo,PRESION_BAJANDO
2026-10-04T03:13:00Z,133980,2234,22.70,44.9,23.30,998.99,1005.93,175.0,10.13,22.20,normal,normal,bajo,PRESION_BAJANDO
2026-10-04T03:14:00Z,134040,2235,22.71,44.9,23.29,998.97,1005.91,172.5,10.14,22.21,normal,normal,bajo,PRESION_BAJANDO
2026-10-04T03:15:00Z,134100,2236,22.68,45.1,23.27,998.94,1005.88,170.8,10.17,22.18,normal,normal,bajo,PRESION_BAJANDO
2026-10-04T03:16:00Z,134160,2237,22.65,45.3,23.27,998.94,1005.88,171.7,10.21,22.16,normal,normal,bajo,PRESION_BAJANDO
2026-10-04T03:17:00Z,134220,2238,22.67,45.3,23.26,998.87,1005.81,169.2,10.23,22.17,normal,normal,bajo,PRESION_BAJANDO
2026-10-04T03:18:00Z,134280,2239,22.66,45.4,23.26,998.84,1005.79,169.2,10.27,22.17,normal,normal,bajo,PRESION_BAJANDO
2026-10-04T03:19:00Z,134340,2240,22.65,45.6,23.25,998.86,1005.80,168.3,10.30,22.16,normal,normal,bajo,PRESION_BAJANDO
2026-10-04T03:20:00Z,134400,2241,22.62,45.7,23.25,998.83,1005.77,165.8,10.32,22.13,normal,normal,bajo,PRESION_BAJANDO
2026-10-04T03:21:00Z,134460,2242,22.65,45.7,23.23,998.82,1005.77,166.7,10.36,22.16,normal,normal,bajo,PRESION_BAJANDO
2026-10-04T03:22:00Z,134520,2243,22.64,45.9,23.23,998.80,1005.74,164.2,10.40,22.16,normal,normal,bajo,PRESION_BAJANDO
2026-10-04T03:23:00Z,134580,2244,22.60,46.1,23.22,998.75,1005.70,162.5,10.42,22.12,normal,normal,bajo,PRESION_BAJANDO
2026-10-04T03:24:00Z,134640,2245,22.62,46.1,23.20,998.70,1005.64,163.3,10.43,22.14,normal,normal,bajo,PRESION_BAJANDO
2026-10-04T03:25:00Z,134700,2246,22.59,46.2,23.20,998.72,1005.67,162.5,10.47,22.11,normal,normal,bajo,PRESION_BAJANDO
2026-10-04T03:26:00Z,134760,2247,22.61,46.3,23.20,998.67,1005.61,160.0,10.50,22.13,normal,normal,bajo,PRESION_BAJANDO
2026-10-04T03:27:00Z,134820,2248,22.59,46.4,23.19,998.71,1005.65,158.3,10.53,22.11,normal,normal,bajo,PRESION_BAJANDO
2026-10-04T03:28:00Z,134880,2249,22.57,46.6,23.18,998.67,1005.61,157.5,10.55,22.10,normal,normal,bajo,PRESION_BAJANDO
2026-10-04T03:29:00Z,134940,2250,22.59,46.6,23.18,998.67,1005.61,155.8,10.57,22.12,normal,normal,bajo,PRESION_BAJANDO
2026-10-04T03:30:00Z,135000,2251,22.56,46.8,23.16,998.61,1005.55,155.0,10.62,22.09,normal,normal,bajo,PRESION_BAJANDO
2026-10-04T03:31:00Z,135060,2252,22.56,46.9,23.15,998.65,1005.59,155.0,10.65,22.10,normal,normal,bajo,PRESION_BAJANDO
2026-10-04T03:32:00Z,135120,2253,22.55,47.0,23.15,998.62,1005.56,153.3,10.68,22.09,normal,normal,bajo,PRESION_BAJANDO
2026-10-04T03:33:00Z,135180,2254,22.52,47.1,23.14,998.58,1005.52,150.8,10.69,22.06,normal,normal,bajo,PRESION_BAJANDO
2026-10-04T03:34:00Z,135240,2255,22.53,47.2,23.13,998.53,1005.48,150.8,10.72,22.08,normal,normal,bajo,PRESION_BAJANDO
2026-10-04T03:35:00Z,135300,2256,22.53,47.4,23.12,998.49,1005.43,150.0,10.77,22.07,normal,normal,bajo,PRESION_BAJANDO
2026-10-04T03:36:00Z,135360,2257,22.50,47.5,23.11,998.50,1005.45,148.3,10.79,22.05,normal,normal,bajo,PRESION_BAJANDO
2026-10-04T03:37:00Z,135420,2258,22.52,47.5,23.11,998.53,1005.47,147.5,10.81,22.07,normal,normal,bajo,PRESION_BAJANDO
2026-10-04T03:38:00Z,135480,2259,22.49,47.8,23.09,998.47,1005.42,146.7,10.86,22.04,normal,normal,bajo,PRESION_BAJANDO
2026-10-04T03:39:00Z,135540,2260,22.51,47.8,23.09,998.50,1005.44,144.2,10.89,22.06,normal,normal,bajo,PRESION_BAJANDO
2026-10-04T03:40:00Z,135600,2261,22.48,47.9,23.08,998.48,1005.43,142.5,10.89,22.03,normal,normal,bajo,PRESION_BAJANDO
2026-10-04T03:41:00Z,135660,2262,22.46,48.1,23.06,998.37,1005.31,143.3,10.93,22.02,normal,normal,bajo,PRESION_BAJANDO
2026-10-04T03:42:00Z,135720,2263,22.46,48.2,23.05,998.41,1005.35,140.8,10.96,22.02,normal,normal,bajo,PRESION_BAJANDO
2026-10-04T03:43:00Z,135780,2264,22.46,48.3,23.05,998.41,1005.35,139.2,10.98,22.02,normal,normal,bajo,PRESION_BAJANDO
2026-10-04T03:44:00Z,135840,2265,22.45,48.4,23.04,998.37,1005.31,139.2,11.01,22.01,normal,normal,bajo,PRESION_BAJANDO
2026-10-04T03:45:00Z,135900,2266,22.43,48.6,23.04,998.31,1005.26,137.5,11.05,21.99,normal,normal,bajo,PRESION_BAJANDO
2026-10-04T03:46:00Z,135960,2267,22.43,48.6,23.03,998.35,1005.30,135.8,11.07,22.00,normal,normal,bajo,PRESION_BAJANDO
2026-10-04T03:47:00Z,136020,2268,22.45,48.7,23.01,998.35,1005.29,135.0,11.12,22.02,normal,normal,bajo,PRESION_BAJANDO
2026-10-04T03:48:00Z,136080,2269,22.39,48.9,23.01,998.27,1005.21,133.3,11.13,21.97,normal,normal,bajo,PRESION_BAJANDO
2026-10-04T03:49:00Z,136140,2270,22.40,49.0,22.99,998.29,1005.24,132.5,11.16,21.97,normal,normal,bajo,PRESION_BAJANDO
2026-10-04T03:50:00Z,136200,2271,22.40,49.1,22.99,998.24,1005.18,130.8,11.19,21.98,normal,normal,bajo,PRESION_BAJANDO
2026-10-04T03:51:00Z,136260,2272,22.38,49.2,22.97,998.32,1005.26,130.8,11.22,21.96,normal,normal,bajo,PRESION_BAJANDO
2026-10-04T03:52:00Z,136320,2273,22.38,49.3,22.98,998.22,1005.17,129.2,11.24,21.96,normal,normal,bajo,PRESION_BAJANDO
2026-10-04T03:53:00Z,136380,2274,22.39,49.4,22.97,998.21,1005.15,128.3,11.27,21.98,normal,normal,bajo,PRESION_BAJANDO
2026-10-04T03:54:00Z,136440,2275,22.37,49.5,22.96,998.19,1005.13,128.3,11.28,21.95,normal,normal,bajo,PRESION_BAJANDO
2026-10-04T03:55:00Z,136500,2276,22.36,49.7,22.95,998.17,1005.12,125.8,11.33,21.95,normal,normal,bajo,PRESION_BAJANDO
2026-10-04T03:56:00Z,136560,2277,22.34,49.8,22.94,998.21,1005.16,125.0,11.34,21.93,normal,normal,bajo,PRESION_BAJANDO
2026-10-04T03:57:00Z,136620,2278,22.33,49.9,22.92,998.18,1005.13,125.0,11.38,21.92,normal,normal,bajo,PRESION_BAJANDO
2026-10-04T03:58:00Z,136680,2279,22.31,50.0,22.93,998.12,1005.06,123.3,11.40,21.90,normal,normal,bajo,PRESION_BAJANDO
2026-10-04T03:59:00Z,136740,2280,22.32,50.1,22.90,998.15,1005.10,121.7,11.44,21.91,normal,normal,bajo,PRESION_BAJANDO
2026-10-04T04:00:00Z,136800,2281,22.28,50.3,22.90,998.10,1005.04,120.0,11.46,21.88,normal,normal,bajo,PRESION_BAJANDO
2026-10-04T04:01:00Z,136860,2282,22.31,50.3,22.89,998.08,1005.03,120.0,11.48,21.91,normal,normal,bajo,PRESION_BAJANDO
2026-10-04T04:02:00Z,136920,2283,22.29,50.5,22.89,998.06,1005.00,118.3,11.52,21.89,normal,normal,bajo,PRESION_BAJANDO
2026-10-04T04:03:00Z,136980,2284,22.30,50.5,22.88,998.04,1004.99,117.5,11.53,21.90,normal,normal,bajo,PRESION_BAJANDO
2026-10-04T04:04:00Z,137040,2285,22.28,50.7,22.87,998.05,1005.00,115.8,11.56,21.89,normal,normal,bajo,PRESION_BAJANDO
2026-10-04T04:05:00Z,137100,2286,22.28,50.7,22.87,998.00,1004.94,115.8,11.57,21.89,normal,normal,bajo,PRESION_BAJANDO
2026-10-04T04:06:00Z,137160,2287,22.26,51.0,22.86,997.98,1004.93,114.2,11.62,21.87,normal,normal,bajo,PRESION_BAJANDO
2026-10-04T04:07:00Z,137220,2288,22.24,51.1,22.84,997.95,1004.90,114.2,11.63,21.85,normal,normal,bajo,PRESION_BAJANDO
2026-10-04T04:08:00Z,137280,2289,22.25,51.1,22.84,997.98,1004.92,113.3,11.65,21.87,normal,normal,bajo,PRESION_BAJANDO
2026-10-04T04:09:00Z,137340,2290,22.23,51.2,22.83,997.96,1004.91,112.5,11.67,21.85,normal,normal,bajo,PRESION_BAJANDO
2026-10-04T04:10:00Z,137400,2291,22.22,51.3,22.83,997.99,1004.94,110.8,11.71,21.84,normal,normal,bajo,PRESION_BAJANDO
2026-10-04T04:11:00Z,137460,2292,22.22,51.4,22.82,997.98,1004.92,109.2,11.73,21.84,normal,normal,bajo,PRESION_BAJANDO
2026-10-04T04:12:00Z,137520,2293,22.23,51.5,22.81,997.85,1004.80,109.2,11.75,21.85,normal,normal,bajo,PRESION_BAJANDO
2026-10-04T04:13:00Z,137580,2294,22.21,51.6,22.81,997.90,1004.85,107.5,11.78,21.84,normal,normal,bajo,PRESION_BAJANDO
2026-10-04T04:14:00Z,137640,2295,22.21,51.7,22.80,997.86,1004.81,106.7,11.80,21.84,normal,normal,bajo,PRESION_BAJANDO
2026-10-04T04:15:00Z,137700,2296,22.19,51.8,22.79,997.85,1004.79,105.0,11.82,21.82,normal,normal,bajo,PRESION_BAJANDO
2026-10-04T04:16:00Z,137760,2297,22.18,51.9,22.78,997.86,1004.81,105.0,11.84,21.81,normal,normal,bajo,PRESION_BAJANDO
2026-10-04T04:17:00Z,137820,2298,22.17,52.0,22.77,997.84,1004.79,104.2,11.85,21.80,normal,normal,bajo,PRESION_BAJANDO
2026-10-04T04:18:00Z,137880,2299,22.16,52.1,22.76,997.80,1004.75,102.5,11.88,21.79,normal,normal,bajo,PRESION_BAJANDO
2026-10-04T04:19:00Z,137940,2300,22.16,52.2,22.75,997.79,1004.73,103.3,11.90,21.80,normal,normal,bajo,PRESION_BAJANDO
2026-10-04T04:20:00Z,138000,2301,22.15,52.3,22.76,997.77,1004.72,100.8,11.93,21.79,normal,normal,bajo,PRESION_BAJANDO
2026-10-04T04:21:00Z,138060,2302,22.14,52.4,22.75,997.73,1004.68,100.8,11.94,21.78,normal,normal,bajo,PRESION_BAJANDO
2026-10-04T04:22:00Z,138120,2303,22.14,52.4,22.74,997.77,1004.72,99.2,11.96,21.78,normal,normal,bajo,PRESION_BAJANDO
2026-10-04T04:23:00Z,138180,2304,22.12,52.6,22.73,997.78,1004.73,98.3,11.99,21.76,normal,normal,bajo,PRESION_BAJANDO
2026-10-04T04:24:00Z,138240,2305,22.12,52.6,22.72,997.71,1004.66,97.5,11.99,21.76,normal,normal,bajo,PRESION_BAJANDO
2026-10-04T04:25:00Z,138300,2306,22.14,52.6,22.72,997.77,1004.71,96.7,12.01,21.78,normal,normal,bajo,PRESION_BAJANDO
2026-10-04T04:26:00Z,138360,2307,22.09,52.8,22.71,997.72,1004.67,96.7,12.02,21.74,normal,normal,bajo,PRESION_BAJANDO
2026-10-04T04:27:00Z,138420,2308,22.12,52.8,22.71,997.72,1004.67,95.8,12.04,21.76,normal,normal,bajo,PRESION_BAJANDO
2026-10-04T04:28:00Z,138480,2309,22.11,52.9,22.70,997.74,1004.68,94.2,12.06,21.76,normal,normal,bajo,PRESION_BAJANDO
2026-10-04T04:29:00Z,138540,2310,22.12,52.9,22.70,997.68,1004.63,94.2,12.07,21.77,normal,normal,bajo,PRESION_BAJANDO
2026-10-04T04:30:00Z,138600,2311,22.10,53.1,22.69,997.64,1004.59,93.3,12.09,21.75,normal,normal,bajo,PRESION_BAJANDO
2026-10-04T04:31:00Z,138660,2312,22.10,53.1,22.68,997.62,1004.57,93.3,12.10,21.75,normal,normal,bajo,PRESION_BAJANDO
2026-10-04T04:32:00Z,138720,2313,22.08,53.2,22.68,997.57,1004.52,93.3,12.12,21.73,normal,normal,bajo,PRESION_BAJANDO
2026-10-04T04:33:00Z,138780,2314,22.08,53.3,22.67,997.61,1004.55,90.8,12.14,21.74,normal,normal,bajo,PRESION_BAJANDO
2026-10-04T04:34:00Z,138840,2315,22.07,53.4,22.67,997.69,1004.64,91.7,12.16,21.73,normal,normal,bajo,PRESION_BAJANDO
2026-10-04T04:35:00Z,138900,2316,22.08,53.4,22.66,997.59,1004.54,90.8,12.17,21.74,normal,normal,bajo,PRESION_BAJANDO
2026-10-04T04:36:00Z,138960,2317,22.08,53.4,22.67,997.61,1004.56,89.2,12.18,21.73,normal,normal,bajo,PRESION_BAJANDO
2026-10-04T04:37:00Z,139020,2318,22.06,53.5,22.65,997.60,1004.55,90.0,12.18,21.72,normal,normal,bajo,PRESION_BAJANDO
2026-10-04T04:38:00Z,139080,2319,22.07,53.5,22.65,997.55,1004.50,88.3,12.19,21.73,normal,normal,bajo,PRESION_BAJANDO
2026-10-04T04:39:00Z,139140,2320,22.06,53.6,22.65,997.55,1004.50,88.3,12.22,21.72,normal,normal,bajo,PRESION_BAJANDO
2026-10-04T04:40:00Z,139200,2321,22.04,53.7,22.64,997.53,1004.48,88.3,12.23,21.71,normal,normal,bajo,PRESION_BAJANDO
2026-10-04T04:41:00Z,139260,2322,22.05,53.7,22.64,997.53,1004.48,87.5,12.22,21.71,normal,normal,bajo,PRESION_BAJANDO
2026-10-04T04:42:00Z,139320,2323,22.04,53.8,22.63,997.52,1004.47,85.8,12.23,21.70,normal,normal,bajo,PRESION_BAJANDO
2026-10-04T04:43:00Z,139380,2324,22.01,53.9,22.63,997.49,1004.44,85.0,12.25,21.68,normal,normal,bajo,PRESION_BAJANDO
2026-10-04T04:44:00Z,139440,2325,22.05,53.7,22.63,997.49,1004.44,85.0,12.24,21.71,normal,normal,bajo,PRESION_BAJANDO
2026-10-04T04:45:00Z,139500,2326,22.02,53.9,22.63,997.49,1004.44,84.2,12.25,21.69,normal,normal,bajo,PRESION_BAJANDO
2026-10-04T04:46:00Z,139560,2327,22.03,53.9,22.62,997.45,1004.40,83.3,12.28,21.70,normal,normal,bajo,PRESION_BAJANDO
2026-10-04T04:47:00Z,139620,2328,22.02,54.0,22.62,997.42,1004.37,85.0,12.29,21.69,normal,normal,bajo,PRESION_BAJANDO
2026-10-04T04:48:00Z,139680,2329,22.02,54.0,22.61,997.35,1004.30,83.3,12.28,21.69,normal,normal,bajo,PRESION_BAJANDO
2026-10-04T04:49:00Z,139740,2330,22.01,54.0,22.61,997.46,1004.41,82.5,12.28,21.68,normal,normal,bajo,PRESION_BAJANDO
2026-10-04T04:50:00Z,139800,2331,22.01,54.0,22.61,997.43,1004.38,83.3,12.29,21.68,normal,normal,bajo,PRESION_BAJANDO
2026-10-04T04:51:00Z,139860,2332,22.03,54.0,22.61,997.41,1004.35,82.5,12.29,21.69,normal,normal,bajo,PRESION_BAJANDO
2026-10-04T04:52:00Z,139920,2333,21.99,54.1,22.61,997.41,1004.35,81.7,12.30,21.66,normal,normal,bajo,PRESION_BAJANDO
2026-10-04T04:53:00Z,139980,2334,22.01,54.1,22.61,997.38,1004.33,81.7,12.29,21.67,normal,normal,bajo,PRESION_BAJANDO
2026-10-04T04:54:00Z,140040,2335,22.00,54.1,22.60,997.34,1004.28,81.7,12.30,21.67,normal,normal,bajo,PRESION_BAJANDO
2026-10-04T04:55:00Z,140100,2336,22.02,54.0,22.60,997.42,1004.37,81.7,12.30,21.69,normal,normal,bajo,PRESION_BAJANDO
2026-10-04T04:56:00Z,140160,2337,21.98,54.2,22.60,997.39,1004.34,80.8,12.32,21.65,normal,normal,bajo,PRESION_BAJANDO
2026-10-04T04:57:00Z,140220,2338,22.02,54.0,22.60,997.39,1004.34,80.0,12.29,21.69,normal,normal,bajo,PRESION_BAJANDO
2026-10-04T04:58:00Z,140280,2339,22.00,54.1,22.60,997.45,1004.39,80.0,12.30,21.67,normal,normal,bajo,PRESION_BAJANDO
2026-10-04T04:59:00Z,140340,2340,22.00,54.1,22.60,997.36,1004.31,80.0,12.30,21.67,normal,normal,bajo,PRESION_BAJANDO
2026-10-04T05:00:00Z,140400,2341,21.99,54.2,22.60,997.34,1004.28,79.2,12.30,21.65,normal,normal,bajo,PRESION_BAJANDO
2026-10-04T05:01:00Z,140460,2342,22.00,54.1,22.60,997.28,1004.23,79.2,12.29,21.67,normal,normal,bajo,PRESION_BAJANDO
2026-10-04T05:02:00Z,140520,2343,22.01,54.1,22.60,997.25,1004.20,80.0,12.30,21.68,normal,normal,bajo,PRESION_BAJANDO
2026-10-04T05:03:00Z,140580,2344,22.02,54.0,22.60,997.34,1004.28,79.2,12.28,21.69,normal,normal,bajo,PRESION_BAJANDO
2026-10-04T05:04:00Z,140640,2345,22.02,54.0,22.60,997.23,1004.17,79.2,12.27,21.68,normal,normal,bajo,PRESION_BAJANDO
2026-10-04T05:05:00Z,140700,2346,22.00,54.0,22.60,997.28,1004.23,79.2,12.27,21.67,normal,normal,bajo,PRESION_BAJANDO
2026-10-04T05:06:00Z,140760,2347,22.01,54.0,22.60,997.28,1004.23,80.0,12.28,21.67,normal,normal,bajo,PRESION_BAJANDO
2026-10-04T05:07:00Z,140820,2348,22.00,54.0,22.61,997.24,1004.19,79.2,12.27,21.66,normal,normal,bajo,PRESION_BAJANDO
2026-10-04T05:08:00Z,140880,2349,21.99,54.0,22.60,997.25,1004.20,78.3,12.27,21.66,normal,normal,bajo,PRESION_BAJANDO
2026-10-04T05:09:00Z,140940,2350,22.00,54.0,22.60,997.25,1004.20,78.3,12.26,21.66,normal,normal,bajo,PRESION_BAJANDO
2026-10-04T05:10:00Z,141000,2351,21.99,54.0,22.59,997.29,1004.24,78.3,12.25,21.66,normal,normal,bajo,PRESION_BAJANDO
2026-10-04T05:11:00Z,141060,2352,22.02,53.9,22.61,997.24,1004.19,78.3,12.26,21.68,normal,normal,bajo,PRESION_BAJANDO
2026-10-04T05:12:00Z,141120,2353,21.99,54.0,22.60,997.23,1004.17,78.3,12.26,21.66,normal,normal,bajo,PRESION_BAJANDO
2026-10-04T05:13:00Z,141180,2354,22.01,53.9,22.60,997.20,1004.14,77.5,12.25,21.67,normal,normal,bajo,PRESION_BAJANDO
2026-10-04T05:14:00Z,141240,2355,21.99,54.0,22.60,997.23,1004.17,77.5,12.26,21.66,normal,normal,bajo,PRESION_BAJANDO
2026-10-04T05:15:00Z,141300,2356,22.00,53.9,22.60,997.20,1004.14,76.7,12.25,21.66,normal,normal,bajo,PRESION_BAJANDO
2026-10-04T05:16:00Z,141360,2357,22.00,53.9,22.59,997.10,1004.05,76.7,12.23,21.66,normal,normal,bajo,PRESION_BAJANDO
2026-10-04T05:17:00Z,141420,2358,21.98,54.0,22.60,997.20,1004.14,77.5,12.25,21.64,normal,normal,bajo,PRESION_BAJANDO
2026-10-04T05:18:00Z,141480,2359,21.99,54.0,22.59,997.16,1004.10,77.5,12.25,21.65,normal,normal,bajo,PRESION_BAJANDO
2026-10-04T05:19:00Z,141540,2360,21.99,53.9,22.58,997.14,1004.09,76.7,12.23,21.65,normal,normal,bajo,PRESION_BAJANDO
2026-10-04T05:20:00Z,141600,2361,21.98,54.0,22.60,997.14,1004.09,76.7,12.24,21.65,normal,normal,bajo,PRESION_BAJANDO
2026-10-04T05:21:00Z,141660,2362,21.99,53.9,22.59,997.16,1004.10,76.7,12.24,21.65,normal,normal,bajo,PRESION_BAJANDO
2026-10-04T05:22:00Z,141720,2363,22.00,53.9,22.59,997.10,1004.05,75.8,12.23,21.66,normal,normal,bajo,PRESION_BAJANDO
2026-10-04T05:23:00Z,141780,2364,21.98,53.9,22.60,997.14,1004.09,75.8,12.23,21.65,normal,normal,bajo,PRESION_BAJANDO
2026-10-04T05:24:00Z,141840,2365,22.01,53.9,22.59,997.13,1004.07,75.0,12.23,21.67,normal,normal,bajo,PRESION_BAJANDO
2026-10-04T05:25:00Z,141900,2366,21.99,53.9,22.59,997.13,1004.07,74.2,12.22,21.65,normal,normal,bajo,PRESION_BAJANDO
2026-10-04T05:26:00Z,141960,2367,22.00,53.8,22.59,997.13,1004.07,75.0,12.21,21.66,normal,normal,bajo,PRESION_BAJANDO
2026-10-04T05:27:00Z,142020,2368,22.00,53.9,22.57,997.10,1004.04,75.0,12.23,21.66,normal,normal,bajo,PRESION_BAJANDO
2026-10-04T05:28:00Z,142080,2369,22.00,53.8,22.58,997.08,1004.03,75.0,12.21,21.66,normal,normal,bajo,PRESION_BAJANDO
2026-10-04T05:29:00Z,142140,2370,22.00,53.8,22.58,997.17,1004.11,75.0,12.21,21.66,normal,normal,bajo,PRESION_BAJANDO
2026-10-04T05:30:00Z,142200,2371,21.99,53.8,22.58,997.11,1004.06,74.2,12.20,21.65,normal,normal,bajo,PRESION_BAJANDO
2026-10-04T05:31:00Z,142260,2372,21.96,53.9,22.58,997.11,1004.06,74.2,12.22,21.62,normal,normal,bajo,PRESION_BAJANDO
2026-10-04T05:32:00Z,142320,2373,22.00,53.7,22.57,997.07,1004.01,74.2,12.20,21.66,normal,normal,bajo,PRESION_BAJANDO
2026-10-04T05:33:00Z,142380,2374,21.99,53.8,22.58,997.06,1004.00,74.2,12.19,21.64,normal,normal,bajo,PRESION_BAJANDO
2026-10-04T05:34:00Z,142440,2375,21.97,53.8,22.57,997.04,1003.99,74.2,12.19,21.63,normal,normal,bajo,PRESION_BAJANDO
2026-10-04T05:35:00Z,142500,2376,21.99,53.8,22.56,997.08,1004.03,73.3,12.19,21.65,normal,normal,bajo,PRESION_BAJANDO
2026-10-04T05:36:00Z,142560,2377,21.98,53.8,22.57,997.01,1003.96,72.5,12.19,21.63,normal,normal,bajo,PRESION_BAJANDO
2026-10-04T05:37:00Z,142620,2378,21.98,53.8,22.58,997.08,1004.03,72.5,12.21,21.64,normal,normal,bajo,PRESION_BAJANDO
2026-10-04T05:38:00Z,142680,2379,21.97,53.8,22.57,997.10,1004.04,72.5,12.18,21.62,normal,normal,bajo,PRESION_BAJANDO
2026-10-04T05:39:00Z,142740,2380,21.95,53.9,22.56,997.03,1003.97,72.5,12.18,21.60,normal,normal,bajo,PRESION_BAJANDO
2026-10-04T05:40:00Z,142800,2381,21.96,53.8,22.56,997.03,1003.97,72.5,12.18,21.62,normal,normal,bajo,PRESION_BAJANDO
2026-10-04T05:41:00Z,142860,2382,21.97,53.8,22.56,997.08,1004.03,72.5,12.18,21.63,normal,normal,bajo,PRESION_BAJANDO
2026-10-04T05:42:00Z,142920,2383,21.97,53.7,22.56,997.05,1004.00,72.5,12.16,21.63,normal,normal,bajo,PRESION_BAJANDO
2026-10-04T05:43:00Z,142980,2384,21.96,53.8,22.56,997.08,1004.03,71.7,12.16,21.62,normal,normal,bajo,PRESION_BAJANDO
2026-10-04T05:44:00Z,143040,2385,21.96,53.8,22.56,997.08,1004.03,71.7,12.17,21.62,normal,normal,bajo,PRESION_BAJANDO
2026-10-04T05:45:00Z,143100,2386,21.96,53.8,22.56,997.08,1004.03,71.7,12.16,21.61,normal,normal,bajo,PRESION_BAJANDO
2026-10-04T05:46:00Z,143160,2387,21.97,53.7,22.54,997.04,1003.98,70.8,12.16,21.62,normal,normal,bajo,PRESION_BAJANDO
2026-10-04T05:47:00Z,143220,2388,21.95,53.8,22.54,997.07,1004.01,70.8,12.16,21.61,normal,normal,bajo,PRESION_BAJANDO
2026-10-04T05:48:00Z,143280,2389,21.95,53.8,22.53,997.02,1003.97,70.8,12.17,21.61,normal,normal,bajo,PRESION_BAJANDO
2026-10-04T05:49:00Z,143340,2390,21.94,53.8,22.54,997.04,1003.99,70.0,12.17,21.60,normal,normal,bajo,PRESION_BAJANDO
2026-10-04T05:50:00Z,143400,2391,21.94,53.8,22.53,997.00,1003.94,70.8,12.14,21.59,normal,normal,bajo,PRESION_BAJANDO
2026-10-04T05:51:00Z,143460,2392,21.95,53.8,22.53,997.02,1003.97,70.0,12.15,21.60,normal,normal,bajo,PRESION_BAJANDO
2026-10-04T05:52:00Z,143520,2393,21.91,53.9,22.53,997.00,1003.94,69.2,12.16,21.57,normal,normal,bajo,PRESION_BAJANDO
2026-10-04T05:53:00Z,143580,2394,21.94,53.7,22.53,997.06,1004.01,69.2,12.14,21.59,normal,normal,bajo,PRESION_BAJANDO
2026-10-04T05:54:00Z,143640,2395,21.93,53.8,22.53,996.97,1003.91,70.0,12.15,21.58,normal,normal,bajo,PRESION_BAJANDO
2026-10-04T05:55:00Z,143700,2396,21.92,53.8,22.53,996.98,1003.93,69.2,12.14,21.57,normal,normal,bajo,PRESION_BAJANDO
2026-10-04T05:56:00Z,143760,2397,21.92,53.8,22.53,996.98,1003.93,69.2,12.14,21.57,normal,normal,bajo,PRESION_BAJANDO
2026-10-04T05:57:00Z,143820,2398,21.93,53.8,22.53,997.04,1003.98,68.3,12.14,21.58,normal,normal,bajo,PRESION_BAJANDO
2026-10-04T05:58:00Z,143880,2399,21.93,53.8,22.51,997.02,1003.97,67.5,12.15,21.58,normal,normal,bajo,PRESION_BAJANDO
2026-10-04T05:59:00Z,143940,2400,21.90,53.8,22.51,997.02,1003.97,68.3,12.13,21.56,normal,normal,bajo,PRESION_BAJANDO
2026-10-04T06:00:00Z,144000,2401,21.92,53.8,22.53,996.98,1003.93,67.5,12.14,21.58,normal,normal,bajo,PRESION_BAJANDO
2026-10-04T06:01:00Z,144060,2402,21.93,53.8,22.50,997.00,1003.95,67.5,12.14,21.58,normal,normal,bajo,PRESION_BAJANDO
2026-10-04T06:02:00Z,144120,2403,21.91,53.7,22.50,997.00,1003.95,68.3,12.11,21.56,normal,normal,bajo,PRESION_BAJANDO
2026-10-04T06:03:00Z,144180,2404,21.91,53.8,22.51,997.08,1004.02,67.5,12.12,21.56,normal,normal,bajo,PRESION_BAJANDO
2026-10-04T06:04:00Z,144240,2405,21.90,53.8,22.50,997.03,1003.98,67.5,12.13,21.55,normal,normal,bajo,PRESION_BAJANDO
2026-10-04T06:05:00Z,144300,2406,21.90,53.8,22.49,996.99,1003.94,66.7,12.12,21.55,normal,normal,bajo,PRESION_BAJANDO
2026-10-04T06:06:00Z,144360,2407,21.91,53.8,22.48,996.97,1003.92,66.7,12.12,21.56,normal,normal,bajo,PRESION_BAJANDO
2026-10-04T06:07:00Z,144420,2408,21.90,53.8,22.48,997.00,1003.95,65.8,12.13,21.55,normal,normal,bajo,PRESION_BAJANDO
2026-10-04T06:08:00Z,144480,2409,21.89,53.8,22.48,996.95,1003.89,65.8,12.10,21.54,normal,normal,bajo,PRESION_BAJANDO
2026-10-04T06:09:00Z,144540,2410,21.89,53.9,22.48,997.03,1003.98,65.0,12.13,21.54,normal,normal,bajo,PRESION_BAJANDO
2026-10-04T06:10:00Z,144600,2411,21.89,53.8,22.47,997.01,1003.96,65.0,12.11,21.54,normal,normal,bajo,PRESION_BAJANDO
2026-10-04T06:11:00Z,144660,2412,21.89,53.8,22.47,997.07,1004.02,65.0,12.11,21.54,normal,normal,bajo,
2026-10-04T06:12:00Z,144720,2413,21.90,53.8,22.47,996.99,1003.93,65.0,12.10,21.54,normal,normal,bajo,PRESION_BAJANDO
2026-10-04T06:13:00Z,144780,2414,21.86,53.9,22.48,996.95,1003.89,65.0,12.11,21.51,normal,normal,bajo,PRESION_BAJANDO
2026-10-04T06:14:00Z,144840,2415,21.88,53.8,22.47,997.01,1003.96,65.0,12.10,21.53,normal,normal,bajo,PRESION_BAJANDO
2026-10-04T06:15:00Z,144900,2416,21.86,53.9,22.45,996.98,1003.93,64.2,12.11,21.51,normal,normal,bajo,PRESION_BAJANDO
2026-10-04T06:16:00Z,144960,2417,21.86,53.9,22.46,997.03,1003.97,64.2,12.11,21.51,normal,normal,bajo,PRESION_BAJANDO
2026-10-04T06:17:00Z,145020,2418,21.87,53.8,22.46,997.05,1004.00,63.3,12.10,21.52,normal,normal,bajo,
2026-10-04T06:18:00Z,145080,2419,21.87,53.8,22.45,996.96,1003.90,63.3,12.09,21.52,normal,normal,bajo,PRESION_BAJANDO
2026-10-04T06:19:00Z,145140,2420,21.86,53.9,22.45,997.01,1003.96,62.5,12.10,21.51,normal,normal,bajo,PRESION_BAJANDO
2026-10-04T06:20:00Z,145200,2421,21.84,53.9,22.44,997.02,1003.97,62.5,12.09,21.49,normal,normal,bajo,
2026-10-04T06:21:00Z,145260,2422,21.84,53.9,22.44,997.05,1004.00,62.5,12.08,21.49,normal,normal,bajo,
2026-10-04T06:22:00Z,145320,2423,21.85,53.9,22.43,997.03,1003.98,62.5,12.09,21.50,normal,normal,bajo,
2026-10-04T06:23:00Z,145380,2424,21.84,53.9,22.42,997.02,1003.97,62.5,12.09,21.49,normal,normal,bajo,
2026-10-04T06:24:00Z,145440,2425,21.85,53.9,22.43,997.01,1003.96,61.7,12.10,21.49,normal,normal,bajo,
2026-10-04T06:25:00Z,145500,2426,21.83,53.9,22.42,997.05,1004.00,62.5,12.09,21.48,normal,normal,bajo,
2026-10-04T06:26:00Z,145560,2427,21.82,53.9,22.41,996.95,1003.90,61.7,12.09,21.47,normal,normal,bajo,
2026-10-04T06:27:00Z,145620,2428,21.83,53.9,22.42,996.99,1003.94,60.8,12.08,21.48,normal,normal,bajo,
2026-10-04T06:28:00Z,145680,2429,21.84,53.9,22.41,997.09,1004.04,60.8,12.08,21.48,normal,normal,bajo,
2026-10-04T06:29:00Z,145740,2430,21.83,53.8,22.40,997.04,1003.99,60.8,12.06,21.48,normal,normal,bajo,
2026-10-04T06:30:00Z,145800,2431,21.81,53.9,22.40,996.99,1003.94,60.8,12.06,21.45,normal,normal,bajo,
2026-10-04T06:31:00Z,145860,2432,21.81,54.0,22.41,997.03,1003.98,60.0,12.08,21.45,normal,normal,bajo,
2026-10-04T06:32:00Z,145920,2433,21.82,53.9,22.39,997.00,1003.95,60.0,12.06,21.46,normal,normal,bajo,
2026-10-04T06:33:00Z,145980,2434,21.82,53.9,22.39,997.00,1003.95,59.2,12.06,21.46,normal,normal,bajo,
2026-10-04T06:34:00Z,146040,2435,21.80,54.0,22.38,996.99,1003.94,59.2,12.08,21.44,normal,normal,bajo,
2026-10-04T06:35:00Z,146100,2436,21.81,53.9,22.37,997.05,1004.00,58.3,12.05,21.45,normal,normal,bajo,
2026-10-04T06:36:00Z,146160,2437,21.79,54.0,22.37,997.03,1003.98,59.2,12.06,21.43,normal,normal,bajo,
2026-10-04T06:37:00Z,146220,2438,21.80,53.9,22.38,996.99,1003.94,58.3,12.06,21.44,normal,normal,bajo,
2026-10-04T06:38:00Z,146280,2439,21.78,54.0,22.37,997.00,1003.95,58.3,12.07,21.43,normal,normal,bajo,
2026-10-04T06:39:00Z,146340,2440,21.77,54.0,22.37,996.97,1003.92,58.3,12.06,21.41,normal,normal,bajo,
2026-10-04T06:40:00Z,146400,2441,21.78,54.0,22.36,996.96,1003.91,57.5,12.06,21.42,normal,normal,bajo,
2026-10-04T06:41:00Z,146460,2442,21.76,54.0,22.36,997.04,1003.99,58.3,12.05,21.40,normal,normal,bajo,
2026-10-04T06:42:00Z,146520,2443,21.76,54.1,22.34,997.03,1003.99,57.5,12.06,21.40,normal,normal,bajo,
2026-10-04T06:43:00Z,146580,2444,21.75,54.1,22.34,997.03,1003.99,56.7,12.06,21.40,normal,normal,bajo,
2026-10-04T06:44:00Z,146640,2445,21.75,54.1,22.33,997.02,1003.97,56.7,12.05,21.39,normal,normal,bajo,
2026-10-04T06:45:00Z,146700,2446,21.76,54.0,22.33,996.96,1003.91,56.7,12.05,21.40,normal,normal,bajo,
2026-10-04T06:46:00Z,146760,2447,21.75,54.1,22.33,997.05,1004.00,55.8,12.05,21.39,normal,normal,bajo,
2026-10-04T06:47:00Z,146820,2448,21.75,54.0,22.32,996.98,1003.93,55.8,12.05,21.39,normal,normal,bajo,
2026-10-04T06:48:00Z,146880,2449,21.73,54.0,22.32,997.00,1003.95,55.0,12.03,21.37,normal,normal,bajo,
2026-10-04T06:49:00Z,146940,2450,21.74,54.1,22.31,997.02,1003.97,55.0,12.04,21.38,normal,normal,bajo,
2026-10-04T06:50:00Z,147000,2451,21.71,54.2,22.30,996.97,1003.92,55.0,12.05,21.35,normal,normal,bajo,
2026-10-04T06:51:00Z,147060,2452,21.71,54.2,22.30,996.97,1003.92,54.2,12.06,21.35,normal,normal,bajo,
2026-10-04T06:52:00Z,147120,2453,21.71,54.2,22.30,997.03,1003.98,54.2,12.05,21.35,normal,normal,bajo,
2026-10-04T06:53:00Z,147180,2454,21.73,54.1,22.29,997.01,1003.96,53.3,12.05,21.37,normal,normal,bajo,
2026-10-04T06:54:00Z,147240,2455,21.71,54.1,22.28,997.02,1003.98,53.3,12.03,21.35,normal,normal,bajo,
2026-10-04T06:55:00Z,147300,2456,21.70,54.2,22.28,997.05,1004.00,53.3,12.05,21.34,normal,normal,bajo,
2026-10-04T06:56:00Z,147360,2457,21.70,54.2,22.28,997.00,1003.95,53.3,12.04,21.34,normal,normal,bajo,
2026-10-04T06:57:00Z,147420,2458,21.69,54.2,22.27,997.01,1003.96,53.3,12.04,21.33,normal,normal,bajo,
2026-10-04T06:58:00Z,147480,2459,21.66,54.3,22.27,997.01,1003.96,52.5,12.05,21.30,normal,normal,bajo,
2026-10-04T06:59:00Z,147540,2460,21.69,54.2,22.27,997.01,1003.96,52.5,12.03,21.33,normal,normal,bajo,
2026-10-04T07:00:00Z,147600,2461,21.67,54.3,22.26,996.99,1003.95,51.7,12.04,21.31,normal,normal,bajo,
2026-10-04T07:01:00Z,147660,2462,21.65,54.3,22.25,997.01,1003.96,51.7,12.03,21.29,normal,normal,bajo,
2026-10-04T07:02:00Z,147720,2463,21.67,54.2,22.23,996.98,1003.93,51.7,12.03,21.31,normal,normal,bajo,
2026-10-04T07:03:00Z,147780,2464,21.64,54.3,22.24,996.99,1003.94,50.8,12.03,21.27,normal,normal,bajo,
2026-10-04T07:04:00Z,147840,2465,21.66,54.3,22.24,996.94,1003.89,50.8,12.03,21.30,normal,normal,bajo,
2026-10-04T07:05:00Z,147900,2466,21.64,54.4,22.22,997.02,1003.97,50.8,12.03,21.28,normal,normal,bajo,
2026-10-04T07:06:00Z,147960,2467,21.63,54.4,22.22,997.02,1003.97,50.8,12.03,21.26,normal,normal,bajo,
2026-10-04T07:07:00Z,148020,2468,21.61,54.5,22.22,996.99,1003.94,50.0,12.03,21.25,normal,normal,bajo,
2026-10-04T07:08:00Z,148080,2469,21.61,54.4,22.21,997.03,1003.98,50.0,12.03,21.25,normal,normal,bajo,
2026-10-04T07:09:00Z,148140,2470,21.61,54.4,22.20,997.01,1003.97,49.2,12.03,21.25,normal,normal,bajo,
2026-10-04T07:10:00Z,148200,2471,21.62,54.4,22.20,996.98,1003.94,49.2,12.02,21.26,normal,normal,bajo,
2026-10-04T07:11:00Z,148260,2472,21.61,54.4,22.20,997.01,1003.97,48.3,12.03,21.25,normal,normal,bajo,
2026-10-04T07:12:00Z,148320,2473,21.59,54.5,22.19,997.05,1004.01,48.3,12.01,21.22,normal,normal,bajo,
2026-10-04T07:13:00Z,148380,2474,21.59,54.4,22.18,997.04,1003.99,48.3,12.01,21.23,normal,normal,bajo,
2026-10-04T07:14:00Z,148440,2475,21.59,54.5,22.18,996.98,1003.94,48.3,12.03,21.22,normal,normal,bajo,
2026-10-04T07:15:00Z,148500,2476,21.60,54.4,22.17,996.97,1003.92,47.5,12.01,21.24,normal,normal,bajo,
2026-10-04T07:16:00Z,148560,2477,21.57,54.6,22.16,997.01,1003.96,46.7,12.03,21.21,normal,normal,bajo,
2026-10-04T07:17:00Z,148620,2478,21.56,54.5,22.15,997.02,1003.97,46.7,12.01,21.20,normal,normal,bajo,
2026-10-04T07:18:00Z,148680,2479,21.56,54.7,22.15,996.96,1003.92,46.7,12.04,21.19,normal,normal,bajo,
2026-10-04T07:19:00Z,148740,2480,21.55,54.6,22.16,997.01,1003.96,46.7,12.02,21.19,normal,normal,bajo,
2026-10-04T07:20:00Z,148800,2481,21.55,54.6,22.14,997.03,1003.99,45.8,12.01,21.19,normal,normal,bajo,
2026-10-04T07:21:00Z,148860,2482,21.54,54.6,22.13,997.01,1003.97,45.8,12.02,21.18,normal,normal,bajo,
2026-10-04T07:22:00Z,148920,2483,21.56,54.5,22.12,997.05,1004.01,45.8,12.02,21.20,normal,normal,bajo,
2026-10-04T07:23:00Z,148980,2484,21.54,54.6,22.12,997.00,1003.96,45.0,12.01,21.17,normal,normal,bajo,
2026-10-04T07:24:00Z,149040,2485,21.51,54.7,22.11,997.04,1004.00,45.0,12.00,21.15,normal,normal,bajo,
2026-10-04T07:25:00Z,149100,2486,21.52,54.7,22.10,997.00,1003.95,45.0,12.02,21.15,normal,normal,bajo,
2026-10-04T07:26:00Z,149160,2487,21.52,54.7,22.10,997.05,1004.01,44.2,12.01,21.15,normal,normal,bajo,
2026-10-04T07:27:00Z,149220,2488,21.51,54.7,22.10,997.00,1003.95,43.3,12.01,21.15,normal,normal,bajo,
2026-10-04T07:28:00Z,149280,2489,21.50,54.8,22.10,997.02,1003.98,44.2,12.01,21.13,normal,normal,bajo,
2026-10-04T07:29:00Z,149340,2490,21.51,54.7,22.09,997.01,1003.96,43.3,12.00,21.14,normal,normal,bajo,
2026-10-04T07:30:00Z,149400,2491,21.50,54.7,22.08,996.99,1003.95,43.3,12.00,21.13,normal,normal,bajo,
2026-10-04T07:31:00Z,149460,2492,21.48,54.8,22.07,996.98,1003.93,42.5,12.01,21.12,normal,normal,bajo,
2026-10-04T07:32:00Z,149520,2493,21.47,54.8,22.06,997.02,1003.98,42.5,11.99,21.10,normal,normal,bajo,
2026-10-04T07:33:00Z,149580,2494,21.48,54.8,22.06,996.99,1003.95,42.5,12.01,21.11,normal,normal,bajo,
2026-10-04T07:34:00Z,149640,2495,21.46,54.9,22.05,997.03,1003.99,41.7,12.01,21.10,normal,normal,bajo,
2026-10-04T07:35:00Z,149700,2496,21.45,54.9,22.05,997.08,1004.04,41.7,12.01,21.08,normal,normal,bajo,
2026-10-04T07:36:00Z,149760,2497,21.45,54.9,22.04,997.01,1003.97,40.8,12.02,21.09,normal,normal,bajo,
2026-10-04T07:37:00Z,149820,2498,21.45,54.9,22.03,997.00,1003.96,40.8,12.01,21.08,normal,normal,bajo,
2026-10-04T07:38:00Z,149880,2499,21.44,55.0,22.02,996.96,1003.91,40.8,12.02,21.08,normal,normal,bajo,
2026-10-04T07:39:00Z,149940,2500,21.43,54.9,22.01,997.02,1003.98,40.8,12.00,21.06,normal,normal,bajo,
2026-10-04T07:40:00Z,150000,2501,21.41,55.1,22.01,997.00,1003.95,40.0,12.01,21.04,normal,normal,bajo,
2026-10-04T07:41:00Z,150060,2502,21.40,55.1,22.00,997.01,1003.97,39.2,12.01,21.04,normal,normal,bajo,
2026-10-04T07:42:00Z,150120,2503,21.39,55.0,21.99,997.05,1004.01,39.2,11.99,21.02,normal,normal,bajo,
2026-10-04T07:43:00Z,150180,2504,21.38,55.1,21.98,997.06,1004.02,39.2,12.01,21.02,normal,normal,bajo,
2026-10-04T07:44:00Z,150240,2505,21.40,55.1,21.98,997.03,1003.99,38.3,12.00,21.03,normal,normal,bajo,
2026-10-04T07:45:00Z,150300,2506,21.39,55.1,21.96,996.97,1003.93,37.5,12.01,21.02,normal,normal,bajo,
2026-10-04T07:46:00Z,150360,2507,21.38,55.1,21.97,996.99,1003.95,38.3,12.00,21.01,normal,normal,bajo,
2026-10-04T07:47:00Z,150420,2508,21.37,55.1,21.97,996.96,1003.92,37.5,11.99,21.00,normal,normal,bajo,
2026-10-04T07:48:00Z,150480,2509,21.38,55.1,21.95,996.96,1003.92,37.5,11.99,21.01,normal,normal,bajo,
2026-10-04T07:49:00Z,150540,2510,21.37,55.2,21.94,997.00,1003.96,36.7,12.02,21.00,normal,normal,bajo,
2026-10-04T07:50:00Z,150600,2511,21.32,55.3,21.93,997.07,1004.03,36.7,12.00,20.96,normal,normal,bajo,
2026-10-04T07:51:00Z,150660,2512,21.34,55.3,21.93,997.01,1003.97,36.7,12.01,20.98,normal,normal,bajo,
2026-10-04T07:52:00Z,150720,2513,21.33,55.3,21.92,997.02,1003.98,35.8,11.99,20.96,normal,normal,bajo,
2026-10-04T07:53:00Z,150780,2514,21.32,55.3,21.92,996.99,1003.96,35.8,12.00,20.96,normal,normal,bajo,
2026-10-04T07:54:00Z,150840,2515,21.31,55.4,21.90,997.05,1004.01,35.0,12.02,20.94,normal,normal,bajo,
2026-10-04T07:55:00Z,150900,2516,21.31,55.4,21.90,997.05,1004.01,35.0,12.01,20.94,normal,normal,bajo,
2026-10-04T07:56:00Z,150960,2517,21.31,55.4,21.90,997.05,1004.01,34.2,12.01,20.94,normal,normal,bajo,
2026-10-04T07:57:00Z,151020,2518,21.28,55.5,21.88,996.96,1003.92,34.2,12.00,20.91,normal,normal,bajo,
2026-10-04T07:58:00Z,151080,2519,21.29,55.4,21.88,997.02,1003.98,34.2,12.00,20.92,normal,normal,bajo,
2026-10-04T07:59:00Z,151140,2520,21.30,55.4,21.86,997.04,1004.00,33.3,12.00,20.93,normal,normal,bajo,
2026-10-04T08:00:00Z,151200,2521,21.29,55.4,21.87,997.03,1003.99,33.3,12.00,20.92,normal,normal,bajo,
2026-10-04T08:01:00Z,151260,2522,21.27,55.5,21.85,997.05,1004.01,32.5,12.01,20.90,normal,normal,bajo,
2026-10-04T08:02:00Z,151320,2523,21.24,55.5,21.84,997.04,1004.00,32.5,11.99,20.88,normal,normal,bajo,
2026-10-04T08:03:00Z,151380,2524,21.24,55.6,21.83,997.05,1004.01,32.5,11.99,20.87,normal,normal,bajo,
2026-10-04T08:04:00Z,151440,2525,21.24,55.6,21.82,997.01,1003.97,32.5,12.01,20.87,normal,normal,bajo,
2026-10-04T08:05:00Z,151500,2526,21.23,55.6,21.81,996.99,1003.95,31.7,12.00,20.86,normal,normal,bajo,
2026-10-04T08:06:00Z,151560,2527,21.22,55.6,21.81,996.94,1003.90,31.7,12.00,20.85,normal,normal,bajo,
2026-10-04T08:07:00Z,151620,2528,21.23,55.6,21.82,997.03,1004.00,30.8,12.01,20.86,normal,normal,bajo,
2026-10-04T08:08:00Z,151680,2529,21.22,55.6,21.81,996.99,1003.95,30.8,11.99,20.85,normal,normal,bajo,
2026-10-04T08:09:00Z,151740,2530,21.20,55.8,21.79,997.01,1003.97,30.8,12.02,20.83,normal,normal,bajo,
2026-10-04T08:10:00Z,151800,2531,21.19,55.7,21.79,996.98,1003.94,30.0,11.99,20.82,normal,normal,bajo,
2026-10-04T08:11:00Z,151860,2532,21.20,55.8,21.78,997.07,1004.04,30.0,12.01,20.83,normal,normal,bajo,
2026-10-04T08:12:00Z,151920,2533,21.18,55.7,21.76,997.00,1003.96,29.2,11.99,20.81,normal,normal,bajo,
2026-10-04T08:13:00Z,151980,2534,21.16,55.8,21.76,997.02,1003.99,29.2,11.99,20.79,normal,normal,bajo,
2026-10-04T08:14:00Z,152040,2535,21.16,55.9,21.76,997.02,1003.98,28.3,12.00,20.79,normal,normal,bajo,
2026-10-04T08:15:00Z,152100,2536,21.16,55.8,21.75,997.03,1003.99,28.3,11.99,20.79,normal,normal,bajo,
2026-10-04T08:16:00Z,152160,2537,21.16,55.8,21.74,996.96,1003.92,28.3,11.99,20.79,normal,normal,bajo,
2026-10-04T08:17:00Z,152220,2538,21.13,56.0,21.73,997.02,1003.99,27.5,12.01,20.76,normal,normal,bajo,
2026-10-04T08:18:00Z,152280,2539,21.14,55.9,21.73,996.97,1003.94,27.5,12.00,20.77,normal,normal,bajo,
2026-10-04T08:19:00Z,152340,2540,21.11,56.1,21.72,996.95,1003.92,27.5,12.01,20.74,normal,normal,bajo,
2026-10-04T08:20:00Z,152400,2541,21.12,56.0,21.71,996.99,1003.96,26.7,12.01,20.75,normal,normal,bajo,
2026-10-04T08:21:00Z,152460,2542,21.12,56.0,21.70,996.98,1003.94,26.7,12.00,20.75,normal,normal,bajo,
2026-10-04T08:22:00Z,152520,2543,21.09,56.1,21.69,996.99,1003.96,25.8,12.01,20.72,normal,normal,bajo,
2026-10-04T08:23:00Z,152580,2544,21.08,56.1,21.68,997.00,1003.97,25.0,12.00,20.71,normal,normal,bajo,
2026-10-04T08:24:00Z,152640,2545,21.09,56.2,21.68,996.98,1003.94,25.0,12.02,20.72,normal,normal,bajo,
2026-10-04T08:25:00Z,152700,2546,21.08,56.2,21.66,997.05,1004.02,25.0,12.00,20.70,normal,normal,bajo,
2026-10-04T08:26:00Z,152760,2547,21.06,56.2,21.66,997.00,1003.97,24.2,12.00,20.69,normal,normal,bajo,
2026-10-04T08:27:00Z,152820,2548,21.07,56.2,21.65,996.98,1003.95,24.2,12.02,20.70,normal,normal,bajo,
2026-10-04T08:28:00Z,152880,2549,21.05,56.3,21.64,996.94,1003.91,24.2,12.01,20.68,normal,normal,bajo,
2026-10-04T08:29:00Z,152940,2550,21.05,56.2,21.64,997.00,1003.96,23.3,12.00,20.67,normal,normal,bajo,
2026-10-04T08:30:00Z,153000,2551,21.03,56.4,21.62,996.99,1003.96,23.3,12.01,20.65,normal,normal,bajo,
2026-10-04T08:31:00Z,153060,2552,21.02,56.3,21.61,997.01,1003.97,23.3,12.00,20.65,normal,normal,bajo,
2026-10-04T08:32:00Z,153120,2553,21.01,56.4,21.61,997.01,1003.97,22.5,12.01,20.64,normal,normal,bajo,
2026-10-04T08:33:00Z,153180,2554,21.01,56.4,21.59,997.03,1004.00,21.7,12.02,20.64,normal,normal,bajo,
2026-10-04T08:34:00Z,153240,2555,21.00,56.5,21.59,996.95,1003.92,21.7,12.03,20.63,normal,normal,bajo,
2026-10-04T08:35:00Z,153300,2556,20.98,56.5,21.58,997.01,1003.98,20.8,12.01,20.61,normal,normal,bajo,
2026-10-04T08:36:00Z,153360,2557,20.97,56.5,21.57,997.03,1004.00,20.8,12.01,20.60,normal,normal,bajo,
2026-10-04T08:37:00Z,153420,2558,20.95,56.6,21.57,997.00,1003.97,20.8,12.01,20.58,normal,normal,bajo,
2026-10-04T08:38:00Z,153480,2559,20.95,56.7,21.54,997.06,1004.03,20.8,12.02,20.58,normal,normal,bajo,
2026-10-04T08:39:00Z,153540,2560,20.95,56.6,21.54,996.98,1003.95,20.0,12.01,20.58,normal,normal,bajo,
2026-10-04T08:40:00Z,153600,2561,20.92,56.8,21.54,997.06,1004.03,19.2,12.02,20.55,normal,normal,bajo,
2026-10-04T08:41:00Z,153660,2562,20.92,56.8,21.53,997.02,1003.99,19.2,12.02,20.55,normal,normal,bajo,
2026-10-04T08:42:00Z,153720,2563,20.94,56.7,21.50,997.03,1004.00,19.2,12.02,20.57,normal,normal,bajo,
2026-10-04T08:43:00Z,153780,2564,20.93,56.7,21.50,996.97,1003.94,18.3,12.02,20.56,normal,normal,bajo,
2026-10-04T08:44:00Z,153840,2565,20.90,56.8,21.50,997.03,1004.00,18.3,12.01,20.53,normal,normal,bajo,
2026-10-04T08:45:00Z,153900,2566,20.88,56.9,21.48,997.03,1004.00,17.5,12.02,20.51,normal,normal,bajo,
2026-10-04T08:46:00Z,153960,2567,20.89,56.8,21.47,997.01,1003.98,17.5,12.02,20.52,normal,normal,bajo,
2026-10-04T08:47:00Z,154020,2568,20.87,56.9,21.47,996.96,1003.93,17.5,12.02,20.50,normal,normal,bajo,
2026-10-04T08:48:00Z,154080,2569,20.86,57.0,21.46,996.99,1003.97,16.7,12.02,20.49,normal,normal,bajo,
2026-10-04T08:49:00Z,154140,2570,20.85,57.0,21.46,996.97,1003.94,16.7,12.03,20.48,normal,normal,bajo,
2026-10-04T08:50:00Z,154200,2571,20.85,57.0,21.45,997.01,1003.98,16.7,12.02,20.48,normal,normal,bajo,
2026-10-04T08:51:00Z,154260,2572,20.84,57.1,21.43,997.06,1004.03,15.8,12.02,20.47,normal,normal,bajo,
2026-10-04T08:52:00Z,154320,2573,20.86,57.0,21.42,996.96,1003.93,15.8,12.03,20.49,normal,normal,bajo,
2026-10-04T08:53:00Z,154380,2574,20.82,57.1,21.42,996.99,1003.96,15.0,12.02,20.45,normal,normal,bajo,
2026-10-04T08:54:00Z,154440,2575,20.80,57.2,21.41,997.00,1003.97,15.0,12.03,20.43,normal,normal,bajo,
2026-10-04T08:55:00Z,154500,2576,20.80,57.3,21.40,997.07,1004.04,14.2,12.04,20.43,normal,normal,bajo,
2026-10-04T08:56:00Z,154560,2577,20.79,57.2,21.39,997.05,1004.03,14.2,12.02,20.42,normal,normal,bajo,
2026-10-04T08:57:00Z,154620,2578,20.78,57.3,21.38,997.01,1003.98,14.2,12.03,20.41,normal,normal,bajo,
2026-10-04T08:58:00Z,154680,2579,20.78,57.3,21.37,997.05,1004.02,13.3,12.04,20.41,normal,normal,bajo,
2026-10-04T08:59:00Z,154740,2580,20.75,57.4,21.36,997.01,1003.98,13.3,12.03,20.38,normal,normal,bajo,
2026-10-04T09:00:00Z,154800,2581,20.77,57.4,21.35,997.02,1003.99,12.5,12.05,20.40,normal,normal,bajo,
2026-10-04T09:01:00Z,154860,2582,20.74,57.5,21.35,996.96,1003.94,12.5,12.04,20.37,normal,normal,bajo,
2026-10-04T09:02:00Z,154920,2583,20.74,57.5,21.33,997.01,1003.99,11.7,12.04,20.37,normal,normal,bajo,
2026-10-04T09:03:00Z,154980,2584,20.74,57.5,21.33,996.99,1003.96,11.7,12.05,20.37,normal,normal,bajo,
2026-10-04T09:04:00Z,155040,2585,20.73,57.6,21.31,997.01,1003.99,10.8,12.06,20.36,normal,normal,bajo,
2026-10-04T09:05:00Z,155100,2586,20.71,57.7,21.30,997.02,1004.00,10.8,12.06,20.34,normal,normal,bajo,
2026-10-04T09:06:00Z,155160,2587,20.69,57.6,21.28,996.99,1003.97,10.8,12.03,20.32,normal,normal,bajo,
2026-10-04T09:07:00Z,155220,2588,20.69,57.7,21.29,997.01,1003.98,10.0,12.04,20.31,normal,normal,bajo,
2026-10-04T09:08:00Z,155280,2589,20.68,57.7,21.27,997.00,1003.98,10.0,12.04,20.31,normal,normal,bajo,
2026-10-04T09:09:00Z,155340,2590,20.67,57.7,21.27,997.06,1004.04,9.2,12.04,20.30,normal,normal,bajo,OSCURO
2026-10-04T09:10:00Z,155400,2591,20.67,57.8,21.26,997.02,1003.99,9.2,12.05,20.30,normal,normal,bajo,OSCURO
2026-10-04T09:11:00Z,155460,2592,20.65,57.9,21.26,997.02,1003.99,9.2,12.06,20.28,normal,normal,bajo,OSCURO
2026-10-04T09:12:00Z,155520,2593,20.66,57.8,21.23,996.94,1003.92,8.3,12.04,20.29,normal,normal,bajo,OSCURO
2026-10-04T09:13:00Z,155580,2594,20.65,57.8,21.22,997.04,1004.02,8.3,12.04,20.28,normal,normal,bajo,OSCURO
2026-10-04T09:14:00Z,155640,2595,20.62,57.9,21.22,996.98,1003.96,7.5,12.05,20.25,normal,normal,bajo,OSCURO
2026-10-04T09:15:00Z,155700,2596,20.61,58.0,21.21,997.00,1003.97,7.5,12.05,20.24,normal,normal,bajo,OSCURO
2026-10-04T09:16:00Z,155760,2597,20.61,58.0,21.20,997.01,1003.99,6.7,12.05,20.24,normal,normal,bajo,OSCURO
2026-10-04T09:17:00Z,155820,2598,20.59,58.1,21.20,997.01,1003.99,6.7,12.06,20.22,normal,normal,bajo,OSCURO
2026-10-04T09:18:00Z,155880,2599,20.58,58.1,21.17,997.02,1003.99,6.7,12.06,20.21,normal,normal,bajo,OSCURO
2026-10-04T09:19:00Z,155940,2600,20.57,58.2,21.17,997.02,1004.00,5.8,12.07,20.20,normal,normal,bajo,OSCURO
2026-10-04T09:20:00Z,156000,2601,20.57,58.1,21.16,997.00,1003.98,5.8,12.06,20.21,normal,normal,bajo,OSCURO
2026-10-04T09:21:00Z,156060,2602,20.54,58.2,21.15,997.01,1003.99,5.0,12.06,20.17,normal,normal,bajo,OSCURO
2026-10-04T09:22:00Z,156120,2603,20.54,58.3,21.14,997.05,1004.03,5.0,12.06,20.17,normal,normal,bajo,OSCURO
2026-10-04T09:23:00Z,156180,2604,20.53,58.3,21.12,996.97,1003.95,4.2,12.06,20.16,normal,normal,bajo,OSCURO
2026-10-04T09:24:00Z,156240,2605,20.52,58.4,21.12,997.02,1004.00,4.2,12.07,20.15,normal,normal,bajo,OSCURO
2026-10-04T09:25:00Z,156300,2606,20.50,58.5,21.11,997.09,1004.07,4.2,12.08,20.14,normal,normal,bajo,OSCURO
2026-10-04T09:26:00Z,156360,2607,20.48,58.5,21.09,997.02,1004.00,3.3,12.07,20.12,normal,normal,bajo,OSCURO
2026-10-04T09:27:00Z,156420,2608,20.50,58.5,21.09,997.03,1004.01,3.3,12.07,20.13,normal,normal,bajo,OSCURO
2026-10-04T09:28:00Z,156480,2609,20.48,58.6,21.08,997.02,1004.00,2.5,12.08,20.11,normal,normal,bajo,OSCURO
2026-10-04T09:29:00Z,156540,2610,20.47,58.5,21.07,996.97,1003.95,2.5,12.07,20.10,normal,normal,bajo,OSCURO
2026-10-04T09:30:00Z,156600,2611,20.46,58.6,21.04,997.02,1004.01,1.7,12.08,20.10,normal,normal,bajo,OSCURO
2026-10-04T09:31:00Z,156660,2612,20.45,58.6,21.04,997.02,1004.01,1.7,12.08,20.09,normal,normal,bajo,OSCURO
2026-10-04T09:32:00Z,156720,2613,20.44,58.6,21.03,997.04,1004.02,1.7,12.07,20.07,normal,normal,bajo,OSCURO
2026-10-04T09:33:00Z,156780,2614,20.43,58.8,21.02,996.97,1003.95,1.7,12.09,20.06,normal,normal,bajo,OSCURO
2026-10-04T09:34:00Z,156840,2615,20.42,58.7,21.01,997.00,1003.99,1.7,12.07,20.05,normal,normal,bajo,OSCURO
2026-10-04T09:35:00Z,156900,2616,20.40,58.8,21.00,997.04,1004.03,1.7,12.07,20.03,normal,normal,bajo,OSCURO
2026-10-04T09:36:00Z,156960,2617,20.42,58.8,20.99,997.03,1004.01,1.7,12.09,20.05,normal,normal,bajo,OSCURO
2026-10-04T09:37:00Z,157020,2618,20.38,59.0,20.97,996.97,1003.95,1.7,12.09,20.02,normal,normal,bajo,OSCURO
2026-10-04T09:38:00Z,157080,2619,20.38,59.0,20.97,997.03,1004.01,1.7,12.09,20.01,normal,normal,bajo,OSCURO
2026-10-04T09:39:00Z,157140,2620,20.36,59.0,20.96,997.07,1004.05,1.7,12.08,19.99,normal,normal,bajo,OSCURO
2026-10-04T09:40:00Z,157200,2621,20.36,59.1,20.94,997.06,1004.05,1.7,12.10,19.99,normal,normal,bajo,OSCURO
2026-10-04T09:41:00Z,157260,2622,20.36,59.0,20.94,996.98,1003.96,1.7,12.09,19.99,normal,normal,bajo,OSCURO
2026-10-04T09:42:00Z,157320,2623,20.34,59.0,20.92,996.95,1003.93,1.7,12.07,19.98,normal,normal,bajo,OSCURO
2026-10-04T09:43:00Z,157380,2624,20.34,59.1,20.92,996.98,1003.96,1.7,12.08,19.97,normal,normal,bajo,OSCURO
2026-10-04T09:44:00Z,157440,2625,20.32,59.2,20.91,997.02,1004.00,1.7,12.10,19.96,normal,normal,bajo,OSCURO
2026-10-04T09:45:00Z,157500,2626,20.31,59.3,20.90,997.03,1004.01,1.7,12.11,19.94,normal,normal,bajo,OSCURO
2026-10-04T09:46:00Z,157560,2627,20.30,59.3,20.89,997.04,1004.03,1.7,12.10,19.93,normal,normal,bajo,OSCURO
2026-10-04T09:47:00Z,157620,2628,20.30,59.3,20.87,996.95,1003.94,1.7,12.11,19.94,normal,normal,bajo,OSCURO
2026-10-04T09:48:00Z,157680,2629,20.29,59.4,20.87,997.01,1004.00,1.7,12.11,19.93,normal,normal,bajo,OSCURO
2026-10-04T09:49:00Z,157740,2630,20.26,59.5,20.85,997.01,1003.99,1.7,12.11,19.89,normal,normal,bajo,OSCURO
2026-10-04T09:50:00Z,157800,2631,20.26,59.5,20.84,997.07,1004.06,1.7,12.11,19.90,normal,normal,bajo,OSCURO
2026-10-04T09:51:00Z,157860,2632,20.24,59.6,20.84,996.99,1003.98,1.7,12.12,19.87,normal,normal,bajo,OSCURO
2026-10-04T09:52:00Z,157920,2633,20.22,59.7,20.82,996.96,1003.95,1.7,12.13,19.85,normal,normal,bajo,OSCURO
2026-10-04T09:53:00Z,157980,2634,20.22,59.6,20.81,997.03,1004.01,1.7,12.12,19.86,normal,normal,bajo,OSCURO
2026-10-04T09:54:00Z,158040,2635,20.21,59.6,20.80,997.07,1004.05,1.7,12.10,19.84,normal,normal,bajo,OSCURO
2026-10-04T09:55:00Z,158100,2636,20.21,59.7,20.79,997.08,1004.07,1.7,12.12,19.84,normal,normal,bajo,OSCURO
2026-10-04T09:56:00Z,158160,2637,20.21,59.7,20.78,997.01,1004.00,1.7,12.13,19.85,normal,normal,bajo,OSCURO
2026-10-04T09:57:00Z,158220,2638,20.18,59.8,20.78,997.04,1004.02,1.7,12.12,19.82,normal,normal,bajo,OSCURO
2026-10-04T09:58:00Z,158280,2639,20.17,59.8,20.76,997.09,1004.08,1.7,12.11,19.80,normal,normal,bajo,OSCURO
2026-10-04T09:59:00Z,158340,2640,20.15,60.0,20.75,996.99,1003.98,1.7,12.13,19.79,normal,normal,bajo,OSCURO
2026-10-04T10:00:00Z,158400,2641,20.14,60.0,20.75,996.96,1003.95,1.7,12.13,19.78,normal,normal,bajo,OSCURO
2026-10-04T10:01:00Z,158460,2642,20.15,60.0,20.73,996.99,1003.98,1.7,12.13,19.78,normal,normal,bajo,OSCURO
2026-10-04T10:02:00Z,158520,2643,20.14,60.0,20.72,996.97,1003.96,1.7,12.13,19.78,normal,normal,bajo,OSCURO
2026-10-04T10:03:00Z,158580,2644,20.13,60.1,20.71,997.01,1004.00,1.7,12.14,19.76,normal,normal,bajo,OSCURO
2026-10-04T10:04:00Z,158640,2645,20.11,60.2,20.70,997.02,1004.01,1.7,12.14,19.75,normal,normal,bajo,OSCURO
2026-10-04T10:05:00Z,158700,2646,20.11,60.2,20.69,996.98,1003.97,1.7,12.15,19.75,normal,normal,bajo,OSCURO
2026-10-04T10:06:00Z,158760,2647,20.10,60.2,20.68,996.99,1003.98,1.7,12.15,19.73,normal,normal,bajo,OSCURO
2026-10-04T10:07:00Z,158820,2648,20.05,60.4,20.68,997.05,1004.04,1.7,12.15,19.69,normal,normal,bajo,OSCURO
2026-10-04T10:08:00Z,158880,2649,20.07,60.3,20.65,997.03,1004.02,1.7,12.15,19.71,normal,normal,bajo,OSCURO
2026-10-04T10:09:00Z,158940,2650,20.06,60.5,20.64,996.99,1003.98,1.7,12.17,19.70,normal,normal,bajo,OSCURO
2026-10-04T10:10:00Z,159000,2651,20.04,60.5,20.63,997.00,1003.99,1.7,12.16,19.68,normal,normal,bajo,OSCURO
2026-10-04T10:11:00Z,159060,2652,20.03,60.5,20.62,996.95,1003.95,1.7,12.15,19.67,normal,normal,bajo,OSCURO
2026-10-04T10:12:00Z,159120,2653,20.03,60.5,20.61,996.99,1003.99,1.7,12.17,19.67,normal,normal,bajo,OSCURO
2026-10-04T10:13:00Z,159180,2654,20.02,60.5,20.60,997.03,1004.03,1.7,12.15,19.66,normal,normal,bajo,OSCURO
2026-10-04T10:14:00Z,159240,2655,19.99,60.7,20.59,996.96,1003.96,1.7,12.18,19.63,normal,normal,bajo,OSCURO
2026-10-04T10:15:00Z,159300,2656,19.97,60.8,20.58,997.00,1004.00,1.7,12.18,19.61,normal,normal,bajo,OSCURO
2026-10-04T10:16:00Z,159360,2657,19.98,60.7,20.58,996.97,1003.97,1.7,12.17,19.62,normal,normal,bajo,OSCURO
2026-10-04T10:17:00Z,159420,2658,19.96,60.8,20.56,997.05,1004.05,1.7,12.17,19.60,normal,normal,bajo,OSCURO
2026-10-04T10:18:00Z,159480,2659,19.97,60.8,20.55,997.01,1004.00,1.7,12.18,19.61,normal,normal,bajo,OSCURO
2026-10-04T10:19:00Z,159540,2660,19.95,60.9,20.54,997.00,1003.99,1.7,12.17,19.59,normal,normal,bajo,OSCURO
2026-10-04T10:20:00Z,159600,2661,19.95,60.9,20.53,997.01,1004.00,1.7,12.17,19.59,normal,normal,bajo,OSCURO
2026-10-04T10:21:00Z,159660,2662,19.92,61.0,20.51,997.00,1004.00,1.7,12.18,19.56,normal,normal,bajo,OSCURO
2026-10-04T10:22:00Z,159720,2663,19.91,61.1,20.50,997.02,1004.01,1.7,12.18,19.55,normal,normal,bajo,OSCURO
2026-10-04T10:23:00Z,159780,2664,19.90,61.1,20.50,997.02,1004.01,1.7,12.19,19.54,normal,normal,bajo,OSCURO
2026-10-04T10:24:00Z,159840,2665,19.91,61.1,20.48,997.10,1004.09,1.7,12.18,19.55,normal,normal,bajo,OSCURO
2026-10-04T10:25:00Z,159900,2666,19.89,61.2,20.47,997.03,1004.02,1.7,12.20,19.54,normal,normal,bajo,OSCURO
2026-10-04T10:26:00Z,159960,2667,19.89,61.2,20.46,997.04,1004.03,1.7,12.20,19.53,normal,normal,bajo,OSCURO
2026-10-04T10:27:00Z,160020,2668,19.87,61.3,20.45,997.08,1004.07,1.7,12.20,19.51,normal,normal,bajo,OSCURO
2026-10-04T10:28:00Z,160080,2669,19.86,61.3,20.45,997.02,1004.02,1.7,12.20,19.50,normal,normal,bajo,OSCURO
2026-10-04T10:29:00Z,160140,2670,19.84,61.4,20.42,997.03,1004.03,1.7,12.21,19.48,normal,normal,bajo,OSCURO
2026-10-04T10:30:00Z,160200,2671,19.83,61.4,20.42,997.03,1004.03,1.7,12.20,19.48,normal,normal,bajo,OSCURO
2026-10-04T10:31:00Z,160260,2672,19.82,61.5,20.40,997.00,1004.00,1.7,12.21,19.46,normal,normal,bajo,OSCURO
2026-10-04T10:32:00Z,160320,2673,19.81,61.6,20.40,997.03,1004.02,1.7,12.21,19.45,normal,normal,bajo,OSCURO
2026-10-04T10:33:00Z,160380,2674,19.81,61.6,20.38,997.02,1004.02,1.7,12.21,19.46,normal,normal,bajo,OSCURO
2026-10-04T10:34:00Z,160440,2675,19.79,61.7,20.38,996.97,1003.97,1.7,12.23,19.44,normal,normal,bajo,OSCURO
2026-10-04T10:35:00Z,160500,2676,19.77,61.8,20.37,997.04,1004.03,1.7,12.22,19.42,normal,normal,bajo,OSCURO
2026-10-04T10:36:00Z,160560,2677,19.76,61.8,20.37,996.97,1003.97,1.7,12.22,19.41,normal,normal,bajo,OSCURO
2026-10-04T10:37:00Z,160620,2678,19.76,61.8,20.35,997.05,1004.05,1.7,12.23,19.41,normal,normal,bajo,OSCURO
2026-10-04T10:38:00Z,160680,2679,19.74,62.0,20.34,997.01,1004.01,1.7,12.24,19.39,normal,normal,bajo,OSCURO
2026-10-04T10:39:00Z,160740,2680,19.74,61.9,20.33,996.99,1003.99,1.7,12.23,19.38,normal,normal,bajo,OSCURO
2026-10-04T10:40:00Z,160800,2681,19.71,62.0,20.31,996.99,1003.99,1.7,12.23,19.35,normal,alto,bajo,OSCURO
2026-10-04T10:41:00Z,160860,2682,19.70,62.1,20.30,997.03,1004.03,1.7,12.25,19.35,normal,alto,bajo,OSCURO
2026-10-04T10:42:00Z,160920,2683,19.71,62.0,20.30,997.00,1004.00,1.7,12.23,19.35,normal,alto,bajo,OSCURO
2026-10-04T10:43:00Z,160980,2684,19.70,62.1,20.28,997.05,1004.05,1.7,12.24,19.34,normal,alto,bajo,OSCURO
2026-10-04T10:44:00Z,161040,2685,19.67,62.2,20.28,997.03,1004.03,1.7,12.24,19.32,normal,alto,bajo,OSCURO
2026-10-04T10:45:00Z,161100,2686,19.68,62.2,20.26,997.02,1004.02,1.7,12.24,19.33,normal,alto,bajo,OSCURO
2026-10-04T10:46:00Z,161160,2687,19.66,62.3,20.25,997.04,1004.04,1.7,12.24,19.31,normal,alto,bajo,OSCURO
2026-10-04T10:47:00Z,161220,2688,19.67,62.3,20.24,996.99,1003.99,1.7,12.26,19.31,normal,alto,bajo,OSCURO
2026-10-04T10:48:00Z,161280,2689,19.66,62.3,20.23,997.03,1004.03,1.7,12.25,19.30,normal,alto,bajo,OSCURO
2026-10-04T10:49:00Z,161340,2690,19.63,62.5,20.23,997.00,1004.01,1.7,12.26,19.28,normal,alto,bajo,OSCURO
2026-10-04T10:50:00Z,161400,2691,19.61,62.6,20.22,997.02,1004.02,1.7,12.26,19.26,normal,alto,bajo,OSCURO
2026-10-04T10:51:00Z,161460,2692,19.59,62.7,20.20,997.07,1004.07,1.7,12.27,19.24,normal,alto,bajo,OSCURO
2026-10-04T10:52:00Z,161520,2693,19.58,62.7,20.19,997.03,1004.03,1.7,12.27,19.23,normal,alto,bajo,OSCURO
2026-10-04T10:53:00Z,161580,2694,19.58,62.7,20.17,996.99,1004.00,1.7,12.26,19.23,normal,alto,bajo,OSCURO
2026-10-04T10:54:00Z,161640,2695,19.56,62.8,20.16,997.06,1004.07,1.7,12.27,19.21,normal,alto,bajo,OSCURO
2026-10-04T10:55:00Z,161700,2696,19.55,62.8,20.16,997.03,1004.04,1.7,12.28,19.20,normal,alto,bajo,OSCURO
2026-10-04T10:56:00Z,161760,2697,19.54,62.9,20.13,997.02,1004.02,1.7,12.29,19.19,normal,alto,bajo,OSCURO
2026-10-04T10:57:00Z,161820,2698,19.54,63.0,20.14,996.98,1003.98,1.7,12.31,19.19,normal,alto,bajo,OSCURO
2026-10-04T10:58:00Z,161880,2699,19.54,62.9,20.12,996.97,1003.98,1.7,12.29,19.19,normal,alto,bajo,OSCURO
2026-10-04T10:59:00Z,161940,2700,19.50,63.0,20.11,997.04,1004.04,1.7,12.27,19.15,normal,alto,bajo,OSCURO
2026-10-04T11:00:00Z,162000,2701,19.52,63.0,20.10,997.02,1004.03,1.7,12.29,19.18,normal,alto,bajo,OSCURO
2026-10-04T11:01:00Z,162060,2702,19.50,63.1,20.10,997.00,1004.00,1.7,12.29,19.15,normal,alto,bajo,OSCURO
2026-10-04T11:02:00Z,162120,2703,19.50,63.2,20.09,996.95,1003.96,1.7,12.30,19.15,normal,alto,bajo,OSCURO
2026-10-04T11:03:00Z,162180,2704,19.50,63.2,20.08,997.05,1004.05,1.7,12.31,19.15,normal,alto,bajo,OSCURO
2026-10-04T11:04:00Z,162240,2705,19.46,63.3,20.06,997.04,1004.05,1.7,12.31,19.11,normal,alto,bajo,OSCURO
2026-10-04T11:05:00Z,162300,2706,19.44,63.4,20.05,997.03,1004.04,1.7,12.31,19.10,normal,alto,bajo,OSCURO
2026-10-04T11:06:00Z,162360,2707,19.44,63.4,20.04,996.99,1003.99,1.7,12.31,19.10,normal,alto,bajo,OSCURO
2026-10-04T11:07:00Z,162420,2708,19.43,63.4,20.02,997.04,1004.04,1.7,12.31,19.08,normal,alto,bajo,OSCURO
2026-10-04T11:08:00Z,162480,2709,19.43,63.5,20.02,997.01,1004.02,1.7,12.32,19.09,normal,alto,bajo,OSCURO
2026-10-04T11:09:00Z,162540,2710,19.42,63.5,20.01,997.02,1004.03,1.7,12.32,19.08,normal,alto,bajo,OSCURO
2026-10-04T11:10:00Z,162600,2711,19.39,63.7,19.99,997.02,1004.03,1.7,12.32,19.04,normal,alto,bajo,OSCURO
2026-10-04T11:11:00Z,162660,2712,19.38,63.7,19.98,997.09,1004.09,1.7,12.33,19.04,normal,alto,bajo,OSCURO
2026-10-04T11:12:00Z,162720,2713,19.37,63.8,19.97,997.04,1004.05,1.7,12.33,19.02,normal,alto,bajo,OSCURO
2026-10-04T11:13:00Z,162780,2714,19.36,63.8,19.96,997.08,1004.09,1.7,12.33,19.01,normal,alto,bajo,OSCURO
2026-10-04T11:14:00Z,162840,2715,19.35,63.8,19.95,997.01,1004.02,1.7,12.33,19.01,normal,alto,bajo,OSCURO
2026-10-04T11:15:00Z,162900,2716,19.36,63.9,19.93,996.98,1003.99,1.7,12.35,19.02,normal,alto,bajo,OSCURO
2026-10-04T11:16:00Z,162960,2717,19.31,64.0,19.93,997.04,1004.05,1.7,12.34,18.97,normal,alto,bajo,OSCURO
2026-10-04T11:17:00Z,163020,2718,19.31,64.1,19.91,996.98,1003.99,1.7,12.35,18.97,normal,alto,bajo,OSCURO
2026-10-04T11:18:00Z,163080,2719,19.32,64.0,19.90,996.99,1004.00,1.7,12.35,18.98,normal,alto,bajo,OSCURO
2026-10-04T11:19:00Z,163140,2720,19.29,64.2,19.90,997.02,1004.03,1.7,12.35,18.95,normal,alto,bajo,OSCURO
2026-10-04T11:20:00Z,163200,2721,19.29,64.2,19.88,996.96,1003.97,1.7,12.36,18.95,normal,alto,bajo,OSCURO
2026-10-04T11:21:00Z,163260,2722,19.29,64.2,19.87,996.97,1003.98,1.7,12.37,18.95,normal,alto,bajo,OSCURO
2026-10-04T11:22:00Z,163320,2723,19.27,64.3,19.86,997.01,1004.02,1.7,12.36,18.93,normal,alto,bajo,OSCURO
2026-10-04T11:23:00Z,163380,2724,19.26,64.4,19.85,996.94,1003.95,1.7,12.37,18.93,normal,alto,bajo,OSCURO
2026-10-04T11:24:00Z,163440,2725,19.25,64.4,19.83,997.05,1004.06,1.7,12.37,18.92,normal,alto,bajo,OSCURO
2026-10-04T11:25:00Z,163500,2726,19.25,64.4,19.82,997.00,1004.01,1.7,12.36,18.91,normal,alto,bajo,OSCURO
2026-10-04T11:26:00Z,163560,2727,19.21,64.6,19.81,997.02,1004.03,1.7,12.38,18.87,normal,alto,bajo,OSCURO
2026-10-04T11:27:00Z,163620,2728,19.21,64.6,19.81,997.04,1004.06,1.7,12.38,18.87,normal,alto,bajo,OSCURO
2026-10-04T11:28:00Z,163680,2729,19.18,64.7,19.80,997.03,1004.04,1.7,12.38,18.84,normal,alto,bajo,OSCURO
2026-10-04T11:29:00Z,163740,2730,19.20,64.7,19.79,997.04,1004.05,1.7,12.38,18.86,normal,alto,bajo,OSCURO
2026-10-04T11:30:00Z,163800,2731,19.18,64.7,19.78,997.02,1004.04,1.7,12.38,18.84,normal,alto,bajo,OSCURO
2026-10-04T11:31:00Z,163860,2732,19.17,64.8,19.75,996.98,1003.99,1.7,12.39,18.83,normal,alto,bajo,OSCURO
2026-10-04T11:32:00Z,163920,2733,19.17,64.9,19.75,997.01,1004.02,1.7,12.40,18.84,normal,alto,bajo,OSCURO
2026-10-04T11:33:00Z,163980,2734,19.16,64.9,19.73,996.94,1003.95,1.7,12.39,18.83,normal,alto,bajo,OSCURO
2026-10-04T11:34:00Z,164040,2735,19.15,64.9,19.73,997.07,1004.09,1.7,12.39,18.81,normal,alto,bajo,OSCURO
2026-10-04T11:35:00Z,164100,2736,19.14,65.0,19.71,997.03,1004.04,1.7,12.41,18.81,normal,alto,bajo,OSCURO
2026-10-04T11:36:00Z,164160,2737,19.12,65.1,19.69,997.01,1004.02,1.7,12.41,18.78,normal,alto,bajo,OSCURO
2026-10-04T11:37:00Z,164220,2738,19.12,65.1,19.69,996.98,1004.00,1.7,12.42,18.79,normal,alto,bajo,OSCURO
2026-10-04T11:38:00Z,164280,2739,19.11,65.2,19.68,996.97,1003.98,1.7,12.43,18.78,normal,alto,bajo,OSCURO
2026-10-04T11:39:00Z,164340,2740,19.08,65.3,19.68,996.95,1003.97,1.7,12.42,18.75,normal,alto,bajo,OSCURO
2026-10-04T11:40:00Z,164400,2741,19.06,65.4,19.68,997.04,1004.05,1.7,12.42,18.73,normal,alto,bajo,OSCURO
2026-10-04T11:41:00Z,164460,2742,19.07,65.4,19.65,997.03,1004.05,1.7,12.43,18.74,normal,alto,bajo,OSCURO
2026-10-04T11:42:00Z,164520,2743,19.04,65.5,19.64,996.99,1004.00,1.7,12.43,18.71,normal,alto,bajo,OSCURO
2026-10-04T11:43:00Z,164580,2744,19.03,65.7,19.62,997.07,1004.08,1.7,12.45,18.70,normal,alto,bajo,OSCURO
2026-10-04T11:44:00Z,164640,2745,19.03,65.6,19.61,997.02,1004.04,1.7,12.44,18.71,normal,alto,bajo,OSCURO
2026-10-04T11:45:00Z,164700,2746,19.02,65.7,19.60,997.01,1004.03,1.7,12.44,18.69,normal,alto,bajo,OSCURO
2026-10-04T11:46:00Z,164760,2747,19.02,65.7,19.60,996.98,1004.00,1.7,12.45,18.69,normal,alto,bajo,OSCURO
2026-10-04T11:47:00Z,164820,2748,19.00,65.8,19.58,996.95,1003.97,1.7,12.46,18.68,normal,alto,bajo,OSCURO
2026-10-04T11:48:00Z,164880,2749,19.00,65.8,19.57,996.99,1004.01,1.7,12.46,18.68,normal,alto,bajo,OSCURO
2026-10-04T11:49:00Z,164940,2750,18.98,65.9,19.55,997.01,1004.03,1.7,12.46,18.65,normal,alto,bajo,OSCURO
2026-10-04T11:50:00Z,165000,2751,18.95,66.0,19.55,996.99,1004.00,1.7,12.47,18.63,normal,alto,bajo,OSCURO
2026-10-04T11:51:00Z,165060,2752,18.95,66.1,19.53,997.01,1004.03,1.7,12.47,18.62,normal,alto,bajo,OSCURO
2026-10-04T11:52:00Z,165120,2753,18.93,66.2,19.52,997.02,1004.04,1.7,12.48,18.61,normal,alto,bajo,OSCURO
2026-10-04T11:53:00Z,165180,2754,18.94,66.2,19.51,997.06,1004.08,1.7,12.48,18.61,normal,alto,bajo,OSCURO
2026-10-04T11:54:00Z,165240,2755,18.93,66.2,19.50,996.99,1004.01,1.7,12.49,18.61,normal,alto,bajo,OSCURO
2026-10-04T11:55:00Z,165300,2756,18.89,66.3,19.50,996.97,1003.98,1.7,12.47,18.57,normal,alto,bajo,OSCURO
2026-10-04T11:56:00Z,165360,2757,18.90,66.3,19.49,996.98,1004.00,1.7,12.48,18.58,normal,alto,bajo,OSCURO
2026-10-04T11:57:00Z,165420,2758,18.87,66.4,19.48,997.04,1004.06,1.7,12.49,18.55,normal,alto,bajo,OSCURO
2026-10-04T11:58:00Z,165480,2759,18.89,66.4,19.46,996.99,1004.00,1.7,12.50,18.57,normal,alto,bajo,OSCURO
2026-10-04T11:59:00Z,165540,2760,18.87,66.5,19.46,996.99,1004.00,1.7,12.49,18.55,normal,alto,bajo,OSCURO
2026-10-04T12:00:00Z,165600,2761,18.84,66.7,19.44,997.04,1004.06,1.7,12.51,18.52,normal,alto,bajo,OSCURO
2026-10-04T12:01:00Z,165660,2762,18.85,66.6,19.43,996.99,1004.01,1.7,12.50,18.53,normal,alto,bajo,OSCURO
2026-10-04T12:02:00Z,165720,2763,18.84,66.7,19.43,996.97,1003.99,1.7,12.52,18.52,normal,alto,bajo,OSCURO
2026-10-04T12:03:00Z,165780,2764,18.82,66.8,19.41,997.07,1004.09,1.7,12.51,18.50,normal,alto,bajo,OSCURO
2026-10-04T12:04:00Z,165840,2765,18.81,66.8,19.41,997.07,1004.09,1.7,12.51,18.50,normal,alto,bajo,OSCURO
2026-10-04T12:05:00Z,165900,2766,18.79,66.9,19.40,997.03,1004.05,1.7,12.51,18.47,normal,alto,bajo,OSCURO
2026-10-04T12:06:00Z,165960,2767,18.79,67.0,19.39,997.04,1004.06,1.7,12.53,18.47,normal,alto,bajo,OSCURO
2026-10-04T12:07:00Z,166020,2768,18.81,66.9,19.37,996.98,1004.00,1.7,12.53,18.49,normal,alto,bajo,OSCURO
2026-10-04T12:08:00Z,166080,2769,18.78,67.0,19.36,996.97,1003.99,1.7,12.53,18.46,normal,alto,bajo,OSCURO
2026-10-04T12:09:00Z,166140,2770,18.77,67.1,19.35,997.06,1004.08,1.7,12.53,18.46,normal,alto,bajo,OSCURO
2026-10-04T12:10:00Z,166200,2771,18.77,67.1,19.34,996.96,1003.99,1.7,12.54,18.45,normal,alto,bajo,OSCURO
2026-10-04T12:11:00Z,166260,2772,18.74,67.3,19.33,997.03,1004.05,1.7,12.55,18.43,normal,alto,bajo,OSCURO
2026-10-04T12:12:00Z,166320,2773,18.74,67.3,19.31,996.97,1004.00,1.7,12.56,18.42,normal,alto,bajo,OSCURO
2026-10-04T12:13:00Z,166380,2774,18.71,67.4,19.31,996.97,1004.00,1.7,12.54,18.39,normal,alto,bajo,OSCURO
2026-10-04T12:14:00Z,166440,2775,18.71,67.4,19.30,997.01,1004.04,1.7,12.55,18.39,normal,alto,bajo,OSCURO
2026-10-04T12:15:00Z,166500,2776,18.70,67.5,19.30,996.96,1003.98,1.7,12.56,18.39,normal,alto,bajo,OSCURO
2026-10-04T12:16:00Z,166560,2777,18.69,67.5,19.28,997.06,1004.09,1.7,12.56,18.38,normal,alto,bajo,OSCURO
2026-10-04T12:17:00Z,166620,2778,18.68,67.6,19.26,997.01,1004.03,1.7,12.56,18.37,normal,alto,bajo,OSCURO
2026-10-04T12:18:00Z,166680,2779,18.69,67.6,19.25,997.04,1004.07,1.7,12.58,18.38,normal,alto,bajo,OSCURO
2026-10-04T12:19:00Z,166740,2780,18.66,67.7,19.26,996.95,1003.98,1.7,12.58,18.35,normal,alto,bajo,OSCURO
2026-10-04T12:20:00Z,166800,2781,18.64,67.8,19.24,997.00,1004.03,1.7,12.57,18.33,normal,alto,bajo,OSCURO
2026-10-04T12:21:00Z,166860,2782,18.64,67.8,19.22,996.97,1004.00,1.7,12.57,18.33,normal,alto,bajo,OSCURO
2026-10-04T12:22:00Z,166920,2783,18.64,67.9,19.21,996.98,1004.01,1.7,12.60,18.33,normal,alto,bajo,OSCURO
2026-10-04T12:23:00Z,166980,2784,18.63,67.9,19.21,997.01,1004.04,1.7,12.59,18.32,normal,alto,bajo,OSCURO
2026-10-04T12:24:00Z,167040,2785,18.62,68.0,19.20,997.05,1004.08,1.7,12.60,18.32,normal,alto,bajo,OSCURO
2026-10-04T12:25:00Z,167100,2786,18.61,68.1,19.18,996.99,1004.02,1.7,12.60,18.30,normal,alto,bajo,OSCURO
2026-10-04T12:26:00Z,167160,2787,18.61,68.0,19.18,996.99,1004.02,1.7,12.60,18.30,normal,alto,bajo,OSCURO
2026-10-04T12:27:00Z,167220,2788,18.59,68.1,19.16,996.96,1003.99,1.7,12.59,18.28,normal,alto,bajo,OSCURO
2026-10-04T12:28:00Z,167280,2789,18.57,68.3,19.15,997.03,1004.06,1.7,12.61,18.26,normal,alto,bajo,OSCURO
2026-10-04T12:29:00Z,167340,2790,18.55,68.3,19.15,997.03,1004.06,1.7,12.61,18.24,normal,alto,bajo,OSCURO
2026-10-04T12:30:00Z,167400,2791,18.56,68.4,19.13,996.97,1004.00,1.7,12.62,18.26,normal,alto,bajo,OSCURO
2026-10-04T12:31:00Z,167460,2792,18.54,68.4,19.13,997.05,1004.08,1.7,12.62,18.23,normal,alto,bajo,OSCURO
2026-10-04T12:32:00Z,167520,2793,18.53,68.5,19.11,997.02,1004.05,1.7,12.62,18.22,normal,alto,bajo,OSCURO
2026-10-04T12:33:00Z,167580,2794,18.52,68.6,19.10,997.06,1004.09,1.7,12.63,18.22,normal,alto,bajo,OSCURO
2026-10-04T12:34:00Z,167640,2795,18.49,68.6,19.10,997.06,1004.09,1.7,12.62,18.19,normal,alto,bajo,OSCURO
2026-10-04T12:35:00Z,167700,2796,18.50,68.7,19.09,997.04,1004.07,1.7,12.63,18.20,normal,alto,bajo,OSCURO
2026-10-04T12:36:00Z,167760,2797,18.48,68.8,19.09,997.06,1004.09,1.7,12.64,18.18,normal,alto,bajo,OSCURO
2026-10-04T12:37:00Z,167820,2798,18.48,68.8,19.06,996.97,1004.00,1.7,12.64,18.18,normal,alto,bajo,OSCURO
2026-10-04T12:38:00Z,167880,2799,18.46,68.9,19.06,997.05,1004.08,1.7,12.65,18.16,normal,alto,bajo,OSCURO
2026-10-04T12:39:00Z,167940,2800,18.46,68.9,19.06,996.96,1003.99,1.7,12.65,18.16,normal,alto,bajo,OSCURO
2026-10-04T12:40:00Z,168000,2801,18.44,69.0,19.06,996.99,1004.02,1.7,12.65,18.14,normal,alto,bajo,OSCURO
2026-10-04T12:41:00Z,168060,2802,18.44,69.0,19.04,996.99,1004.02,1.7,12.65,18.14,normal,alto,bajo,OSCURO
2026-10-04T12:42:00Z,168120,2803,18.43,69.2,19.02,997.04,1004.07,1.7,12.67,18.13,normal,alto,bajo,OSCURO
2026-10-04T12:43:00Z,168180,2804,18.40,69.3,19.01,997.00,1004.03,1.7,12.67,18.10,normal,alto,bajo,OSCURO
2026-10-04T12:44:00Z,168240,2805,18.40,69.2,19.00,996.95,1003.98,1.7,12.67,18.11,normal,alto,bajo,OSCURO
2026-10-04T12:45:00Z,168300,2806,18.40,69.3,19.00,997.04,1004.07,1.7,12.68,18.10,normal,alto,bajo,OSCURO
2026-10-04T12:46:00Z,168360,2807,18.39,69.4,18.99,997.05,1004.08,1.7,12.69,18.09,normal,alto,bajo,OSCURO
2026-10-04T12:47:00Z,168420,2808,18.37,69.5,18.98,996.98,1004.01,1.7,12.68,18.08,normal,alto,bajo,OSCURO
2026-10-04T12:48:00Z,168480,2809,18.38,69.4,18.97,996.96,1003.99,1.7,12.68,18.09,normal,alto,bajo,OSCURO
2026-10-04T12:49:00Z,168540,2810,18.37,69.6,18.95,996.96,1003.99,1.7,12.71,18.08,normal,alto,bajo,OSCURO
2026-10-04T12:50:00Z,168600,2811,18.34,69.7,18.94,997.05,1004.08,1.7,12.70,18.05,normal,alto,bajo,OSCURO
2026-10-04T12:51:00Z,168660,2812,18.34,69.6,18.94,997.02,1004.06,1.7,12.70,18.05,normal,alto,bajo,OSCURO
2026-10-04T12:52:00Z,168720,2813,18.32,69.8,18.93,997.01,1004.04,1.7,12.71,18.03,normal,alto,bajo,OSCURO
2026-10-04T12:53:00Z,168780,2814,18.33,69.8,18.91,997.01,1004.04,1.7,12.71,18.04,normal,alto,bajo,OSCURO
2026-10-04T12:54:00Z,168840,2815,18.32,69.8,18.90,996.99,1004.02,1.7,12.72,18.03,normal,alto,bajo,OSCURO
2026-10-04T12:55:00Z,168900,2816,18.32,69.8,18.90,996.96,1004.00,1.7,12.72,18.03,normal,alto,bajo,OSCURO
2026-10-04T12:56:00Z,168960,2817,18.30,70.0,18.88,997.01,1004.05,1.7,12.73,18.01,normal,alto,bajo,OSCURO
2026-10-04T12:57:00Z,169020,2818,18.28,70.1,18.88,997.01,1004.05,1.7,12.74,18.00,normal,alto,bajo,OSCURO
2026-10-04T12:58:00Z,169080,2819,18.29,70.0,18.87,997.00,1004.03,1.7,12.73,18.01,normal,alto,bajo,OSCURO
2026-10-04T12:59:00Z,169140,2820,18.27,70.1,18.86,997.01,1004.04,1.7,12.73,17.98,normal,alto,bajo,OSCURO
